#include "ILI9488/bitmaps/bitmaps.h"

FontDef Font32 = {28, 42, 4, Font32_Table};
const uint8_t Font32_Table[] =
{
		// @-1312 ' ' (28 pixels wide)
		0x00, 0x00, 0x00, 0x00, //
		0x00, 0x00, 0x00, 0x00, //
		0x00, 0x00, 0x00, 0x00, //
		0x00, 0x00, 0x00, 0x00, //
		0x00, 0x00, 0x00, 0x00, //
		0x00, 0x00, 0x00, 0x00, //
		0x00, 0x00, 0x00, 0x00, //
		0x00, 0x00, 0x00, 0x00, //
		0x00, 0x00, 0x00, 0x00, //
		0x00, 0x00, 0x00, 0x00, //
		0x00, 0x00, 0x00, 0x00, //
		0x00, 0x00, 0x00, 0x00, //
		0x00, 0x00, 0x00, 0x00, //
		0x00, 0x00, 0x00, 0x00, //
		0x00, 0x00, 0x00, 0x00, //
		0x00, 0x00, 0x00, 0x00, //
		0x00, 0x00, 0x00, 0x00, //
		0x00, 0x00, 0x00, 0x00, //
		0x00, 0x00, 0x00, 0x00, //
		0x00, 0x00, 0x00, 0x00, //
		0x00, 0x00, 0x00, 0x00, //
		0x00, 0x00, 0x00, 0x00, //
		0x00, 0x00, 0x00, 0x00, //
		0x00, 0x00, 0x00, 0x00, //
		0x00, 0x00, 0x00, 0x00, //
		0x00, 0x00, 0x00, 0x00, //
		0x00, 0x00, 0x00, 0x00, //
		0x00, 0x00, 0x00, 0x00, //
		0x00, 0x00, 0x00, 0x00, //
		0x00, 0x00, 0x00, 0x00, //
		0x00, 0x00, 0x00, 0x00, //
		0x00, 0x00, 0x00, 0x00, //
		0x00, 0x00, 0x00, 0x00, //
		0x00, 0x00, 0x00, 0x00, //
		0x00, 0x00, 0x00, 0x00, //
		0x00, 0x00, 0x00, 0x00, //
		0x00, 0x00, 0x00, 0x00, //
		0x00, 0x00, 0x00, 0x00, //
		0x00, 0x00, 0x00, 0x00, //
		0x00, 0x00, 0x00, 0x00, //
		0x00, 0x00, 0x00, 0x00, //
		0x00, 0x00, 0x00, 0x00, //

		// @-1311 '!' (28 pixels wide)
		0x00, 0x00, 0x00, 0x00, //
		0x00, 0x00, 0x00, 0x00, //
		0x00, 0x00, 0x00, 0x00, //
		0x00, 0x00, 0x00, 0x00, //
		0x00, 0x00, 0x00, 0x00, //
		0x00, 0x00, 0x00, 0x00, //
		0x00, 0x00, 0x00, 0x00, //
		0x00, 0x00, 0x00, 0x00, //
		0x00, 0x00, 0x00, 0x00, //
		0x00, 0x00, 0x00, 0x00, //
		0x00, 0x00, 0x00, 0x00, //
		0x00, 0x00, 0x00, 0x00, //
		0x00, 0x00, 0x00, 0x00, //
		0x00, 0x00, 0x00, 0x00, //
		0x00, 0x00, 0x00, 0x00, //
		0x00, 0x00, 0x00, 0x00, //
		0x00, 0x1F, 0x80, 0x00, //
		0x00, 0x1F, 0x80, 0x00, //
		0x00, 0x1F, 0x80, 0x00, //
		0x00, 0x1F, 0x80, 0x00, //
		0x00, 0x1F, 0x80, 0x00, //
		0x00, 0x1F, 0x80, 0x00, //
		0x00, 0x1F, 0x80, 0x00, //
		0x00, 0x1F, 0x80, 0x00, //
		0x00, 0x1F, 0x80, 0x00, //
		0x00, 0x1F, 0x80, 0x00, //
		0x00, 0x1F, 0x80, 0x00, //
		0x00, 0x1F, 0x80, 0x00, //
		0x00, 0x1F, 0x80, 0x00, //
		0x00, 0x1F, 0x80, 0x00, //
		0x00, 0x0F, 0x00, 0x00, //
		0x00, 0x0F, 0x00, 0x00, //
		0x00, 0x0F, 0x00, 0x00, //
		0x00, 0x00, 0x00, 0x00, //
		0x00, 0x00, 0x00, 0x00, //
		0x00, 0x00, 0x00, 0x00, //
		0x00, 0x1F, 0x80, 0x00, //
		0x00, 0x1F, 0x80, 0x00, //
		0x00, 0x1F, 0x80, 0x00, //
		0x00, 0x1F, 0x80, 0x00, //
		0x00, 0x1F, 0x80, 0x00, //
		0x00, 0x1F, 0x80, 0x00, //

		// @-1310 '"' (28 pixels wide)
		0x00, 0x00, 0x00, 0x00, //
		0x00, 0x00, 0x00, 0x00, //
		0x00, 0x00, 0x00, 0x00, //
		0x00, 0x00, 0x00, 0x00, //
		0x00, 0x00, 0x00, 0x00, //
		0x00, 0x00, 0x00, 0x00, //
		0x00, 0x00, 0x00, 0x00, //
		0x00, 0x00, 0x00, 0x00, //
		0x00, 0x00, 0x00, 0x00, //
		0x00, 0x00, 0x00, 0x00, //
		0x00, 0x00, 0x00, 0x00, //
		0x00, 0x00, 0x00, 0x00, //
		0x00, 0x00, 0x00, 0x00, //
		0x00, 0x00, 0x00, 0x00, //
		0x00, 0x00, 0x00, 0x00, //
		0x00, 0x00, 0x00, 0x00, //
		0x01, 0xE1, 0xE0, 0x00, //
		0x01, 0xE1, 0xE0, 0x00, //
		0x01, 0xE1, 0xE0, 0x00, //
		0x01, 0xE1, 0xE0, 0x00, //
		0x01, 0xE1, 0xE0, 0x00, //
		0x01, 0xE1, 0xE0, 0x00, //
		0x01, 0xE1, 0xE0, 0x00, //
		0x01, 0xE1, 0xE0, 0x00, //
		0x01, 0xE1, 0xE0, 0x00, //
		0x01, 0xE1, 0xE0, 0x00, //
		0x00, 0x00, 0x00, 0x00, //
		0x00, 0x00, 0x00, 0x00, //
		0x00, 0x00, 0x00, 0x00, //
		0x00, 0x00, 0x00, 0x00, //
		0x00, 0x00, 0x00, 0x00, //
		0x00, 0x00, 0x00, 0x00, //
		0x00, 0x00, 0x00, 0x00, //
		0x00, 0x00, 0x00, 0x00, //
		0x00, 0x00, 0x00, 0x00, //
		0x00, 0x00, 0x00, 0x00, //
		0x00, 0x00, 0x00, 0x00, //
		0x00, 0x00, 0x00, 0x00, //
		0x00, 0x00, 0x00, 0x00, //
		0x00, 0x00, 0x00, 0x00, //
		0x00, 0x00, 0x00, 0x00, //
		0x00, 0x00, 0x00, 0x00, //

		// @-1309 '#' (28 pixels wide)
		0x00, 0x00, 0x00, 0x00, //
		0x00, 0x00, 0x00, 0x00, //
		0x00, 0x00, 0x00, 0x00, //
		0x00, 0x00, 0x00, 0x00, //
		0x00, 0x00, 0x00, 0x00, //
		0x00, 0x00, 0x00, 0x00, //
		0x00, 0x00, 0x00, 0x00, //
		0x00, 0x00, 0x00, 0x00, //
		0x00, 0x00, 0x00, 0x00, //
		0x00, 0x00, 0x00, 0x00, //
		0x00, 0x00, 0x00, 0x00, //
		0x00, 0x00, 0x00, 0x00, //
		0x00, 0x00, 0x00, 0x00, //
		0x00, 0x00, 0x00, 0x00, //
		0x00, 0x00, 0x00, 0x00, //
		0x00, 0x00, 0x00, 0x00, //
		0x00, 0x3C, 0x1E, 0x00, //
		0x00, 0x3C, 0x1C, 0x00, //
		0x00, 0x3C, 0x3C, 0x00, //
		0x00, 0x38, 0x3C, 0x00, //
		0x00, 0x78, 0x3C, 0x00, //
		0x00, 0x78, 0x78, 0x00, //
		0x1F, 0xFF, 0xFF, 0xC0, //
		0x1F, 0xFF, 0xFF, 0xC0, //
		0x1F, 0xFF, 0xFF, 0xC0, //
		0x1F, 0xFF, 0xFF, 0xC0, //
		0x00, 0xF0, 0xF0, 0x00, //
		0x00, 0xE0, 0xF0, 0x00, //
		0x01, 0xE0, 0xF0, 0x00, //
		0x01, 0xE0, 0xE0, 0x00, //
		0x01, 0xE1, 0xE0, 0x00, //
		0x7F, 0xFF, 0xFF, 0x00, //
		0x7F, 0xFF, 0xFF, 0x00, //
		0x7F, 0xFF, 0xFF, 0x00, //
		0x7F, 0xFF, 0xFF, 0x00, //
		0x03, 0xC3, 0xC0, 0x00, //
		0x07, 0x83, 0xC0, 0x00, //
		0x07, 0x83, 0xC0, 0x00, //
		0x07, 0x87, 0x80, 0x00, //
		0x07, 0x87, 0x80, 0x00, //
		0x07, 0x07, 0x80, 0x00, //
		0x0F, 0x07, 0x80, 0x00, //

		// @-1308 '$' (28 pixels wide)
		0x00, 0x00, 0x00, 0x00, //
		0x00, 0x00, 0x00, 0x00, //
		0x00, 0x00, 0x00, 0x00, //
		0x00, 0x00, 0x00, 0x00, //
		0x00, 0x00, 0x00, 0x00, //
		0x00, 0x00, 0x00, 0x00, //
		0x00, 0x00, 0x00, 0x00, //
		0x00, 0x00, 0x00, 0x00, //
		0x00, 0x00, 0x00, 0x00, //
		0x00, 0x00, 0x00, 0x00, //
		0x00, 0x00, 0x00, 0x00, //
		0x00, 0x00, 0x00, 0x00, //
		0x00, 0x0E, 0x00, 0x00, //
		0x00, 0x0E, 0x00, 0x00, //
		0x00, 0x0E, 0x00, 0x00, //
		0x00, 0x0E, 0x00, 0x00, //
		0x00, 0x7F, 0xC0, 0x00, //
		0x03, 0xFF, 0xF8, 0x00, //
		0x07, 0xFF, 0xFC, 0x00, //
		0x0F, 0xFF, 0xFC, 0x00, //
		0x1F, 0xCE, 0x3C, 0x00, //
		0x1F, 0x8E, 0x04, 0x00, //
		0x1F, 0x8E, 0x00, 0x00, //
		0x1F, 0x8E, 0x00, 0x00, //
		0x1F, 0xCE, 0x00, 0x00, //
		0x1F, 0xFF, 0x00, 0x00, //
		0x0F, 0xFF, 0xF0, 0x00, //
		0x07, 0xFF, 0xFC, 0x00, //
		0x01, 0xFF, 0xFE, 0x00, //
		0x00, 0x3F, 0xFE, 0x00, //
		0x00, 0x0E, 0xFF, 0x00, //
		0x00, 0x0E, 0x3F, 0x00, //
		0x00, 0x0E, 0x3F, 0x00, //
		0x10, 0x0E, 0x3F, 0x00, //
		0x1E, 0x0E, 0x7F, 0x00, //
		0x1F, 0xFF, 0xFE, 0x00, //
		0x1F, 0xFF, 0xFC, 0x00, //
		0x1F, 0xFF, 0xF8, 0x00, //
		0x03, 0xFF, 0xC0, 0x00, //
		0x00, 0x0E, 0x00, 0x00, //
		0x00, 0x0E, 0x00, 0x00, //
		0x00, 0x0E, 0x00, 0x00, //

		// @-1307 '%' (28 pixels wide)
		0x00, 0x00, 0x00, 0x00, //
		0x00, 0x00, 0x00, 0x00, //
		0x00, 0x00, 0x00, 0x00, //
		0x00, 0x00, 0x00, 0x00, //
		0x00, 0x00, 0x00, 0x00, //
		0x00, 0x00, 0x00, 0x00, //
		0x00, 0x00, 0x00, 0x00, //
		0x00, 0x00, 0x00, 0x00, //
		0x00, 0x00, 0x00, 0x00, //
		0x00, 0x00, 0x00, 0x00, //
		0x00, 0x00, 0x00, 0x00, //
		0x00, 0x00, 0x00, 0x00, //
		0x00, 0x00, 0x00, 0x00, //
		0x00, 0x00, 0x00, 0x00, //
		0x00, 0x00, 0x00, 0x00, //
		0x00, 0x00, 0x00, 0x00, //
		0x7E, 0x00, 0x0F, 0x00, //
		0xFF, 0x80, 0x1E, 0x00, //
		0xFF, 0xC0, 0x1C, 0x00, //
		0xC3, 0xC0, 0x3C, 0x00, //
		0xC3, 0xE0, 0x38, 0x00, //
		0x81, 0xE0, 0x78, 0x00, //
		0x81, 0xE0, 0xF0, 0x00, //
		0x81, 0xE0, 0xE0, 0x00, //
		0x81, 0xE1, 0xE0, 0x00, //
		0xC3, 0xE3, 0xC0, 0x00, //
		0xC3, 0xC3, 0x80, 0x00, //
		0xFF, 0xC7, 0x80, 0x00, //
		0xFF, 0x87, 0x07, 0xE0, //
		0x7E, 0x0E, 0x1F, 0xF0, //
		0x00, 0x1E, 0x3F, 0xF0, //
		0x00, 0x1C, 0x3C, 0x30, //
		0x00, 0x3C, 0x7C, 0x30, //
		0x00, 0x78, 0x78, 0x10, //
		0x00, 0x70, 0x78, 0x10, //
		0x00, 0xF0, 0x78, 0x10, //
		0x00, 0xE0, 0x78, 0x10, //
		0x01, 0xC0, 0x7C, 0x30, //
		0x03, 0xC0, 0x3C, 0x30, //
		0x03, 0x80, 0x3F, 0xF0, //
		0x07, 0x80, 0x1F, 0xF0, //
		0x0F, 0x00, 0x07, 0xE0, //

		// @-1306 '&' (28 pixels wide)
		0x00, 0x00, 0x00, 0x00, //
		0x00, 0x00, 0x00, 0x00, //
		0x00, 0x00, 0x00, 0x00, //
		0x00, 0x00, 0x00, 0x00, //
		0x00, 0x00, 0x00, 0x00, //
		0x00, 0x00, 0x00, 0x00, //
		0x00, 0x00, 0x00, 0x00, //
		0x00, 0x00, 0x00, 0x00, //
		0x00, 0x00, 0x00, 0x00, //
		0x00, 0x00, 0x00, 0x00, //
		0x00, 0x00, 0x00, 0x00, //
		0x00, 0x00, 0x00, 0x00, //
		0x00, 0x00, 0x00, 0x00, //
		0x00, 0x00, 0x00, 0x00, //
		0x00, 0x00, 0x00, 0x00, //
		0x00, 0x00, 0x00, 0x00, //
		0x00, 0x7F, 0xC0, 0x00, //
		0x01, 0xFF, 0xF0, 0x00, //
		0x03, 0xFF, 0xF0, 0x00, //
		0x03, 0xFF, 0xF0, 0x00, //
		0x07, 0xF0, 0x70, 0x00, //
		0x07, 0xE0, 0x10, 0x00, //
		0x07, 0xE0, 0x00, 0x00, //
		0x07, 0xF0, 0x00, 0x00, //
		0x03, 0xF8, 0x00, 0x00, //
		0x03, 0xFC, 0x00, 0x00, //
		0x07, 0xFE, 0x01, 0xF0, //
		0x0F, 0xFF, 0x01, 0xF0, //
		0x1F, 0xFF, 0x83, 0xF0, //
		0x3F, 0x7F, 0xC3, 0xE0, //
		0x3E, 0x3F, 0xE7, 0xE0, //
		0x7E, 0x1F, 0xFF, 0xE0, //
		0x7E, 0x0F, 0xFF, 0xC0, //
		0x7E, 0x07, 0xFF, 0xC0, //
		0x7F, 0x03, 0xFF, 0x80, //
		0x7F, 0x01, 0xFF, 0x00, //
		0x3F, 0xC1, 0xFF, 0x80, //
		0x3F, 0xFF, 0xFF, 0xC0, //
		0x1F, 0xFF, 0xFF, 0xE0, //
		0x0F, 0xFF, 0xFF, 0xE0, //
		0x07, 0xFF, 0xE3, 0xF0, //
		0x00, 0xFF, 0x01, 0xF0, //

		// @-1305 ''' (28 pixels wide)
		0x00, 0x00, 0x00, 0x00, //
		0x00, 0x00, 0x00, 0x00, //
		0x00, 0x00, 0x00, 0x00, //
		0x00, 0x00, 0x00, 0x00, //
		0x00, 0x00, 0x00, 0x00, //
		0x00, 0x00, 0x00, 0x00, //
		0x00, 0x00, 0x00, 0x00, //
		0x00, 0x00, 0x00, 0x00, //
		0x00, 0x00, 0x00, 0x00, //
		0x00, 0x00, 0x00, 0x00, //
		0x00, 0x00, 0x00, 0x00, //
		0x00, 0x00, 0x00, 0x00, //
		0x00, 0x00, 0x00, 0x00, //
		0x00, 0x00, 0x00, 0x00, //
		0x00, 0x00, 0x00, 0x00, //
		0x00, 0x00, 0x00, 0x00, //
		0x00, 0x1E, 0x00, 0x00, //
		0x00, 0x1E, 0x00, 0x00, //
		0x00, 0x1E, 0x00, 0x00, //
		0x00, 0x1E, 0x00, 0x00, //
		0x00, 0x1E, 0x00, 0x00, //
		0x00, 0x1E, 0x00, 0x00, //
		0x00, 0x1E, 0x00, 0x00, //
		0x00, 0x1E, 0x00, 0x00, //
		0x00, 0x1E, 0x00, 0x00, //
		0x00, 0x1E, 0x00, 0x00, //
		0x00, 0x00, 0x00, 0x00, //
		0x00, 0x00, 0x00, 0x00, //
		0x00, 0x00, 0x00, 0x00, //
		0x00, 0x00, 0x00, 0x00, //
		0x00, 0x00, 0x00, 0x00, //
		0x00, 0x00, 0x00, 0x00, //
		0x00, 0x00, 0x00, 0x00, //
		0x00, 0x00, 0x00, 0x00, //
		0x00, 0x00, 0x00, 0x00, //
		0x00, 0x00, 0x00, 0x00, //
		0x00, 0x00, 0x00, 0x00, //
		0x00, 0x00, 0x00, 0x00, //
		0x00, 0x00, 0x00, 0x00, //
		0x00, 0x00, 0x00, 0x00, //
		0x00, 0x00, 0x00, 0x00, //
		0x00, 0x00, 0x00, 0x00, //

		// @-1304 '(' (28 pixels wide)
		0x00, 0x00, 0x00, 0x00, //
		0x00, 0x00, 0x00, 0x00, //
		0x00, 0x00, 0x00, 0x00, //
		0x00, 0x00, 0x00, 0x00, //
		0x00, 0x00, 0x00, 0x00, //
		0x00, 0x00, 0x00, 0x00, //
		0x00, 0x00, 0x00, 0x00, //
		0x00, 0x00, 0x00, 0x00, //
		0x00, 0x00, 0x00, 0x00, //
		0x00, 0x00, 0x00, 0x00, //
		0x00, 0x00, 0x00, 0x00, //
		0x00, 0x00, 0x00, 0x00, //
		0x00, 0x03, 0xF0, 0x00, //
		0x00, 0x07, 0xE0, 0x00, //
		0x00, 0x07, 0xE0, 0x00, //
		0x00, 0x0F, 0xC0, 0x00, //
		0x00, 0x0F, 0xC0, 0x00, //
		0x00, 0x1F, 0x80, 0x00, //
		0x00, 0x1F, 0x80, 0x00, //
		0x00, 0x1F, 0x00, 0x00, //
		0x00, 0x3F, 0x00, 0x00, //
		0x00, 0x3F, 0x00, 0x00, //
		0x00, 0x3F, 0x00, 0x00, //
		0x00, 0x7E, 0x00, 0x00, //
		0x00, 0x7E, 0x00, 0x00, //
		0x00, 0x7E, 0x00, 0x00, //
		0x00, 0x7E, 0x00, 0x00, //
		0x00, 0x7E, 0x00, 0x00, //
		0x00, 0x7E, 0x00, 0x00, //
		0x00, 0x7E, 0x00, 0x00, //
		0x00, 0x7E, 0x00, 0x00, //
		0x00, 0x7E, 0x00, 0x00, //
		0x00, 0x7E, 0x00, 0x00, //
		0x00, 0x3F, 0x00, 0x00, //
		0x00, 0x3F, 0x00, 0x00, //
		0x00, 0x3F, 0x00, 0x00, //
		0x00, 0x1F, 0x00, 0x00, //
		0x00, 0x1F, 0x80, 0x00, //
		0x00, 0x1F, 0x80, 0x00, //
		0x00, 0x0F, 0xC0, 0x00, //
		0x00, 0x0F, 0xC0, 0x00, //
		0x00, 0x07, 0xE0, 0x00, //

		// @-1303 ')' (28 pixels wide)
		0x00, 0x00, 0x00, 0x00, //
		0x00, 0x00, 0x00, 0x00, //
		0x00, 0x00, 0x00, 0x00, //
		0x00, 0x00, 0x00, 0x00, //
		0x00, 0x00, 0x00, 0x00, //
		0x00, 0x00, 0x00, 0x00, //
		0x00, 0x00, 0x00, 0x00, //
		0x00, 0x00, 0x00, 0x00, //
		0x00, 0x00, 0x00, 0x00, //
		0x00, 0x00, 0x00, 0x00, //
		0x00, 0x00, 0x00, 0x00, //
		0x00, 0x00, 0x00, 0x00, //
		0x00, 0xFC, 0x00, 0x00, //
		0x00, 0x7E, 0x00, 0x00, //
		0x00, 0x7E, 0x00, 0x00, //
		0x00, 0x3F, 0x00, 0x00, //
		0x00, 0x3F, 0x00, 0x00, //
		0x00, 0x1F, 0x80, 0x00, //
		0x00, 0x1F, 0x80, 0x00, //
		0x00, 0x0F, 0x80, 0x00, //
		0x00, 0x0F, 0xC0, 0x00, //
		0x00, 0x0F, 0xC0, 0x00, //
		0x00, 0x0F, 0xC0, 0x00, //
		0x00, 0x07, 0xE0, 0x00, //
		0x00, 0x07, 0xE0, 0x00, //
		0x00, 0x07, 0xE0, 0x00, //
		0x00, 0x07, 0xE0, 0x00, //
		0x00, 0x07, 0xE0, 0x00, //
		0x00, 0x07, 0xE0, 0x00, //
		0x00, 0x07, 0xE0, 0x00, //
		0x00, 0x07, 0xE0, 0x00, //
		0x00, 0x07, 0xE0, 0x00, //
		0x00, 0x07, 0xE0, 0x00, //
		0x00, 0x0F, 0xC0, 0x00, //
		0x00, 0x0F, 0xC0, 0x00, //
		0x00, 0x0F, 0xC0, 0x00, //
		0x00, 0x0F, 0x80, 0x00, //
		0x00, 0x1F, 0x80, 0x00, //
		0x00, 0x1F, 0x80, 0x00, //
		0x00, 0x3F, 0x00, 0x00, //
		0x00, 0x3F, 0x00, 0x00, //
		0x00, 0x7E, 0x00, 0x00, //

		// @-1302 '*' (28 pixels wide)
		0x00, 0x00, 0x00, 0x00, //
		0x00, 0x00, 0x00, 0x00, //
		0x00, 0x00, 0x00, 0x00, //
		0x00, 0x00, 0x00, 0x00, //
		0x00, 0x00, 0x00, 0x00, //
		0x00, 0x00, 0x00, 0x00, //
		0x00, 0x00, 0x00, 0x00, //
		0x00, 0x00, 0x00, 0x00, //
		0x00, 0x00, 0x00, 0x00, //
		0x00, 0x00, 0x00, 0x00, //
		0x00, 0x00, 0x00, 0x00, //
		0x00, 0x00, 0x00, 0x00, //
		0x00, 0x00, 0x00, 0x00, //
		0x00, 0x00, 0x00, 0x00, //
		0x00, 0x00, 0x00, 0x00, //
		0x00, 0x00, 0x00, 0x00, //
		0x00, 0x0E, 0x00, 0x00, //
		0x00, 0x0E, 0x00, 0x00, //
		0x00, 0x0E, 0x00, 0x00, //
		0x02, 0x0E, 0x08, 0x00, //
		0x03, 0x8E, 0x38, 0x00, //
		0x07, 0xEE, 0xFC, 0x00, //
		0x01, 0xFF, 0xF0, 0x00, //
		0x00, 0x7F, 0xC0, 0x00, //
		0x00, 0x1F, 0x00, 0x00, //
		0x00, 0x7F, 0xC0, 0x00, //
		0x01, 0xFF, 0xF0, 0x00, //
		0x07, 0xEE, 0xFC, 0x00, //
		0x03, 0x8E, 0x38, 0x00, //
		0x02, 0x0E, 0x08, 0x00, //
		0x00, 0x0E, 0x00, 0x00, //
		0x00, 0x0E, 0x00, 0x00, //
		0x00, 0x0E, 0x00, 0x00, //
		0x00, 0x00, 0x00, 0x00, //
		0x00, 0x00, 0x00, 0x00, //
		0x00, 0x00, 0x00, 0x00, //
		0x00, 0x00, 0x00, 0x00, //
		0x00, 0x00, 0x00, 0x00, //
		0x00, 0x00, 0x00, 0x00, //
		0x00, 0x00, 0x00, 0x00, //
		0x00, 0x00, 0x00, 0x00, //
		0x00, 0x00, 0x00, 0x00, //

		// @-1301 '+' (28 pixels wide)
		0x00, 0x00, 0x00, 0x00, //
		0x00, 0x00, 0x00, 0x00, //
		0x00, 0x00, 0x00, 0x00, //
		0x00, 0x00, 0x00, 0x00, //
		0x00, 0x00, 0x00, 0x00, //
		0x00, 0x00, 0x00, 0x00, //
		0x00, 0x00, 0x00, 0x00, //
		0x00, 0x00, 0x00, 0x00, //
		0x00, 0x00, 0x00, 0x00, //
		0x00, 0x00, 0x00, 0x00, //
		0x00, 0x00, 0x00, 0x00, //
		0x00, 0x00, 0x00, 0x00, //
		0x00, 0x00, 0x00, 0x00, //
		0x00, 0x00, 0x00, 0x00, //
		0x00, 0x00, 0x00, 0x00, //
		0x00, 0x00, 0x00, 0x00, //
		0x00, 0x00, 0x00, 0x00, //
		0x00, 0x00, 0x00, 0x00, //
		0x00, 0x00, 0x00, 0x00, //
		0x00, 0x00, 0x00, 0x00, //
		0x00, 0x00, 0x00, 0x00, //
		0x00, 0x00, 0x00, 0x00, //
		0x00, 0x0F, 0x00, 0x00, //
		0x00, 0x0F, 0x00, 0x00, //
		0x00, 0x0F, 0x00, 0x00, //
		0x00, 0x0F, 0x00, 0x00, //
		0x00, 0x0F, 0x00, 0x00, //
		0x00, 0x0F, 0x00, 0x00, //
		0x00, 0x0F, 0x00, 0x00, //
		0x00, 0x0F, 0x00, 0x00, //
		0x00, 0x0F, 0x00, 0x00, //
		0x1F, 0xFF, 0xFF, 0x80, //
		0x1F, 0xFF, 0xFF, 0x80, //
		0x1F, 0xFF, 0xFF, 0x80, //
		0x1F, 0xFF, 0xFF, 0x80, //
		0x00, 0x0F, 0x00, 0x00, //
		0x00, 0x0F, 0x00, 0x00, //
		0x00, 0x0F, 0x00, 0x00, //
		0x00, 0x0F, 0x00, 0x00, //
		0x00, 0x0F, 0x00, 0x00, //
		0x00, 0x0F, 0x00, 0x00, //
		0x00, 0x0F, 0x00, 0x00, //

		// @-1300 ',' (28 pixels wide)
		0x00, 0x00, 0x00, 0x00, //
		0x00, 0x00, 0x00, 0x00, //
		0x00, 0x00, 0x00, 0x00, //
		0x00, 0x00, 0x00, 0x00, //
		0x00, 0x00, 0x00, 0x00, //
		0x00, 0x00, 0x00, 0x00, //
		0x00, 0x00, 0x00, 0x00, //
		0x00, 0x00, 0x00, 0x00, //
		0x00, 0x00, 0x00, 0x00, //
		0x00, 0x00, 0x00, 0x00, //
		0x00, 0x00, 0x00, 0x00, //
		0x00, 0x00, 0x00, 0x00, //
		0x00, 0x00, 0x00, 0x00, //
		0x00, 0x00, 0x00, 0x00, //
		0x00, 0x00, 0x00, 0x00, //
		0x00, 0x00, 0x00, 0x00, //
		0x00, 0x00, 0x00, 0x00, //
		0x00, 0x00, 0x00, 0x00, //
		0x00, 0x00, 0x00, 0x00, //
		0x00, 0x00, 0x00, 0x00, //
		0x00, 0x00, 0x00, 0x00, //
		0x00, 0x00, 0x00, 0x00, //
		0x00, 0x00, 0x00, 0x00, //
		0x00, 0x00, 0x00, 0x00, //
		0x00, 0x00, 0x00, 0x00, //
		0x00, 0x00, 0x00, 0x00, //
		0x00, 0x00, 0x00, 0x00, //
		0x00, 0x00, 0x00, 0x00, //
		0x00, 0x00, 0x00, 0x00, //
		0x00, 0x00, 0x00, 0x00, //
		0x00, 0x00, 0x00, 0x00, //
		0x00, 0x00, 0x00, 0x00, //
		0x00, 0x00, 0x00, 0x00, //
		0x00, 0x00, 0x00, 0x00, //
		0x00, 0x00, 0x00, 0x00, //
		0x00, 0x00, 0x00, 0x00, //
		0x00, 0x00, 0x00, 0x00, //
		0x00, 0x00, 0x00, 0x00, //
		0x00, 0x00, 0x00, 0x00, //
		0x00, 0x00, 0x00, 0x00, //
		0x00, 0x00, 0x00, 0x00, //
		0x00, 0x00, 0x00, 0x00, //

		// @-1299 '-' (28 pixels wide)
		0x00, 0x00, 0x00, 0x00, //
		0x00, 0x00, 0x00, 0x00, //
		0x00, 0x00, 0x00, 0x00, //
		0x00, 0x00, 0x00, 0x00, //
		0x00, 0x00, 0x00, 0x00, //
		0x00, 0x00, 0x00, 0x00, //
		0x00, 0x00, 0x00, 0x00, //
		0x00, 0x00, 0x00, 0x00, //
		0x00, 0x00, 0x00, 0x00, //
		0x00, 0x00, 0x00, 0x00, //
		0x00, 0x00, 0x00, 0x00, //
		0x00, 0x00, 0x00, 0x00, //
		0x00, 0x00, 0x00, 0x00, //
		0x00, 0x00, 0x00, 0x00, //
		0x00, 0x00, 0x00, 0x00, //
		0x00, 0x00, 0x00, 0x00, //
		0x00, 0x00, 0x00, 0x00, //
		0x00, 0x00, 0x00, 0x00, //
		0x00, 0x00, 0x00, 0x00, //
		0x00, 0x00, 0x00, 0x00, //
		0x00, 0x00, 0x00, 0x00, //
		0x00, 0x00, 0x00, 0x00, //
		0x00, 0x00, 0x00, 0x00, //
		0x00, 0x00, 0x00, 0x00, //
		0x00, 0x00, 0x00, 0x00, //
		0x00, 0x00, 0x00, 0x00, //
		0x00, 0x00, 0x00, 0x00, //
		0x00, 0x00, 0x00, 0x00, //
		0x00, 0x00, 0x00, 0x00, //
		0x00, 0x00, 0x00, 0x00, //
		0x00, 0x00, 0x00, 0x00, //
		0x00, 0x00, 0x00, 0x00, //
		0x00, 0x00, 0x00, 0x00, //
		0x00, 0x00, 0x00, 0x00, //
		0x00, 0x00, 0x00, 0x00, //
		0x00, 0xFF, 0xE0, 0x00, //
		0x00, 0xFF, 0xE0, 0x00, //
		0x00, 0xFF, 0xE0, 0x00, //
		0x00, 0xFF, 0xE0, 0x00, //
		0x00, 0xFF, 0xE0, 0x00, //
		0x00, 0x00, 0x00, 0x00, //
		0x00, 0x00, 0x00, 0x00, //

		// @-1298 '.' (28 pixels wide)
		0x00, 0x00, 0x00, 0x00, //
		0x00, 0x00, 0x00, 0x00, //
		0x00, 0x00, 0x00, 0x00, //
		0x00, 0x00, 0x00, 0x00, //
		0x00, 0x00, 0x00, 0x00, //
		0x00, 0x00, 0x00, 0x00, //
		0x00, 0x00, 0x00, 0x00, //
		0x00, 0x00, 0x00, 0x00, //
		0x00, 0x00, 0x00, 0x00, //
		0x00, 0x00, 0x00, 0x00, //
		0x00, 0x00, 0x00, 0x00, //
		0x00, 0x00, 0x00, 0x00, //
		0x00, 0x00, 0x00, 0x00, //
		0x00, 0x00, 0x00, 0x00, //
		0x00, 0x00, 0x00, 0x00, //
		0x00, 0x00, 0x00, 0x00, //
		0x00, 0x00, 0x00, 0x00, //
		0x00, 0x00, 0x00, 0x00, //
		0x00, 0x00, 0x00, 0x00, //
		0x00, 0x00, 0x00, 0x00, //
		0x00, 0x00, 0x00, 0x00, //
		0x00, 0x00, 0x00, 0x00, //
		0x00, 0x00, 0x00, 0x00, //
		0x00, 0x00, 0x00, 0x00, //
		0x00, 0x00, 0x00, 0x00, //
		0x00, 0x00, 0x00, 0x00, //
		0x00, 0x00, 0x00, 0x00, //
		0x00, 0x00, 0x00, 0x00, //
		0x00, 0x00, 0x00, 0x00, //
		0x00, 0x00, 0x00, 0x00, //
		0x00, 0x00, 0x00, 0x00, //
		0x00, 0x00, 0x00, 0x00, //
		0x00, 0x00, 0x00, 0x00, //
		0x00, 0x00, 0x00, 0x00, //
		0x00, 0x00, 0x00, 0x00, //
		0x00, 0x00, 0x00, 0x00, //
		0x00, 0x00, 0x00, 0x00, //
		0x00, 0x00, 0x00, 0x00, //
		0x00, 0x00, 0x00, 0x00, //
		0x00, 0x00, 0x00, 0x00, //
		0x00, 0x00, 0x00, 0x00, //
		0x00, 0x00, 0x00, 0x00, //

		// @-1297 '/' (28 pixels wide)
		0x00, 0x00, 0x00, 0x00, //
		0x00, 0x00, 0x00, 0x00, //
		0x00, 0x00, 0x00, 0x00, //
		0x00, 0x00, 0x00, 0x00, //
		0x00, 0x00, 0x00, 0x00, //
		0x00, 0x00, 0x00, 0x00, //
		0x00, 0x00, 0x00, 0x00, //
		0x00, 0x00, 0x00, 0x00, //
		0x00, 0x00, 0x00, 0x00, //
		0x00, 0x00, 0x00, 0x00, //
		0x00, 0x00, 0x00, 0x00, //
		0x00, 0x00, 0x00, 0x00, //
		0x00, 0x00, 0x00, 0x00, //
		0x00, 0x00, 0x00, 0x00, //
		0x00, 0x00, 0xF0, 0x00, //
		0x00, 0x00, 0xF0, 0x00, //
		0x00, 0x01, 0xE0, 0x00, //
		0x00, 0x01, 0xE0, 0x00, //
		0x00, 0x01, 0xE0, 0x00, //
		0x00, 0x03, 0xC0, 0x00, //
		0x00, 0x03, 0xC0, 0x00, //
		0x00, 0x03, 0xC0, 0x00, //
		0x00, 0x03, 0x80, 0x00, //
		0x00, 0x07, 0x80, 0x00, //
		0x00, 0x07, 0x80, 0x00, //
		0x00, 0x07, 0x80, 0x00, //
		0x00, 0x0F, 0x00, 0x00, //
		0x00, 0x0F, 0x00, 0x00, //
		0x00, 0x0F, 0x00, 0x00, //
		0x00, 0x1E, 0x00, 0x00, //
		0x00, 0x1E, 0x00, 0x00, //
		0x00, 0x1E, 0x00, 0x00, //
		0x00, 0x3C, 0x00, 0x00, //
		0x00, 0x3C, 0x00, 0x00, //
		0x00, 0x3C, 0x00, 0x00, //
		0x00, 0x38, 0x00, 0x00, //
		0x00, 0x78, 0x00, 0x00, //
		0x00, 0x78, 0x00, 0x00, //
		0x00, 0x78, 0x00, 0x00, //
		0x00, 0xF0, 0x00, 0x00, //
		0x00, 0xF0, 0x00, 0x00, //
		0x00, 0xF0, 0x00, 0x00, //

		// @-1296 '0' (28 pixels wide)
		0x00, 0x00, 0x00, 0x00, //
		0x00, 0x00, 0x00, 0x00, //
		0x00, 0x00, 0x00, 0x00, //
		0x00, 0x00, 0x00, 0x00, //
		0x00, 0x00, 0x00, 0x00, //
		0x00, 0x00, 0x00, 0x00, //
		0x00, 0x00, 0x00, 0x00, //
		0x00, 0x00, 0x00, 0x00, //
		0x00, 0x00, 0x00, 0x00, //
		0x00, 0x00, 0x00, 0x00, //
		0x00, 0x00, 0x00, 0x00, //
		0x00, 0x00, 0x00, 0x00, //
		0x00, 0x00, 0x00, 0x00, //
		0x00, 0x00, 0x00, 0x00, //
		0x00, 0x00, 0x00, 0x00, //
		0x00, 0x00, 0x00, 0x00, //
		0x00, 0x3F, 0xC0, 0x00, //
		0x00, 0xFF, 0xF0, 0x00, //
		0x01, 0xFF, 0xF8, 0x00, //
		0x03, 0xFF, 0xFC, 0x00, //
		0x07, 0xFF, 0xFE, 0x00, //
		0x0F, 0xF0, 0xFF, 0x00, //
		0x0F, 0xC0, 0x3F, 0x00, //
		0x0F, 0xC0, 0x3F, 0x00, //
		0x1F, 0x80, 0x1F, 0x80, //
		0x1F, 0x80, 0x1F, 0x80, //
		0x1F, 0x80, 0x1F, 0x80, //
		0x1F, 0x80, 0x1F, 0x80, //
		0x1F, 0x80, 0x1F, 0x80, //
		0x1F, 0x80, 0x1F, 0x80, //
		0x1F, 0x80, 0x1F, 0x80, //
		0x1F, 0x80, 0x1F, 0x80, //
		0x1F, 0x80, 0x1F, 0x80, //
		0x1F, 0x80, 0x1F, 0x80, //
		0x0F, 0xC0, 0x3F, 0x00, //
		0x0F, 0xC0, 0x3F, 0x00, //
		0x0F, 0xF0, 0xFF, 0x00, //
		0x07, 0xFF, 0xFE, 0x00, //
		0x03, 0xFF, 0xFC, 0x00, //
		0x01, 0xFF, 0xF8, 0x00, //
		0x00, 0xFF, 0xF0, 0x00, //
		0x00, 0x3F, 0xC0, 0x00, //

		// @-1295 '1' (28 pixels wide)
		0x00, 0x00, 0x00, 0x00, //
		0x00, 0x00, 0x00, 0x00, //
		0x00, 0x00, 0x00, 0x00, //
		0x00, 0x00, 0x00, 0x00, //
		0x00, 0x00, 0x00, 0x00, //
		0x00, 0x00, 0x00, 0x00, //
		0x00, 0x00, 0x00, 0x00, //
		0x00, 0x00, 0x00, 0x00, //
		0x00, 0x00, 0x00, 0x00, //
		0x00, 0x00, 0x00, 0x00, //
		0x00, 0x00, 0x00, 0x00, //
		0x00, 0x00, 0x00, 0x00, //
		0x00, 0x00, 0x00, 0x00, //
		0x00, 0x00, 0x00, 0x00, //
		0x00, 0x00, 0x00, 0x00, //
		0x00, 0x00, 0x00, 0x00, //
		0x00, 0xFF, 0x80, 0x00, //
		0x07, 0xFF, 0x80, 0x00, //
		0x07, 0xFF, 0x80, 0x00, //
		0x07, 0xFF, 0x80, 0x00, //
		0x07, 0xFF, 0x80, 0x00, //
		0x07, 0x1F, 0x80, 0x00, //
		0x00, 0x1F, 0x80, 0x00, //
		0x00, 0x1F, 0x80, 0x00, //
		0x00, 0x1F, 0x80, 0x00, //
		0x00, 0x1F, 0x80, 0x00, //
		0x00, 0x1F, 0x80, 0x00, //
		0x00, 0x1F, 0x80, 0x00, //
		0x00, 0x1F, 0x80, 0x00, //
		0x00, 0x1F, 0x80, 0x00, //
		0x00, 0x1F, 0x80, 0x00, //
		0x00, 0x1F, 0x80, 0x00, //
		0x00, 0x1F, 0x80, 0x00, //
		0x00, 0x1F, 0x80, 0x00, //
		0x00, 0x1F, 0x80, 0x00, //
		0x00, 0x1F, 0x80, 0x00, //
		0x00, 0x1F, 0x80, 0x00, //
		0x07, 0xFF, 0xFE, 0x00, //
		0x07, 0xFF, 0xFE, 0x00, //
		0x07, 0xFF, 0xFE, 0x00, //
		0x07, 0xFF, 0xFE, 0x00, //
		0x07, 0xFF, 0xFE, 0x00, //

		// @-1294 '2' (28 pixels wide)
		0x00, 0x00, 0x00, 0x00, //
		0x00, 0x00, 0x00, 0x00, //
		0x00, 0x00, 0x00, 0x00, //
		0x00, 0x00, 0x00, 0x00, //
		0x00, 0x00, 0x00, 0x00, //
		0x00, 0x00, 0x00, 0x00, //
		0x00, 0x00, 0x00, 0x00, //
		0x00, 0x00, 0x00, 0x00, //
		0x00, 0x00, 0x00, 0x00, //
		0x00, 0x00, 0x00, 0x00, //
		0x00, 0x00, 0x00, 0x00, //
		0x00, 0x00, 0x00, 0x00, //
		0x00, 0x00, 0x00, 0x00, //
		0x00, 0x00, 0x00, 0x00, //
		0x00, 0x00, 0x00, 0x00, //
		0x00, 0x00, 0x00, 0x00, //
		0x00, 0x7F, 0x80, 0x00, //
		0x07, 0xFF, 0xF0, 0x00, //
		0x0F, 0xFF, 0xF8, 0x00, //
		0x0F, 0xFF, 0xFC, 0x00, //
		0x0F, 0xFF, 0xFC, 0x00, //
		0x0F, 0x81, 0xFE, 0x00, //
		0x0E, 0x00, 0xFE, 0x00, //
		0x08, 0x00, 0x7E, 0x00, //
		0x00, 0x00, 0x7E, 0x00, //
		0x00, 0x00, 0x7E, 0x00, //
		0x00, 0x00, 0x7E, 0x00, //
		0x00, 0x00, 0xFE, 0x00, //
		0x00, 0x01, 0xFC, 0x00, //
		0x00, 0x03, 0xFC, 0x00, //
		0x00, 0x07, 0xF8, 0x00, //
		0x00, 0x1F, 0xF8, 0x00, //
		0x00, 0x3F, 0xF0, 0x00, //
		0x00, 0x7F, 0xE0, 0x00, //
		0x01, 0xFF, 0x80, 0x00, //
		0x03, 0xFF, 0x00, 0x00, //
		0x07, 0xFE, 0x00, 0x00, //
		0x0F, 0xFF, 0xFE, 0x00, //
		0x0F, 0xFF, 0xFE, 0x00, //
		0x0F, 0xFF, 0xFE, 0x00, //
		0x0F, 0xFF, 0xFE, 0x00, //
		0x0F, 0xFF, 0xFE, 0x00, //

		// @-1293 '3' (28 pixels wide)
		0x00, 0x00, 0x00, 0x00, //
		0x00, 0x00, 0x00, 0x00, //
		0x00, 0x00, 0x00, 0x00, //
		0x00, 0x00, 0x00, 0x00, //
		0x00, 0x00, 0x00, 0x00, //
		0x00, 0x00, 0x00, 0x00, //
		0x00, 0x00, 0x00, 0x00, //
		0x00, 0x00, 0x00, 0x00, //
		0x00, 0x00, 0x00, 0x00, //
		0x00, 0x00, 0x00, 0x00, //
		0x00, 0x00, 0x00, 0x00, //
		0x00, 0x00, 0x00, 0x00, //
		0x00, 0x00, 0x00, 0x00, //
		0x00, 0x00, 0x00, 0x00, //
		0x00, 0x00, 0x00, 0x00, //
		0x00, 0x00, 0x00, 0x00, //
		0x03, 0xFF, 0x80, 0x00, //
		0x0F, 0xFF, 0xE0, 0x00, //
		0x0F, 0xFF, 0xF8, 0x00, //
		0x0F, 0xFF, 0xF8, 0x00, //
		0x0F, 0xFF, 0xFC, 0x00, //
		0x0C, 0x03, 0xFC, 0x00, //
		0x00, 0x00, 0xFC, 0x00, //
		0x00, 0x00, 0xFC, 0x00, //
		0x00, 0x00, 0xFC, 0x00, //
		0x00, 0x03, 0xF8, 0x00, //
		0x00, 0xFF, 0xF0, 0x00, //
		0x00, 0xFF, 0xE0, 0x00, //
		0x00, 0xFF, 0xF0, 0x00, //
		0x00, 0xFF, 0xF8, 0x00, //
		0x00, 0xFF, 0xFC, 0x00, //
		0x00, 0x01, 0xFE, 0x00, //
		0x00, 0x00, 0xFE, 0x00, //
		0x00, 0x00, 0x7E, 0x00, //
		0x00, 0x00, 0x7E, 0x00, //
		0x10, 0x00, 0xFE, 0x00, //
		0x1E, 0x01, 0xFE, 0x00, //
		0x1F, 0xFF, 0xFC, 0x00, //
		0x1F, 0xFF, 0xFC, 0x00, //
		0x1F, 0xFF, 0xF8, 0x00, //
		0x0F, 0xFF, 0xE0, 0x00, //
		0x01, 0xFF, 0x00, 0x00, //

		// @-1292 '4' (28 pixels wide)
		0x00, 0x00, 0x00, 0x00, //
		0x00, 0x00, 0x00, 0x00, //
		0x00, 0x00, 0x00, 0x00, //
		0x00, 0x00, 0x00, 0x00, //
		0x00, 0x00, 0x00, 0x00, //
		0x00, 0x00, 0x00, 0x00, //
		0x00, 0x00, 0x00, 0x00, //
		0x00, 0x00, 0x00, 0x00, //
		0x00, 0x00, 0x00, 0x00, //
		0x00, 0x00, 0x00, 0x00, //
		0x00, 0x00, 0x00, 0x00, //
		0x00, 0x00, 0x00, 0x00, //
		0x00, 0x00, 0x00, 0x00, //
		0x00, 0x00, 0x00, 0x00, //
		0x00, 0x00, 0x00, 0x00, //
		0x00, 0x00, 0x00, 0x00, //
		0x00, 0x07, 0xF8, 0x00, //
		0x00, 0x0F, 0xF8, 0x00, //
		0x00, 0x0F, 0xF8, 0x00, //
		0x00, 0x1F, 0xF8, 0x00, //
		0x00, 0x3F, 0xF8, 0x00, //
		0x00, 0x3F, 0xF8, 0x00, //
		0x00, 0x7D, 0xF8, 0x00, //
		0x00, 0xF9, 0xF8, 0x00, //
		0x00, 0xF9, 0xF8, 0x00, //
		0x01, 0xF1, 0xF8, 0x00, //
		0x03, 0xE1, 0xF8, 0x00, //
		0x03, 0xC1, 0xF8, 0x00, //
		0x07, 0xC1, 0xF8, 0x00, //
		0x0F, 0x81, 0xF8, 0x00, //
		0x0F, 0x01, 0xF8, 0x00, //
		0x1F, 0x01, 0xF8, 0x00, //
		0x1F, 0xFF, 0xFF, 0x80, //
		0x1F, 0xFF, 0xFF, 0x80, //
		0x1F, 0xFF, 0xFF, 0x80, //
		0x1F, 0xFF, 0xFF, 0x80, //
		0x1F, 0xFF, 0xFF, 0x80, //
		0x00, 0x01, 0xF8, 0x00, //
		0x00, 0x01, 0xF8, 0x00, //
		0x00, 0x01, 0xF8, 0x00, //
		0x00, 0x01, 0xF8, 0x00, //
		0x00, 0x01, 0xF8, 0x00, //

		// @-1291 '5' (28 pixels wide)
		0x00, 0x00, 0x00, 0x00, //
		0x00, 0x00, 0x00, 0x00, //
		0x00, 0x00, 0x00, 0x00, //
		0x00, 0x00, 0x00, 0x00, //
		0x00, 0x00, 0x00, 0x00, //
		0x00, 0x00, 0x00, 0x00, //
		0x00, 0x00, 0x00, 0x00, //
		0x00, 0x00, 0x00, 0x00, //
		0x00, 0x00, 0x00, 0x00, //
		0x00, 0x00, 0x00, 0x00, //
		0x00, 0x00, 0x00, 0x00, //
		0x00, 0x00, 0x00, 0x00, //
		0x00, 0x00, 0x00, 0x00, //
		0x00, 0x00, 0x00, 0x00, //
		0x00, 0x00, 0x00, 0x00, //
		0x00, 0x00, 0x00, 0x00, //
		0x07, 0xFF, 0xFC, 0x00, //
		0x07, 0xFF, 0xFC, 0x00, //
		0x07, 0xFF, 0xFC, 0x00, //
		0x07, 0xFF, 0xFC, 0x00, //
		0x07, 0xFF, 0xFC, 0x00, //
		0x07, 0xC0, 0x00, 0x00, //
		0x07, 0xC0, 0x00, 0x00, //
		0x07, 0xC0, 0x00, 0x00, //
		0x07, 0xFF, 0x80, 0x00, //
		0x07, 0xFF, 0xF0, 0x00, //
		0x07, 0xFF, 0xF8, 0x00, //
		0x07, 0xFF, 0xFC, 0x00, //
		0x07, 0xFF, 0xFE, 0x00, //
		0x07, 0x81, 0xFE, 0x00, //
		0x04, 0x00, 0x7F, 0x00, //
		0x00, 0x00, 0x3F, 0x00, //
		0x00, 0x00, 0x3F, 0x00, //
		0x00, 0x00, 0x3F, 0x00, //
		0x00, 0x00, 0x3F, 0x00, //
		0x08, 0x00, 0x7F, 0x00, //
		0x0F, 0x01, 0xFE, 0x00, //
		0x0F, 0xFF, 0xFE, 0x00, //
		0x0F, 0xFF, 0xFC, 0x00, //
		0x0F, 0xFF, 0xF8, 0x00, //
		0x07, 0xFF, 0xF0, 0x00, //
		0x00, 0xFF, 0x80, 0x00, //

		// @-1290 '6' (28 pixels wide)
		0x00, 0x00, 0x00, 0x00, //
		0x00, 0x00, 0x00, 0x00, //
		0x00, 0x00, 0x00, 0x00, //
		0x00, 0x00, 0x00, 0x00, //
		0x00, 0x00, 0x00, 0x00, //
		0x00, 0x00, 0x00, 0x00, //
		0x00, 0x00, 0x00, 0x00, //
		0x00, 0x00, 0x00, 0x00, //
		0x00, 0x00, 0x00, 0x00, //
		0x00, 0x00, 0x00, 0x00, //
		0x00, 0x00, 0x00, 0x00, //
		0x00, 0x00, 0x00, 0x00, //
		0x00, 0x00, 0x00, 0x00, //
		0x00, 0x00, 0x00, 0x00, //
		0x00, 0x00, 0x00, 0x00, //
		0x00, 0x00, 0x00, 0x00, //
		0x00, 0x1F, 0xE0, 0x00, //
		0x00, 0x7F, 0xF8, 0x00, //
		0x01, 0xFF, 0xFC, 0x00, //
		0x03, 0xFF, 0xFC, 0x00, //
		0x07, 0xFF, 0xFC, 0x00, //
		0x07, 0xF8, 0x1C, 0x00, //
		0x0F, 0xE0, 0x04, 0x00, //
		0x0F, 0xC0, 0x00, 0x00, //
		0x0F, 0x8F, 0xC0, 0x00, //
		0x1F, 0xBF, 0xF0, 0x00, //
		0x1F, 0xFF, 0xFC, 0x00, //
		0x1F, 0xFF, 0xFC, 0x00, //
		0x1F, 0xFF, 0xFE, 0x00, //
		0x1F, 0xF0, 0xFE, 0x00, //
		0x1F, 0xE0, 0x7F, 0x00, //
		0x1F, 0xC0, 0x3F, 0x00, //
		0x1F, 0xC0, 0x3F, 0x00, //
		0x1F, 0xC0, 0x3F, 0x00, //
		0x0F, 0xC0, 0x3F, 0x00, //
		0x0F, 0xE0, 0x7F, 0x00, //
		0x0F, 0xF0, 0xFE, 0x00, //
		0x07, 0xFF, 0xFE, 0x00, //
		0x03, 0xFF, 0xFC, 0x00, //
		0x01, 0xFF, 0xF8, 0x00, //
		0x00, 0xFF, 0xF0, 0x00, //
		0x00, 0x3F, 0x80, 0x00, //

		// @-1289 '7' (28 pixels wide)
		0x00, 0x00, 0x00, 0x00, //
		0x00, 0x00, 0x00, 0x00, //
		0x00, 0x00, 0x00, 0x00, //
		0x00, 0x00, 0x00, 0x00, //
		0x00, 0x00, 0x00, 0x00, //
		0x00, 0x00, 0x00, 0x00, //
		0x00, 0x00, 0x00, 0x00, //
		0x00, 0x00, 0x00, 0x00, //
		0x00, 0x00, 0x00, 0x00, //
		0x00, 0x00, 0x00, 0x00, //
		0x00, 0x00, 0x00, 0x00, //
		0x00, 0x00, 0x00, 0x00, //
		0x00, 0x00, 0x00, 0x00, //
		0x00, 0x00, 0x00, 0x00, //
		0x00, 0x00, 0x00, 0x00, //
		0x00, 0x00, 0x00, 0x00, //
		0x1F, 0xFF, 0xFE, 0x00, //
		0x1F, 0xFF, 0xFE, 0x00, //
		0x1F, 0xFF, 0xFE, 0x00, //
		0x1F, 0xFF, 0xFE, 0x00, //
		0x1F, 0xFF, 0xFE, 0x00, //
		0x00, 0x00, 0xFC, 0x00, //
		0x00, 0x01, 0xFC, 0x00, //
		0x00, 0x01, 0xF8, 0x00, //
		0x00, 0x03, 0xF8, 0x00, //
		0x00, 0x03, 0xF0, 0x00, //
		0x00, 0x07, 0xF0, 0x00, //
		0x00, 0x07, 0xE0, 0x00, //
		0x00, 0x0F, 0xE0, 0x00, //
		0x00, 0x0F, 0xC0, 0x00, //
		0x00, 0x1F, 0xC0, 0x00, //
		0x00, 0x1F, 0xC0, 0x00, //
		0x00, 0x3F, 0x80, 0x00, //
		0x00, 0x3F, 0x80, 0x00, //
		0x00, 0x3F, 0x00, 0x00, //
		0x00, 0x7F, 0x00, 0x00, //
		0x00, 0x7E, 0x00, 0x00, //
		0x00, 0xFE, 0x00, 0x00, //
		0x00, 0xFC, 0x00, 0x00, //
		0x01, 0xFC, 0x00, 0x00, //
		0x01, 0xF8, 0x00, 0x00, //
		0x03, 0xF8, 0x00, 0x00, //

		// @-1288 '8' (28 pixels wide)
		0x00, 0x00, 0x00, 0x00, //
		0x00, 0x00, 0x00, 0x00, //
		0x00, 0x00, 0x00, 0x00, //
		0x00, 0x00, 0x00, 0x00, //
		0x00, 0x00, 0x00, 0x00, //
		0x00, 0x00, 0x00, 0x00, //
		0x00, 0x00, 0x00, 0x00, //
		0x00, 0x00, 0x00, 0x00, //
		0x00, 0x00, 0x00, 0x00, //
		0x00, 0x00, 0x00, 0x00, //
		0x00, 0x00, 0x00, 0x00, //
		0x00, 0x00, 0x00, 0x00, //
		0x00, 0x00, 0x00, 0x00, //
		0x00, 0x00, 0x00, 0x00, //
		0x00, 0x00, 0x00, 0x00, //
		0x00, 0x00, 0x00, 0x00, //
		0x00, 0x7F, 0xC0, 0x00, //
		0x01, 0xFF, 0xF0, 0x00, //
		0x07, 0xFF, 0xFC, 0x00, //
		0x07, 0xFF, 0xFC, 0x00, //
		0x0F, 0xFF, 0xFE, 0x00, //
		0x0F, 0xE0, 0xFE, 0x00, //
		0x0F, 0xC0, 0x7E, 0x00, //
		0x0F, 0xC0, 0x7E, 0x00, //
		0x0F, 0xC0, 0x7E, 0x00, //
		0x07, 0xE0, 0xFC, 0x00, //
		0x07, 0xFF, 0xFC, 0x00, //
		0x03, 0xFF, 0xF8, 0x00, //
		0x00, 0xFF, 0xE0, 0x00, //
		0x03, 0xFF, 0xF8, 0x00, //
		0x0F, 0xFF, 0xFE, 0x00, //
		0x0F, 0xE0, 0xFE, 0x00, //
		0x1F, 0x80, 0x3F, 0x00, //
		0x1F, 0x80, 0x3F, 0x00, //
		0x1F, 0x80, 0x3F, 0x00, //
		0x1F, 0x80, 0x3F, 0x00, //
		0x1F, 0xE0, 0xFF, 0x00, //
		0x0F, 0xFF, 0xFE, 0x00, //
		0x0F, 0xFF, 0xFE, 0x00, //
		0x07, 0xFF, 0xFC, 0x00, //
		0x03, 0xFF, 0xF8, 0x00, //
		0x00, 0x7F, 0xC0, 0x00, //

		// @-1287 '9' (28 pixels wide)
		0x00, 0x00, 0x00, 0x00, //
		0x00, 0x00, 0x00, 0x00, //
		0x00, 0x00, 0x00, 0x00, //
		0x00, 0x00, 0x00, 0x00, //
		0x00, 0x00, 0x00, 0x00, //
		0x00, 0x00, 0x00, 0x00, //
		0x00, 0x00, 0x00, 0x00, //
		0x00, 0x00, 0x00, 0x00, //
		0x00, 0x00, 0x00, 0x00, //
		0x00, 0x00, 0x00, 0x00, //
		0x00, 0x00, 0x00, 0x00, //
		0x00, 0x00, 0x00, 0x00, //
		0x00, 0x00, 0x00, 0x00, //
		0x00, 0x00, 0x00, 0x00, //
		0x00, 0x00, 0x00, 0x00, //
		0x00, 0x00, 0x00, 0x00, //
		0x00, 0x3F, 0x80, 0x00, //
		0x01, 0xFF, 0xE0, 0x00, //
		0x03, 0xFF, 0xF0, 0x00, //
		0x07, 0xFF, 0xF8, 0x00, //
		0x0F, 0xFF, 0xFC, 0x00, //
		0x0F, 0xE1, 0xFE, 0x00, //
		0x1F, 0xC0, 0xFE, 0x00, //
		0x1F, 0x80, 0x7E, 0x00, //
		0x1F, 0x80, 0x7F, 0x00, //
		0x1F, 0x80, 0x7F, 0x00, //
		0x1F, 0x80, 0x7F, 0x00, //
		0x1F, 0xC0, 0xFF, 0x00, //
		0x1F, 0xE1, 0xFF, 0x00, //
		0x0F, 0xFF, 0xFF, 0x00, //
		0x07, 0xFF, 0xFF, 0x00, //
		0x07, 0xFF, 0xFF, 0x00, //
		0x01, 0xFF, 0xBF, 0x00, //
		0x00, 0x7E, 0x3E, 0x00, //
		0x00, 0x00, 0x7E, 0x00, //
		0x04, 0x00, 0xFE, 0x00, //
		0x07, 0x03, 0xFC, 0x00, //
		0x07, 0xFF, 0xFC, 0x00, //
		0x07, 0xFF, 0xF8, 0x00, //
		0x07, 0xFF, 0xF0, 0x00, //
		0x03, 0xFF, 0xC0, 0x00, //
		0x00, 0xFF, 0x00, 0x00, //

		// @-1286 ':' (28 pixels wide)
		0x00, 0x00, 0x00, 0x00, //
		0x00, 0x00, 0x00, 0x00, //
		0x00, 0x00, 0x00, 0x00, //
		0x00, 0x00, 0x00, 0x00, //
		0x00, 0x00, 0x00, 0x00, //
		0x00, 0x00, 0x00, 0x00, //
		0x00, 0x00, 0x00, 0x00, //
		0x00, 0x00, 0x00, 0x00, //
		0x00, 0x00, 0x00, 0x00, //
		0x00, 0x00, 0x00, 0x00, //
		0x00, 0x00, 0x00, 0x00, //
		0x00, 0x00, 0x00, 0x00, //
		0x00, 0x00, 0x00, 0x00, //
		0x00, 0x00, 0x00, 0x00, //
		0x00, 0x00, 0x00, 0x00, //
		0x00, 0x00, 0x00, 0x00, //
		0x00, 0x00, 0x00, 0x00, //
		0x00, 0x00, 0x00, 0x00, //
		0x00, 0x00, 0x00, 0x00, //
		0x00, 0x00, 0x00, 0x00, //
		0x00, 0x00, 0x00, 0x00, //
		0x00, 0x00, 0x00, 0x00, //
		0x00, 0x00, 0x00, 0x00, //
		0x00, 0x00, 0x00, 0x00, //
		0x00, 0x00, 0x00, 0x00, //
		0x00, 0x1F, 0x80, 0x00, //
		0x00, 0x1F, 0x80, 0x00, //
		0x00, 0x1F, 0x80, 0x00, //
		0x00, 0x1F, 0x80, 0x00, //
		0x00, 0x1F, 0x80, 0x00, //
		0x00, 0x1F, 0x80, 0x00, //
		0x00, 0x1F, 0x80, 0x00, //
		0x00, 0x00, 0x00, 0x00, //
		0x00, 0x00, 0x00, 0x00, //
		0x00, 0x00, 0x00, 0x00, //
		0x00, 0x00, 0x00, 0x00, //
		0x00, 0x00, 0x00, 0x00, //
		0x00, 0x00, 0x00, 0x00, //
		0x00, 0x1F, 0x80, 0x00, //
		0x00, 0x1F, 0x80, 0x00, //
		0x00, 0x1F, 0x80, 0x00, //
		0x00, 0x1F, 0x80, 0x00, //

		// @-1285 ';' (28 pixels wide)
		0x00, 0x00, 0x00, 0x00, //
		0x00, 0x00, 0x00, 0x00, //
		0x00, 0x00, 0x00, 0x00, //
		0x00, 0x00, 0x00, 0x00, //
		0x00, 0x00, 0x00, 0x00, //
		0x00, 0x00, 0x00, 0x00, //
		0x00, 0x00, 0x00, 0x00, //
		0x00, 0x00, 0x00, 0x00, //
		0x00, 0x00, 0x00, 0x00, //
		0x00, 0x00, 0x00, 0x00, //
		0x00, 0x00, 0x00, 0x00, //
		0x00, 0x00, 0x00, 0x00, //
		0x00, 0x00, 0x00, 0x00, //
		0x00, 0x00, 0x00, 0x00, //
		0x00, 0x00, 0x00, 0x00, //
		0x00, 0x00, 0x00, 0x00, //
		0x00, 0x00, 0x00, 0x00, //
		0x00, 0x00, 0x00, 0x00, //
		0x00, 0x00, 0x00, 0x00, //
		0x00, 0x00, 0x00, 0x00, //
		0x00, 0x00, 0x00, 0x00, //
		0x00, 0x00, 0x00, 0x00, //
		0x00, 0x1F, 0x80, 0x00, //
		0x00, 0x1F, 0x80, 0x00, //
		0x00, 0x1F, 0x80, 0x00, //
		0x00, 0x1F, 0x80, 0x00, //
		0x00, 0x1F, 0x80, 0x00, //
		0x00, 0x1F, 0x80, 0x00, //
		0x00, 0x1F, 0x80, 0x00, //
		0x00, 0x00, 0x00, 0x00, //
		0x00, 0x00, 0x00, 0x00, //
		0x00, 0x00, 0x00, 0x00, //
		0x00, 0x00, 0x00, 0x00, //
		0x00, 0x00, 0x00, 0x00, //
		0x00, 0x00, 0x00, 0x00, //
		0x00, 0x1F, 0x80, 0x00, //
		0x00, 0x1F, 0x80, 0x00, //
		0x00, 0x1F, 0x80, 0x00, //
		0x00, 0x1F, 0x80, 0x00, //
		0x00, 0x1F, 0x80, 0x00, //
		0x00, 0x1F, 0x80, 0x00, //
		0x00, 0x1F, 0x00, 0x00, //

		// @-1284 '<' (28 pixels wide)
		0x00, 0x00, 0x00, 0x00, //
		0x00, 0x00, 0x00, 0x00, //
		0x00, 0x00, 0x00, 0x00, //
		0x00, 0x00, 0x00, 0x00, //
		0x00, 0x00, 0x00, 0x00, //
		0x00, 0x00, 0x00, 0x00, //
		0x00, 0x00, 0x00, 0x00, //
		0x00, 0x00, 0x00, 0x00, //
		0x00, 0x00, 0x00, 0x00, //
		0x00, 0x00, 0x00, 0x00, //
		0x00, 0x00, 0x00, 0x00, //
		0x00, 0x00, 0x00, 0x00, //
		0x00, 0x00, 0x00, 0x00, //
		0x00, 0x00, 0x00, 0x00, //
		0x00, 0x00, 0x00, 0x00, //
		0x00, 0x00, 0x00, 0x00, //
		0x00, 0x00, 0x00, 0x00, //
		0x00, 0x00, 0x00, 0x00, //
		0x00, 0x00, 0x00, 0x00, //
		0x00, 0x00, 0x00, 0x00, //
		0x00, 0x00, 0x00, 0x00, //
		0x00, 0x00, 0x00, 0x00, //
		0x00, 0x00, 0x00, 0x40, //
		0x00, 0x00, 0x03, 0xC0, //
		0x00, 0x00, 0x1F, 0xC0, //
		0x00, 0x00, 0xFF, 0xC0, //
		0x00, 0x07, 0xFF, 0x80, //
		0x00, 0x3F, 0xFC, 0x00, //
		0x01, 0xFF, 0xE0, 0x00, //
		0x0F, 0xFF, 0x00, 0x00, //
		0x1F, 0xF8, 0x00, 0x00, //
		0x1F, 0xC0, 0x00, 0x00, //
		0x1F, 0xC0, 0x00, 0x00, //
		0x1F, 0xF8, 0x00, 0x00, //
		0x0F, 0xFF, 0x00, 0x00, //
		0x01, 0xFF, 0xE0, 0x00, //
		0x00, 0x3F, 0xFC, 0x00, //
		0x00, 0x07, 0xFF, 0x80, //
		0x00, 0x00, 0xFF, 0xC0, //
		0x00, 0x00, 0x1F, 0xC0, //
		0x00, 0x00, 0x03, 0xC0, //
		0x00, 0x00, 0x00, 0x40, //

		// @-1283 '=' (28 pixels wide)
		0x00, 0x00, 0x00, 0x00, //
		0x00, 0x00, 0x00, 0x00, //
		0x00, 0x00, 0x00, 0x00, //
		0x00, 0x00, 0x00, 0x00, //
		0x00, 0x00, 0x00, 0x00, //
		0x00, 0x00, 0x00, 0x00, //
		0x00, 0x00, 0x00, 0x00, //
		0x00, 0x00, 0x00, 0x00, //
		0x00, 0x00, 0x00, 0x00, //
		0x00, 0x00, 0x00, 0x00, //
		0x00, 0x00, 0x00, 0x00, //
		0x00, 0x00, 0x00, 0x00, //
		0x00, 0x00, 0x00, 0x00, //
		0x00, 0x00, 0x00, 0x00, //
		0x00, 0x00, 0x00, 0x00, //
		0x00, 0x00, 0x00, 0x00, //
		0x00, 0x00, 0x00, 0x00, //
		0x00, 0x00, 0x00, 0x00, //
		0x00, 0x00, 0x00, 0x00, //
		0x00, 0x00, 0x00, 0x00, //
		0x00, 0x00, 0x00, 0x00, //
		0x00, 0x00, 0x00, 0x00, //
		0x00, 0x00, 0x00, 0x00, //
		0x00, 0x00, 0x00, 0x00, //
		0x00, 0x00, 0x00, 0x00, //
		0x00, 0x00, 0x00, 0x00, //
		0x00, 0x00, 0x00, 0x00, //
		0x00, 0x00, 0x00, 0x00, //
		0x00, 0x00, 0x00, 0x00, //
		0x1F, 0xFF, 0xFF, 0xC0, //
		0x1F, 0xFF, 0xFF, 0xC0, //
		0x1F, 0xFF, 0xFF, 0xC0, //
		0x1F, 0xFF, 0xFF, 0xC0, //
		0x00, 0x00, 0x00, 0x00, //
		0x00, 0x00, 0x00, 0x00, //
		0x00, 0x00, 0x00, 0x00, //
		0x00, 0x00, 0x00, 0x00, //
		0x1F, 0xFF, 0xFF, 0xC0, //
		0x1F, 0xFF, 0xFF, 0xC0, //
		0x1F, 0xFF, 0xFF, 0xC0, //
		0x1F, 0xFF, 0xFF, 0xC0, //
		0x00, 0x00, 0x00, 0x00, //

		// @-1282 '>' (28 pixels wide)
		0x00, 0x00, 0x00, 0x00, //
		0x00, 0x00, 0x00, 0x00, //
		0x00, 0x00, 0x00, 0x00, //
		0x00, 0x00, 0x00, 0x00, //
		0x00, 0x00, 0x00, 0x00, //
		0x00, 0x00, 0x00, 0x00, //
		0x00, 0x00, 0x00, 0x00, //
		0x00, 0x00, 0x00, 0x00, //
		0x00, 0x00, 0x00, 0x00, //
		0x00, 0x00, 0x00, 0x00, //
		0x00, 0x00, 0x00, 0x00, //
		0x00, 0x00, 0x00, 0x00, //
		0x00, 0x00, 0x00, 0x00, //
		0x00, 0x00, 0x00, 0x00, //
		0x00, 0x00, 0x00, 0x00, //
		0x00, 0x00, 0x00, 0x00, //
		0x00, 0x00, 0x00, 0x00, //
		0x00, 0x00, 0x00, 0x00, //
		0x00, 0x00, 0x00, 0x00, //
		0x00, 0x00, 0x00, 0x00, //
		0x00, 0x00, 0x00, 0x00, //
		0x00, 0x00, 0x00, 0x00, //
		0x10, 0x00, 0x00, 0x00, //
		0x1E, 0x00, 0x00, 0x00, //
		0x1F, 0xC0, 0x00, 0x00, //
		0x1F, 0xF8, 0x00, 0x00, //
		0x0F, 0xFF, 0x00, 0x00, //
		0x01, 0xFF, 0xE0, 0x00, //
		0x00, 0x3F, 0xFC, 0x00, //
		0x00, 0x07, 0xFF, 0x80, //
		0x00, 0x00, 0xFF, 0xC0, //
		0x00, 0x00, 0x1F, 0xC0, //
		0x00, 0x00, 0x1F, 0xC0, //
		0x00, 0x00, 0xFF, 0xC0, //
		0x00, 0x07, 0xFF, 0x80, //
		0x00, 0x3F, 0xFC, 0x00, //
		0x01, 0xFF, 0xE0, 0x00, //
		0x0F, 0xFF, 0x00, 0x00, //
		0x1F, 0xF8, 0x00, 0x00, //
		0x1F, 0xC0, 0x00, 0x00, //
		0x1E, 0x00, 0x00, 0x00, //
		0x10, 0x00, 0x00, 0x00, //

		// @-1281 '?' (28 pixels wide)
		0x00, 0x00, 0x00, 0x00, //
		0x00, 0x00, 0x00, 0x00, //
		0x00, 0x00, 0x00, 0x00, //
		0x00, 0x00, 0x00, 0x00, //
		0x00, 0x00, 0x00, 0x00, //
		0x00, 0x00, 0x00, 0x00, //
		0x00, 0x00, 0x00, 0x00, //
		0x00, 0x00, 0x00, 0x00, //
		0x00, 0x00, 0x00, 0x00, //
		0x00, 0x00, 0x00, 0x00, //
		0x00, 0x00, 0x00, 0x00, //
		0x00, 0x00, 0x00, 0x00, //
		0x00, 0x00, 0x00, 0x00, //
		0x00, 0x00, 0x00, 0x00, //
		0x00, 0x00, 0x00, 0x00, //
		0x00, 0x00, 0x00, 0x00, //
		0x01, 0xFF, 0x00, 0x00, //
		0x07, 0xFF, 0xC0, 0x00, //
		0x07, 0xFF, 0xF0, 0x00, //
		0x07, 0xFF, 0xF0, 0x00, //
		0x07, 0xFF, 0xF8, 0x00, //
		0x07, 0x83, 0xF8, 0x00, //
		0x04, 0x01, 0xF8, 0x00, //
		0x00, 0x01, 0xF8, 0x00, //
		0x00, 0x01, 0xF8, 0x00, //
		0x00, 0x03, 0xF0, 0x00, //
		0x00, 0x07, 0xF0, 0x00, //
		0x00, 0x0F, 0xE0, 0x00, //
		0x00, 0x1F, 0xC0, 0x00, //
		0x00, 0x3F, 0x80, 0x00, //
		0x00, 0x7F, 0x00, 0x00, //
		0x00, 0x7E, 0x00, 0x00, //
		0x00, 0x7E, 0x00, 0x00, //
		0x00, 0x00, 0x00, 0x00, //
		0x00, 0x00, 0x00, 0x00, //
		0x00, 0x00, 0x00, 0x00, //
		0x00, 0x7E, 0x00, 0x00, //
		0x00, 0x7E, 0x00, 0x00, //
		0x00, 0x7E, 0x00, 0x00, //
		0x00, 0x7E, 0x00, 0x00, //
		0x00, 0x7E, 0x00, 0x00, //
		0x00, 0x7E, 0x00, 0x00, //

		// @-1280 '@' (28 pixels wide)
		0x00, 0x00, 0x00, 0x00, //
		0x00, 0x00, 0x00, 0x00, //
		0x00, 0x00, 0x00, 0x00, //
		0x00, 0x00, 0x00, 0x00, //
		0x00, 0x00, 0x00, 0x00, //
		0x00, 0x00, 0x00, 0x00, //
		0x00, 0x00, 0x00, 0x00, //
		0x00, 0x00, 0x00, 0x00, //
		0x00, 0x00, 0x00, 0x00, //
		0x00, 0x00, 0x00, 0x00, //
		0x00, 0x00, 0x00, 0x00, //
		0x00, 0x00, 0x00, 0x00, //
		0x00, 0x00, 0x00, 0x00, //
		0x00, 0x3F, 0xC0, 0x00, //
		0x01, 0xFF, 0xF8, 0x00, //
		0x07, 0xFF, 0xFE, 0x00, //
		0x0F, 0xC0, 0x3F, 0x00, //
		0x1F, 0x00, 0x0F, 0x80, //
		0x3C, 0x00, 0x03, 0xC0, //
		0x78, 0x00, 0x01, 0xE0, //
		0xF0, 0x00, 0x00, 0xE0, //
		0xE0, 0x3E, 0x78, 0xF0, //
		0xE0, 0x7F, 0x78, 0x70, //
		0xC0, 0xFF, 0xF8, 0x70, //
		0xC1, 0xF1, 0xF8, 0x30, //
		0x81, 0xE0, 0xF8, 0x30, //
		0x83, 0xC0, 0x78, 0x30, //
		0x83, 0xC0, 0x78, 0x30, //
		0x83, 0xC0, 0x78, 0x30, //
		0x83, 0xC0, 0x78, 0x30, //
		0x83, 0xC0, 0x78, 0x70, //
		0x83, 0xC0, 0x78, 0x70, //
		0x81, 0xE0, 0xF8, 0xF0, //
		0xC1, 0xF1, 0xF9, 0xE0, //
		0xC0, 0xFF, 0xFF, 0xC0, //
		0xE0, 0x7F, 0x7F, 0x80, //
		0xE0, 0x3E, 0x7C, 0x00, //
		0xF0, 0x00, 0x00, 0x00, //
		0x78, 0x00, 0x00, 0x00, //
		0x3C, 0x00, 0x04, 0x00, //
		0x1F, 0x00, 0x0E, 0x00, //
		0x0F, 0xC0, 0x7F, 0x00, //

		// @-1279 'A' (28 pixels wide)
		0x00, 0x00, 0x00, 0x00, //
		0x00, 0x00, 0x00, 0x00, //
		0x00, 0x00, 0x00, 0x00, //
		0x00, 0x00, 0x00, 0x00, //
		0x00, 0x00, 0x00, 0x00, //
		0x00, 0x00, 0x00, 0x00, //
		0x00, 0x00, 0x00, 0x00, //
		0x00, 0x00, 0x00, 0x00, //
		0x00, 0x00, 0x00, 0x00, //
		0x00, 0x00, 0x00, 0x00, //
		0x00, 0x00, 0x00, 0x00, //
		0x00, 0x00, 0x00, 0x00, //
		0x00, 0x00, 0x00, 0x00, //
		0x00, 0x00, 0x00, 0x00, //
		0x00, 0x00, 0x00, 0x00, //
		0x00, 0x00, 0x00, 0x00, //
		0x00, 0x3F, 0xC0, 0x00, //
		0x00, 0x7F, 0xE0, 0x00, //
		0x00, 0x7F, 0xE0, 0x00, //
		0x00, 0x7F, 0xE0, 0x00, //
		0x00, 0xFF, 0xF0, 0x00, //
		0x00, 0xFF, 0xF0, 0x00, //
		0x01, 0xFF, 0xF8, 0x00, //
		0x01, 0xF9, 0xF8, 0x00, //
		0x01, 0xF9, 0xF8, 0x00, //
		0x03, 0xF9, 0xFC, 0x00, //
		0x03, 0xF0, 0xFC, 0x00, //
		0x07, 0xF0, 0xFC, 0x00, //
		0x07, 0xF0, 0xFE, 0x00, //
		0x07, 0xE0, 0x7E, 0x00, //
		0x0F, 0xE0, 0x7F, 0x00, //
		0x0F, 0xC0, 0x3F, 0x00, //
		0x0F, 0xFF, 0xFF, 0x00, //
		0x1F, 0xFF, 0xFF, 0x80, //
		0x1F, 0xFF, 0xFF, 0x80, //
		0x3F, 0xFF, 0xFF, 0xC0, //
		0x3F, 0xFF, 0xFF, 0xC0, //
		0x3F, 0x00, 0x0F, 0xC0, //
		0x7F, 0x00, 0x0F, 0xE0, //
		0x7E, 0x00, 0x07, 0xE0, //
		0x7E, 0x00, 0x07, 0xE0, //
		0xFE, 0x00, 0x07, 0xF0, //

		// @-1278 'B' (28 pixels wide)
		0x00, 0x00, 0x00, 0x00, //
		0x00, 0x00, 0x00, 0x00, //
		0x00, 0x00, 0x00, 0x00, //
		0x00, 0x00, 0x00, 0x00, //
		0x00, 0x00, 0x00, 0x00, //
		0x00, 0x00, 0x00, 0x00, //
		0x00, 0x00, 0x00, 0x00, //
		0x00, 0x00, 0x00, 0x00, //
		0x00, 0x00, 0x00, 0x00, //
		0x00, 0x00, 0x00, 0x00, //
		0x00, 0x00, 0x00, 0x00, //
		0x00, 0x00, 0x00, 0x00, //
		0x00, 0x00, 0x00, 0x00, //
		0x00, 0x00, 0x00, 0x00, //
		0x00, 0x00, 0x00, 0x00, //
		0x00, 0x00, 0x00, 0x00, //
		0x1F, 0xFF, 0xE0, 0x00, //
		0x1F, 0xFF, 0xF8, 0x00, //
		0x1F, 0xFF, 0xFC, 0x00, //
		0x1F, 0xFF, 0xFE, 0x00, //
		0x1F, 0xFF, 0xFF, 0x00, //
		0x1F, 0x80, 0x7F, 0x00, //
		0x1F, 0x80, 0x3F, 0x00, //
		0x1F, 0x80, 0x3F, 0x00, //
		0x1F, 0x80, 0x3F, 0x00, //
		0x1F, 0x80, 0x7F, 0x00, //
		0x1F, 0xFF, 0xFE, 0x00, //
		0x1F, 0xFF, 0xFC, 0x00, //
		0x1F, 0xFF, 0xFC, 0x00, //
		0x1F, 0xFF, 0xFE, 0x00, //
		0x1F, 0xFF, 0xFF, 0x00, //
		0x1F, 0x80, 0x7F, 0x00, //
		0x1F, 0x80, 0x1F, 0x80, //
		0x1F, 0x80, 0x1F, 0x80, //
		0x1F, 0x80, 0x1F, 0x80, //
		0x1F, 0x80, 0x1F, 0x80, //
		0x1F, 0x80, 0x7F, 0x80, //
		0x1F, 0xFF, 0xFF, 0x80, //
		0x1F, 0xFF, 0xFF, 0x00, //
		0x1F, 0xFF, 0xFE, 0x00, //
		0x1F, 0xFF, 0xFC, 0x00, //
		0x1F, 0xFF, 0xE0, 0x00, //

		// @-1277 'C' (28 pixels wide)
		0x00, 0x00, 0x00, 0x00, //
		0x00, 0x00, 0x00, 0x00, //
		0x00, 0x00, 0x00, 0x00, //
		0x00, 0x00, 0x00, 0x00, //
		0x00, 0x00, 0x00, 0x00, //
		0x00, 0x00, 0x00, 0x00, //
		0x00, 0x00, 0x00, 0x00, //
		0x00, 0x00, 0x00, 0x00, //
		0x00, 0x00, 0x00, 0x00, //
		0x00, 0x00, 0x00, 0x00, //
		0x00, 0x00, 0x00, 0x00, //
		0x00, 0x00, 0x00, 0x00, //
		0x00, 0x00, 0x00, 0x00, //
		0x00, 0x00, 0x00, 0x00, //
		0x00, 0x00, 0x00, 0x00, //
		0x00, 0x00, 0x00, 0x00, //
		0x00, 0x07, 0xF8, 0x00, //
		0x00, 0x3F, 0xFF, 0x00, //
		0x00, 0xFF, 0xFF, 0x80, //
		0x01, 0xFF, 0xFF, 0x80, //
		0x03, 0xFF, 0xFF, 0x80, //
		0x07, 0xFC, 0x07, 0x80, //
		0x0F, 0xF0, 0x00, 0x80, //
		0x0F, 0xE0, 0x00, 0x00, //
		0x0F, 0xC0, 0x00, 0x00, //
		0x1F, 0xC0, 0x00, 0x00, //
		0x1F, 0x80, 0x00, 0x00, //
		0x1F, 0x80, 0x00, 0x00, //
		0x1F, 0x80, 0x00, 0x00, //
		0x1F, 0x80, 0x00, 0x00, //
		0x1F, 0x80, 0x00, 0x00, //
		0x1F, 0x80, 0x00, 0x00, //
		0x1F, 0xC0, 0x00, 0x00, //
		0x0F, 0xC0, 0x00, 0x00, //
		0x0F, 0xE0, 0x00, 0x00, //
		0x0F, 0xF0, 0x00, 0x80, //
		0x07, 0xFC, 0x07, 0x80, //
		0x03, 0xFF, 0xFF, 0x80, //
		0x01, 0xFF, 0xFF, 0x80, //
		0x00, 0xFF, 0xFF, 0x80, //
		0x00, 0x3F, 0xFF, 0x00, //
		0x00, 0x0F, 0xF8, 0x00, //

		// @-1276 'D' (28 pixels wide)
		0x00, 0x00, 0x00, 0x00, //
		0x00, 0x00, 0x00, 0x00, //
		0x00, 0x00, 0x00, 0x00, //
		0x00, 0x00, 0x00, 0x00, //
		0x00, 0x00, 0x00, 0x00, //
		0x00, 0x00, 0x00, 0x00, //
		0x00, 0x00, 0x00, 0x00, //
		0x00, 0x00, 0x00, 0x00, //
		0x00, 0x00, 0x00, 0x00, //
		0x00, 0x00, 0x00, 0x00, //
		0x00, 0x00, 0x00, 0x00, //
		0x00, 0x00, 0x00, 0x00, //
		0x00, 0x00, 0x00, 0x00, //
		0x00, 0x00, 0x00, 0x00, //
		0x00, 0x00, 0x00, 0x00, //
		0x00, 0x00, 0x00, 0x00, //
		0x3F, 0xFF, 0x00, 0x00, //
		0x3F, 0xFF, 0xF0, 0x00, //
		0x3F, 0xFF, 0xFC, 0x00, //
		0x3F, 0xFF, 0xFE, 0x00, //
		0x3F, 0xFF, 0xFF, 0x00, //
		0x3F, 0x01, 0xFF, 0x80, //
		0x3F, 0x00, 0x3F, 0x80, //
		0x3F, 0x00, 0x1F, 0xC0, //
		0x3F, 0x00, 0x0F, 0xC0, //
		0x3F, 0x00, 0x0F, 0xE0, //
		0x3F, 0x00, 0x07, 0xE0, //
		0x3F, 0x00, 0x07, 0xE0, //
		0x3F, 0x00, 0x07, 0xE0, //
		0x3F, 0x00, 0x07, 0xE0, //
		0x3F, 0x00, 0x07, 0xE0, //
		0x3F, 0x00, 0x07, 0xE0, //
		0x3F, 0x00, 0x0F, 0xE0, //
		0x3F, 0x00, 0x0F, 0xC0, //
		0x3F, 0x00, 0x1F, 0xC0, //
		0x3F, 0x00, 0x3F, 0x80, //
		0x3F, 0x01, 0xFF, 0x80, //
		0x3F, 0xFF, 0xFF, 0x00, //
		0x3F, 0xFF, 0xFE, 0x00, //
		0x3F, 0xFF, 0xFC, 0x00, //
		0x3F, 0xFF, 0xF0, 0x00, //
		0x3F, 0xFF, 0x00, 0x00, //

		// @-1275 'E' (28 pixels wide)
		0x00, 0x00, 0x00, 0x00, //
		0x00, 0x00, 0x00, 0x00, //
		0x00, 0x00, 0x00, 0x00, //
		0x00, 0x00, 0x00, 0x00, //
		0x00, 0x00, 0x00, 0x00, //
		0x00, 0x00, 0x00, 0x00, //
		0x00, 0x00, 0x00, 0x00, //
		0x00, 0x00, 0x00, 0x00, //
		0x00, 0x00, 0x00, 0x00, //
		0x00, 0x00, 0x00, 0x00, //
		0x00, 0x00, 0x00, 0x00, //
		0x00, 0x00, 0x00, 0x00, //
		0x00, 0x00, 0x00, 0x00, //
		0x00, 0x00, 0x00, 0x00, //
		0x00, 0x00, 0x00, 0x00, //
		0x00, 0x00, 0x00, 0x00, //
		0x0F, 0xFF, 0xFE, 0x00, //
		0x0F, 0xFF, 0xFE, 0x00, //
		0x0F, 0xFF, 0xFE, 0x00, //
		0x0F, 0xFF, 0xFE, 0x00, //
		0x0F, 0xFF, 0xFE, 0x00, //
		0x0F, 0xC0, 0x00, 0x00, //
		0x0F, 0xC0, 0x00, 0x00, //
		0x0F, 0xC0, 0x00, 0x00, //
		0x0F, 0xC0, 0x00, 0x00, //
		0x0F, 0xC0, 0x00, 0x00, //
		0x0F, 0xFF, 0xFC, 0x00, //
		0x0F, 0xFF, 0xFC, 0x00, //
		0x0F, 0xFF, 0xFC, 0x00, //
		0x0F, 0xFF, 0xFC, 0x00, //
		0x0F, 0xFF, 0xFC, 0x00, //
		0x0F, 0xC0, 0x00, 0x00, //
		0x0F, 0xC0, 0x00, 0x00, //
		0x0F, 0xC0, 0x00, 0x00, //
		0x0F, 0xC0, 0x00, 0x00, //
		0x0F, 0xC0, 0x00, 0x00, //
		0x0F, 0xC0, 0x00, 0x00, //
		0x0F, 0xFF, 0xFE, 0x00, //
		0x0F, 0xFF, 0xFE, 0x00, //
		0x0F, 0xFF, 0xFE, 0x00, //
		0x0F, 0xFF, 0xFE, 0x00, //
		0x0F, 0xFF, 0xFE, 0x00, //

		// @-1274 'F' (28 pixels wide)
		0x00, 0x00, 0x00, 0x00, //
		0x00, 0x00, 0x00, 0x00, //
		0x00, 0x00, 0x00, 0x00, //
		0x00, 0x00, 0x00, 0x00, //
		0x00, 0x00, 0x00, 0x00, //
		0x00, 0x00, 0x00, 0x00, //
		0x00, 0x00, 0x00, 0x00, //
		0x00, 0x00, 0x00, 0x00, //
		0x00, 0x00, 0x00, 0x00, //
		0x00, 0x00, 0x00, 0x00, //
		0x00, 0x00, 0x00, 0x00, //
		0x00, 0x00, 0x00, 0x00, //
		0x00, 0x00, 0x00, 0x00, //
		0x00, 0x00, 0x00, 0x00, //
		0x00, 0x00, 0x00, 0x00, //
		0x00, 0x00, 0x00, 0x00, //
		0x0F, 0xFF, 0xFC, 0x00, //
		0x0F, 0xFF, 0xFC, 0x00, //
		0x0F, 0xFF, 0xFC, 0x00, //
		0x0F, 0xFF, 0xFC, 0x00, //
		0x0F, 0xFF, 0xFC, 0x00, //
		0x0F, 0xC0, 0x00, 0x00, //
		0x0F, 0xC0, 0x00, 0x00, //
		0x0F, 0xC0, 0x00, 0x00, //
		0x0F, 0xC0, 0x00, 0x00, //
		0x0F, 0xC0, 0x00, 0x00, //
		0x0F, 0xFF, 0xF8, 0x00, //
		0x0F, 0xFF, 0xF8, 0x00, //
		0x0F, 0xFF, 0xF8, 0x00, //
		0x0F, 0xFF, 0xF8, 0x00, //
		0x0F, 0xFF, 0xF8, 0x00, //
		0x0F, 0xC0, 0x00, 0x00, //
		0x0F, 0xC0, 0x00, 0x00, //
		0x0F, 0xC0, 0x00, 0x00, //
		0x0F, 0xC0, 0x00, 0x00, //
		0x0F, 0xC0, 0x00, 0x00, //
		0x0F, 0xC0, 0x00, 0x00, //
		0x0F, 0xC0, 0x00, 0x00, //
		0x0F, 0xC0, 0x00, 0x00, //
		0x0F, 0xC0, 0x00, 0x00, //
		0x0F, 0xC0, 0x00, 0x00, //
		0x0F, 0xC0, 0x00, 0x00, //

		// @-1273 'G' (28 pixels wide)
		0x00, 0x00, 0x00, 0x00, //
		0x00, 0x00, 0x00, 0x00, //
		0x00, 0x00, 0x00, 0x00, //
		0x00, 0x00, 0x00, 0x00, //
		0x00, 0x00, 0x00, 0x00, //
		0x00, 0x00, 0x00, 0x00, //
		0x00, 0x00, 0x00, 0x00, //
		0x00, 0x00, 0x00, 0x00, //
		0x00, 0x00, 0x00, 0x00, //
		0x00, 0x00, 0x00, 0x00, //
		0x00, 0x00, 0x00, 0x00, //
		0x00, 0x00, 0x00, 0x00, //
		0x00, 0x00, 0x00, 0x00, //
		0x00, 0x00, 0x00, 0x00, //
		0x00, 0x00, 0x00, 0x00, //
		0x00, 0x00, 0x00, 0x00, //
		0x00, 0x1F, 0xF8, 0x00, //
		0x00, 0xFF, 0xFF, 0x00, //
		0x03, 0xFF, 0xFF, 0x80, //
		0x07, 0xFF, 0xFF, 0x80, //
		0x0F, 0xFF, 0xFF, 0x80, //
		0x1F, 0xF0, 0x0F, 0x80, //
		0x3F, 0xC0, 0x00, 0x80, //
		0x3F, 0x80, 0x00, 0x00, //
		0x3F, 0x00, 0x00, 0x00, //
		0x7F, 0x00, 0x00, 0x00, //
		0x7E, 0x00, 0x00, 0x00, //
		0x7E, 0x00, 0xFF, 0xC0, //
		0x7E, 0x00, 0xFF, 0xC0, //
		0x7E, 0x00, 0xFF, 0xC0, //
		0x7E, 0x00, 0xFF, 0xC0, //
		0x7E, 0x00, 0xFF, 0xC0, //
		0x7F, 0x00, 0x0F, 0xC0, //
		0x3F, 0x00, 0x0F, 0xC0, //
		0x3F, 0x80, 0x0F, 0xC0, //
		0x3F, 0xC0, 0x0F, 0xC0, //
		0x1F, 0xF0, 0x0F, 0xC0, //
		0x0F, 0xFF, 0xFF, 0xC0, //
		0x07, 0xFF, 0xFF, 0xC0, //
		0x03, 0xFF, 0xFF, 0xC0, //
		0x00, 0xFF, 0xFF, 0x00, //
		0x00, 0x1F, 0xF0, 0x00, //

		// @-1272 'H' (28 pixels wide)
		0x00, 0x00, 0x00, 0x00, //
		0x00, 0x00, 0x00, 0x00, //
		0x00, 0x00, 0x00, 0x00, //
		0x00, 0x00, 0x00, 0x00, //
		0x00, 0x00, 0x00, 0x00, //
		0x00, 0x00, 0x00, 0x00, //
		0x00, 0x00, 0x00, 0x00, //
		0x00, 0x00, 0x00, 0x00, //
		0x00, 0x00, 0x00, 0x00, //
		0x00, 0x00, 0x00, 0x00, //
		0x00, 0x00, 0x00, 0x00, //
		0x00, 0x00, 0x00, 0x00, //
		0x00, 0x00, 0x00, 0x00, //
		0x00, 0x00, 0x00, 0x00, //
		0x00, 0x00, 0x00, 0x00, //
		0x00, 0x00, 0x00, 0x00, //
		0x3F, 0x00, 0x0F, 0xC0, //
		0x3F, 0x00, 0x0F, 0xC0, //
		0x3F, 0x00, 0x0F, 0xC0, //
		0x3F, 0x00, 0x0F, 0xC0, //
		0x3F, 0x00, 0x0F, 0xC0, //
		0x3F, 0x00, 0x0F, 0xC0, //
		0x3F, 0x00, 0x0F, 0xC0, //
		0x3F, 0x00, 0x0F, 0xC0, //
		0x3F, 0x00, 0x0F, 0xC0, //
		0x3F, 0x00, 0x0F, 0xC0, //
		0x3F, 0xFF, 0xFF, 0xC0, //
		0x3F, 0xFF, 0xFF, 0xC0, //
		0x3F, 0xFF, 0xFF, 0xC0, //
		0x3F, 0xFF, 0xFF, 0xC0, //
		0x3F, 0xFF, 0xFF, 0xC0, //
		0x3F, 0x00, 0x0F, 0xC0, //
		0x3F, 0x00, 0x0F, 0xC0, //
		0x3F, 0x00, 0x0F, 0xC0, //
		0x3F, 0x00, 0x0F, 0xC0, //
		0x3F, 0x00, 0x0F, 0xC0, //
		0x3F, 0x00, 0x0F, 0xC0, //
		0x3F, 0x00, 0x0F, 0xC0, //
		0x3F, 0x00, 0x0F, 0xC0, //
		0x3F, 0x00, 0x0F, 0xC0, //
		0x3F, 0x00, 0x0F, 0xC0, //
		0x3F, 0x00, 0x0F, 0xC0, //

		// @-1271 'I' (28 pixels wide)
		0x00, 0x00, 0x00, 0x00, //
		0x00, 0x00, 0x00, 0x00, //
		0x00, 0x00, 0x00, 0x00, //
		0x00, 0x00, 0x00, 0x00, //
		0x00, 0x00, 0x00, 0x00, //
		0x00, 0x00, 0x00, 0x00, //
		0x00, 0x00, 0x00, 0x00, //
		0x00, 0x00, 0x00, 0x00, //
		0x00, 0x00, 0x00, 0x00, //
		0x00, 0x00, 0x00, 0x00, //
		0x00, 0x00, 0x00, 0x00, //
		0x00, 0x00, 0x00, 0x00, //
		0x00, 0x00, 0x00, 0x00, //
		0x00, 0x00, 0x00, 0x00, //
		0x00, 0x00, 0x00, 0x00, //
		0x00, 0x00, 0x00, 0x00, //
		0x00, 0x3F, 0x00, 0x00, //
		0x00, 0x3F, 0x00, 0x00, //
		0x00, 0x3F, 0x00, 0x00, //
		0x00, 0x3F, 0x00, 0x00, //
		0x00, 0x3F, 0x00, 0x00, //
		0x00, 0x3F, 0x00, 0x00, //
		0x00, 0x3F, 0x00, 0x00, //
		0x00, 0x3F, 0x00, 0x00, //
		0x00, 0x3F, 0x00, 0x00, //
		0x00, 0x3F, 0x00, 0x00, //
		0x00, 0x3F, 0x00, 0x00, //
		0x00, 0x3F, 0x00, 0x00, //
		0x00, 0x3F, 0x00, 0x00, //
		0x00, 0x3F, 0x00, 0x00, //
		0x00, 0x3F, 0x00, 0x00, //
		0x00, 0x3F, 0x00, 0x00, //
		0x00, 0x3F, 0x00, 0x00, //
		0x00, 0x3F, 0x00, 0x00, //
		0x00, 0x3F, 0x00, 0x00, //
		0x00, 0x3F, 0x00, 0x00, //
		0x00, 0x3F, 0x00, 0x00, //
		0x00, 0x3F, 0x00, 0x00, //
		0x00, 0x3F, 0x00, 0x00, //
		0x00, 0x3F, 0x00, 0x00, //
		0x00, 0x3F, 0x00, 0x00, //
		0x00, 0x3F, 0x00, 0x00, //

		// @-1270 'J' (28 pixels wide)
		0x00, 0x00, 0x00, 0x00, //
		0x00, 0x00, 0x00, 0x00, //
		0x00, 0x00, 0x00, 0x00, //
		0x00, 0x00, 0x00, 0x00, //
		0x00, 0x00, 0x00, 0x00, //
		0x00, 0x00, 0x00, 0x00, //
		0x00, 0x00, 0x00, 0x00, //
		0x00, 0x00, 0x00, 0x00, //
		0x00, 0x00, 0x00, 0x00, //
		0x00, 0x00, 0x00, 0x00, //
		0x00, 0x00, 0x00, 0x00, //
		0x00, 0x00, 0x00, 0x00, //
		0x00, 0x7E, 0x00, 0x00, //
		0x00, 0x7E, 0x00, 0x00, //
		0x00, 0x7E, 0x00, 0x00, //
		0x00, 0x7E, 0x00, 0x00, //
		0x00, 0x7E, 0x00, 0x00, //
		0x00, 0x7E, 0x00, 0x00, //
		0x00, 0x7E, 0x00, 0x00, //
		0x00, 0x7E, 0x00, 0x00, //
		0x00, 0x7E, 0x00, 0x00, //
		0x00, 0x7E, 0x00, 0x00, //
		0x00, 0x7E, 0x00, 0x00, //
		0x00, 0x7E, 0x00, 0x00, //
		0x00, 0x7E, 0x00, 0x00, //
		0x00, 0x7E, 0x00, 0x00, //
		0x00, 0x7E, 0x00, 0x00, //
		0x00, 0x7E, 0x00, 0x00, //
		0x00, 0x7E, 0x00, 0x00, //
		0x00, 0x7E, 0x00, 0x00, //
		0x00, 0x7E, 0x00, 0x00, //
		0x00, 0x7E, 0x00, 0x00, //
		0x00, 0x7E, 0x00, 0x00, //
		0x00, 0x7E, 0x00, 0x00, //
		0x00, 0x7E, 0x00, 0x00, //
		0x00, 0x7E, 0x00, 0x00, //
		0x00, 0x7E, 0x00, 0x00, //
		0x00, 0x7E, 0x00, 0x00, //
		0x00, 0xFE, 0x00, 0x00, //
		0x01, 0xFC, 0x00, 0x00, //
		0x0F, 0xFC, 0x00, 0x00, //
		0x0F, 0xF8, 0x00, 0x00, //

		// @-1269 'K' (28 pixels wide)
		0x00, 0x00, 0x00, 0x00, //
		0x00, 0x00, 0x00, 0x00, //
		0x00, 0x00, 0x00, 0x00, //
		0x00, 0x00, 0x00, 0x00, //
		0x00, 0x00, 0x00, 0x00, //
		0x00, 0x00, 0x00, 0x00, //
		0x00, 0x00, 0x00, 0x00, //
		0x00, 0x00, 0x00, 0x00, //
		0x00, 0x00, 0x00, 0x00, //
		0x00, 0x00, 0x00, 0x00, //
		0x00, 0x00, 0x00, 0x00, //
		0x00, 0x00, 0x00, 0x00, //
		0x00, 0x00, 0x00, 0x00, //
		0x00, 0x00, 0x00, 0x00, //
		0x00, 0x00, 0x00, 0x00, //
		0x00, 0x00, 0x00, 0x00, //
		0x1F, 0x80, 0x1F, 0xE0, //
		0x1F, 0x80, 0x3F, 0xC0, //
		0x1F, 0x80, 0x7F, 0x80, //
		0x1F, 0x80, 0xFF, 0x00, //
		0x1F, 0x81, 0xFE, 0x00, //
		0x1F, 0x87, 0xFC, 0x00, //
		0x1F, 0x8F, 0xF8, 0x00, //
		0x1F, 0x9F, 0xF0, 0x00, //
		0x1F, 0xBF, 0xE0, 0x00, //
		0x1F, 0xFF, 0x80, 0x00, //
		0x1F, 0xFF, 0x00, 0x00, //
		0x1F, 0xFE, 0x00, 0x00, //
		0x1F, 0xFE, 0x00, 0x00, //
		0x1F, 0xFF, 0x00, 0x00, //
		0x1F, 0xFF, 0x80, 0x00, //
		0x1F, 0xFF, 0xC0, 0x00, //
		0x1F, 0xBF, 0xE0, 0x00, //
		0x1F, 0x9F, 0xF0, 0x00, //
		0x1F, 0x8F, 0xF8, 0x00, //
		0x1F, 0x87, 0xFC, 0x00, //
		0x1F, 0x83, 0xFE, 0x00, //
		0x1F, 0x81, 0xFF, 0x00, //
		0x1F, 0x80, 0xFF, 0x80, //
		0x1F, 0x80, 0x7F, 0xC0, //
		0x1F, 0x80, 0x3F, 0xE0, //
		0x1F, 0x80, 0x1F, 0xF0, //

		// @-1268 'L' (28 pixels wide)
		0x00, 0x00, 0x00, 0x00, //
		0x00, 0x00, 0x00, 0x00, //
		0x00, 0x00, 0x00, 0x00, //
		0x00, 0x00, 0x00, 0x00, //
		0x00, 0x00, 0x00, 0x00, //
		0x00, 0x00, 0x00, 0x00, //
		0x00, 0x00, 0x00, 0x00, //
		0x00, 0x00, 0x00, 0x00, //
		0x00, 0x00, 0x00, 0x00, //
		0x00, 0x00, 0x00, 0x00, //
		0x00, 0x00, 0x00, 0x00, //
		0x00, 0x00, 0x00, 0x00, //
		0x00, 0x00, 0x00, 0x00, //
		0x00, 0x00, 0x00, 0x00, //
		0x00, 0x00, 0x00, 0x00, //
		0x00, 0x00, 0x00, 0x00, //
		0x07, 0xE0, 0x00, 0x00, //
		0x07, 0xE0, 0x00, 0x00, //
		0x07, 0xE0, 0x00, 0x00, //
		0x07, 0xE0, 0x00, 0x00, //
		0x07, 0xE0, 0x00, 0x00, //
		0x07, 0xE0, 0x00, 0x00, //
		0x07, 0xE0, 0x00, 0x00, //
		0x07, 0xE0, 0x00, 0x00, //
		0x07, 0xE0, 0x00, 0x00, //
		0x07, 0xE0, 0x00, 0x00, //
		0x07, 0xE0, 0x00, 0x00, //
		0x07, 0xE0, 0x00, 0x00, //
		0x07, 0xE0, 0x00, 0x00, //
		0x07, 0xE0, 0x00, 0x00, //
		0x07, 0xE0, 0x00, 0x00, //
		0x07, 0xE0, 0x00, 0x00, //
		0x07, 0xE0, 0x00, 0x00, //
		0x07, 0xE0, 0x00, 0x00, //
		0x07, 0xE0, 0x00, 0x00, //
		0x07, 0xE0, 0x00, 0x00, //
		0x07, 0xE0, 0x00, 0x00, //
		0x07, 0xFF, 0xFF, 0x00, //
		0x07, 0xFF, 0xFF, 0x00, //
		0x07, 0xFF, 0xFF, 0x00, //
		0x07, 0xFF, 0xFF, 0x00, //
		0x07, 0xFF, 0xFF, 0x00, //

		// @-1267 'M' (28 pixels wide)
		0x00, 0x00, 0x00, 0x00, //
		0x00, 0x00, 0x00, 0x00, //
		0x00, 0x00, 0x00, 0x00, //
		0x00, 0x00, 0x00, 0x00, //
		0x00, 0x00, 0x00, 0x00, //
		0x00, 0x00, 0x00, 0x00, //
		0x00, 0x00, 0x00, 0x00, //
		0x00, 0x00, 0x00, 0x00, //
		0x00, 0x00, 0x00, 0x00, //
		0x00, 0x00, 0x00, 0x00, //
		0x00, 0x00, 0x00, 0x00, //
		0x00, 0x00, 0x00, 0x00, //
		0x00, 0x00, 0x00, 0x00, //
		0x00, 0x00, 0x00, 0x00, //
		0x00, 0x00, 0x00, 0x00, //
		0x00, 0x00, 0x00, 0x00, //
		0xFC, 0x00, 0x07, 0xF0, //
		0xFE, 0x00, 0x0F, 0xF0, //
		0xFE, 0x00, 0x0F, 0xF0, //
		0xFF, 0x00, 0x1F, 0xF0, //
		0xFF, 0x00, 0x1F, 0xF0, //
		0xFF, 0x80, 0x3F, 0xF0, //
		0xFF, 0x80, 0x3F, 0xF0, //
		0xFF, 0xC0, 0x7F, 0xF0, //
		0xFB, 0xC0, 0x7B, 0xF0, //
		0xFB, 0xE0, 0xFB, 0xF0, //
		0xF9, 0xE0, 0xF3, 0xF0, //
		0xF9, 0xE0, 0xF3, 0xF0, //
		0xF9, 0xF1, 0xF3, 0xF0, //
		0xF8, 0xF1, 0xE3, 0xF0, //
		0xF8, 0xFB, 0xE3, 0xF0, //
		0xF8, 0x7B, 0xC3, 0xF0, //
		0xF8, 0x7F, 0xC3, 0xF0, //
		0xF8, 0x3F, 0x83, 0xF0, //
		0xF8, 0x3F, 0x83, 0xF0, //
		0xF8, 0x1F, 0x03, 0xF0, //
		0xF8, 0x1F, 0x03, 0xF0, //
		0xF8, 0x00, 0x03, 0xF0, //
		0xF8, 0x00, 0x03, 0xF0, //
		0xF8, 0x00, 0x03, 0xF0, //
		0xF8, 0x00, 0x03, 0xF0, //
		0xF8, 0x00, 0x03, 0xF0, //

		// @-1266 'N' (28 pixels wide)
		0x00, 0x00, 0x00, 0x00, //
		0x00, 0x00, 0x00, 0x00, //
		0x00, 0x00, 0x00, 0x00, //
		0x00, 0x00, 0x00, 0x00, //
		0x00, 0x00, 0x00, 0x00, //
		0x00, 0x00, 0x00, 0x00, //
		0x00, 0x00, 0x00, 0x00, //
		0x00, 0x00, 0x00, 0x00, //
		0x00, 0x00, 0x00, 0x00, //
		0x00, 0x00, 0x00, 0x00, //
		0x00, 0x00, 0x00, 0x00, //
		0x00, 0x00, 0x00, 0x00, //
		0x00, 0x00, 0x00, 0x00, //
		0x00, 0x00, 0x00, 0x00, //
		0x00, 0x00, 0x00, 0x00, //
		0x00, 0x00, 0x00, 0x00, //
		0x3F, 0xC0, 0x0F, 0xC0, //
		0x3F, 0xC0, 0x0F, 0xC0, //
		0x3F, 0xE0, 0x0F, 0xC0, //
		0x3F, 0xE0, 0x0F, 0xC0, //
		0x3F, 0xF0, 0x0F, 0xC0, //
		0x3F, 0xF0, 0x0F, 0xC0, //
		0x3F, 0xF8, 0x0F, 0xC0, //
		0x3F, 0x78, 0x0F, 0xC0, //
		0x3F, 0x7C, 0x0F, 0xC0, //
		0x3F, 0x3C, 0x0F, 0xC0, //
		0x3F, 0x3E, 0x0F, 0xC0, //
		0x3F, 0x1E, 0x0F, 0xC0, //
		0x3F, 0x1F, 0x0F, 0xC0, //
		0x3F, 0x0F, 0x0F, 0xC0, //
		0x3F, 0x0F, 0x8F, 0xC0, //
		0x3F, 0x07, 0x8F, 0xC0, //
		0x3F, 0x03, 0xCF, 0xC0, //
		0x3F, 0x03, 0xCF, 0xC0, //
		0x3F, 0x01, 0xEF, 0xC0, //
		0x3F, 0x01, 0xFF, 0xC0, //
		0x3F, 0x00, 0xFF, 0xC0, //
		0x3F, 0x00, 0xFF, 0xC0, //
		0x3F, 0x00, 0x7F, 0xC0, //
		0x3F, 0x00, 0x7F, 0xC0, //
		0x3F, 0x00, 0x3F, 0xC0, //
		0x3F, 0x00, 0x3F, 0xC0, //

		// @-1265 'O' (28 pixels wide)
		0x00, 0x00, 0x00, 0x00, //
		0x00, 0x00, 0x00, 0x00, //
		0x00, 0x00, 0x00, 0x00, //
		0x00, 0x00, 0x00, 0x00, //
		0x00, 0x00, 0x00, 0x00, //
		0x00, 0x00, 0x00, 0x00, //
		0x00, 0x00, 0x00, 0x00, //
		0x00, 0x00, 0x00, 0x00, //
		0x00, 0x00, 0x00, 0x00, //
		0x00, 0x00, 0x00, 0x00, //
		0x00, 0x00, 0x00, 0x00, //
		0x00, 0x00, 0x00, 0x00, //
		0x00, 0x00, 0x00, 0x00, //
		0x00, 0x00, 0x00, 0x00, //
		0x00, 0x00, 0x00, 0x00, //
		0x00, 0x00, 0x00, 0x00, //
		0x00, 0x3F, 0xE0, 0x00, //
		0x01, 0xFF, 0xFC, 0x00, //
		0x03, 0xFF, 0xFE, 0x00, //
		0x07, 0xFF, 0xFF, 0x00, //
		0x0F, 0xFF, 0xFF, 0x80, //
		0x1F, 0xE0, 0x3F, 0xC0, //
		0x3F, 0xC0, 0x1F, 0xE0, //
		0x3F, 0x80, 0x0F, 0xE0, //
		0x3F, 0x00, 0x07, 0xE0, //
		0x7F, 0x00, 0x07, 0xF0, //
		0x7E, 0x00, 0x03, 0xF0, //
		0x7E, 0x00, 0x03, 0xF0, //
		0x7E, 0x00, 0x03, 0xF0, //
		0x7E, 0x00, 0x03, 0xF0, //
		0x7E, 0x00, 0x03, 0xF0, //
		0x7E, 0x00, 0x03, 0xF0, //
		0x7F, 0x00, 0x07, 0xF0, //
		0x3F, 0x00, 0x07, 0xE0, //
		0x3F, 0x80, 0x0F, 0xE0, //
		0x3F, 0xC0, 0x1F, 0xE0, //
		0x1F, 0xE0, 0x3F, 0xC0, //
		0x0F, 0xFF, 0xFF, 0x80, //
		0x07, 0xFF, 0xFF, 0x00, //
		0x03, 0xFF, 0xFE, 0x00, //
		0x01, 0xFF, 0xFC, 0x00, //
		0x00, 0x3F, 0xE0, 0x00, //

		// @-1264 'P' (28 pixels wide)
		0x00, 0x00, 0x00, 0x00, //
		0x00, 0x00, 0x00, 0x00, //
		0x00, 0x00, 0x00, 0x00, //
		0x00, 0x00, 0x00, 0x00, //
		0x00, 0x00, 0x00, 0x00, //
		0x00, 0x00, 0x00, 0x00, //
		0x00, 0x00, 0x00, 0x00, //
		0x00, 0x00, 0x00, 0x00, //
		0x00, 0x00, 0x00, 0x00, //
		0x00, 0x00, 0x00, 0x00, //
		0x00, 0x00, 0x00, 0x00, //
		0x00, 0x00, 0x00, 0x00, //
		0x00, 0x00, 0x00, 0x00, //
		0x00, 0x00, 0x00, 0x00, //
		0x00, 0x00, 0x00, 0x00, //
		0x00, 0x00, 0x00, 0x00, //
		0x0F, 0xFF, 0xF0, 0x00, //
		0x0F, 0xFF, 0xFC, 0x00, //
		0x0F, 0xFF, 0xFF, 0x00, //
		0x0F, 0xFF, 0xFF, 0x80, //
		0x0F, 0xFF, 0xFF, 0x80, //
		0x0F, 0xC0, 0x3F, 0xC0, //
		0x0F, 0xC0, 0x1F, 0xC0, //
		0x0F, 0xC0, 0x0F, 0xC0, //
		0x0F, 0xC0, 0x0F, 0xC0, //
		0x0F, 0xC0, 0x0F, 0xC0, //
		0x0F, 0xC0, 0x1F, 0xC0, //
		0x0F, 0xC0, 0x3F, 0xC0, //
		0x0F, 0xFF, 0xFF, 0x80, //
		0x0F, 0xFF, 0xFF, 0x80, //
		0x0F, 0xFF, 0xFF, 0x00, //
		0x0F, 0xFF, 0xFC, 0x00, //
		0x0F, 0xFF, 0xF0, 0x00, //
		0x0F, 0xC0, 0x00, 0x00, //
		0x0F, 0xC0, 0x00, 0x00, //
		0x0F, 0xC0, 0x00, 0x00, //
		0x0F, 0xC0, 0x00, 0x00, //
		0x0F, 0xC0, 0x00, 0x00, //
		0x0F, 0xC0, 0x00, 0x00, //
		0x0F, 0xC0, 0x00, 0x00, //
		0x0F, 0xC0, 0x00, 0x00, //
		0x0F, 0xC0, 0x00, 0x00, //

		// @-1263 'Q' (28 pixels wide)
		0x00, 0x00, 0x00, 0x00, //
		0x00, 0x00, 0x00, 0x00, //
		0x00, 0x00, 0x00, 0x00, //
		0x00, 0x00, 0x00, 0x00, //
		0x00, 0x00, 0x00, 0x00, //
		0x00, 0x00, 0x00, 0x00, //
		0x00, 0x00, 0x00, 0x00, //
		0x00, 0x00, 0x00, 0x00, //
		0x00, 0x00, 0x00, 0x00, //
		0x00, 0x00, 0x00, 0x00, //
		0x00, 0x00, 0x00, 0x00, //
		0x00, 0x00, 0x00, 0x00, //
		0x00, 0x00, 0x00, 0x00, //
		0x00, 0x3F, 0xE0, 0x00, //
		0x01, 0xFF, 0xFC, 0x00, //
		0x03, 0xFF, 0xFE, 0x00, //
		0x07, 0xFF, 0xFF, 0x80, //
		0x0F, 0xFF, 0xFF, 0x80, //
		0x1F, 0xE0, 0x3F, 0xC0, //
		0x3F, 0xC0, 0x1F, 0xE0, //
		0x3F, 0x80, 0x0F, 0xE0, //
		0x3F, 0x00, 0x07, 0xE0, //
		0x7F, 0x00, 0x07, 0xF0, //
		0x7E, 0x00, 0x03, 0xF0, //
		0x7E, 0x00, 0x03, 0xF0, //
		0x7E, 0x00, 0x03, 0xF0, //
		0x7E, 0x00, 0x03, 0xF0, //
		0x7E, 0x00, 0x03, 0xF0, //
		0x7E, 0x00, 0x03, 0xF0, //
		0x7E, 0x00, 0x07, 0xF0, //
		0x3F, 0x00, 0x07, 0xE0, //
		0x3F, 0x80, 0x0F, 0xE0, //
		0x3F, 0xC0, 0x1F, 0xE0, //
		0x1F, 0xE0, 0x3F, 0xC0, //
		0x0F, 0xFF, 0xFF, 0xC0, //
		0x07, 0xFF, 0xFF, 0x80, //
		0x03, 0xFF, 0xFF, 0x00, //
		0x01, 0xFF, 0xFC, 0x00, //
		0x00, 0x3F, 0xFC, 0x00, //
		0x00, 0x00, 0xFE, 0x00, //
		0x00, 0x00, 0x7F, 0x00, //
		0x00, 0x00, 0x7F, 0x00, //

		// @-1262 'R' (28 pixels wide)
		0x00, 0x00, 0x00, 0x00, //
		0x00, 0x00, 0x00, 0x00, //
		0x00, 0x00, 0x00, 0x00, //
		0x00, 0x00, 0x00, 0x00, //
		0x00, 0x00, 0x00, 0x00, //
		0x00, 0x00, 0x00, 0x00, //
		0x00, 0x00, 0x00, 0x00, //
		0x00, 0x00, 0x00, 0x00, //
		0x00, 0x00, 0x00, 0x00, //
		0x00, 0x00, 0x00, 0x00, //
		0x00, 0x00, 0x00, 0x00, //
		0x00, 0x00, 0x00, 0x00, //
		0x00, 0x00, 0x00, 0x00, //
		0x00, 0x00, 0x00, 0x00, //
		0x00, 0x00, 0x00, 0x00, //
		0x00, 0x00, 0x00, 0x00, //
		0x1F, 0xFF, 0xC0, 0x00, //
		0x1F, 0xFF, 0xF0, 0x00, //
		0x1F, 0xFF, 0xFC, 0x00, //
		0x1F, 0xFF, 0xFC, 0x00, //
		0x1F, 0xFF, 0xFE, 0x00, //
		0x1F, 0x80, 0xFE, 0x00, //
		0x1F, 0x80, 0x7E, 0x00, //
		0x1F, 0x80, 0x7E, 0x00, //
		0x1F, 0x80, 0x7E, 0x00, //
		0x1F, 0x80, 0x7E, 0x00, //
		0x1F, 0x81, 0xFC, 0x00, //
		0x1F, 0xFF, 0xFC, 0x00, //
		0x1F, 0xFF, 0xF8, 0x00, //
		0x1F, 0xFF, 0xE0, 0x00, //
		0x1F, 0xFF, 0xF0, 0x00, //
		0x1F, 0xFF, 0xF8, 0x00, //
		0x1F, 0x83, 0xFC, 0x00, //
		0x1F, 0x81, 0xFC, 0x00, //
		0x1F, 0x80, 0xFE, 0x00, //
		0x1F, 0x80, 0x7E, 0x00, //
		0x1F, 0x80, 0x7F, 0x00, //
		0x1F, 0x80, 0x7F, 0x00, //
		0x1F, 0x80, 0x3F, 0x00, //
		0x1F, 0x80, 0x3F, 0x80, //
		0x1F, 0x80, 0x1F, 0x80, //
		0x1F, 0x80, 0x1F, 0xC0, //

		// @-1261 'S' (28 pixels wide)
		0x00, 0x00, 0x00, 0x00, //
		0x00, 0x00, 0x00, 0x00, //
		0x00, 0x00, 0x00, 0x00, //
		0x00, 0x00, 0x00, 0x00, //
		0x00, 0x00, 0x00, 0x00, //
		0x00, 0x00, 0x00, 0x00, //
		0x00, 0x00, 0x00, 0x00, //
		0x00, 0x00, 0x00, 0x00, //
		0x00, 0x00, 0x00, 0x00, //
		0x00, 0x00, 0x00, 0x00, //
		0x00, 0x00, 0x00, 0x00, //
		0x00, 0x00, 0x00, 0x00, //
		0x00, 0x00, 0x00, 0x00, //
		0x00, 0x00, 0x00, 0x00, //
		0x00, 0x00, 0x00, 0x00, //
		0x00, 0x00, 0x00, 0x00, //
		0x00, 0x3F, 0xE0, 0x00, //
		0x01, 0xFF, 0xFE, 0x00, //
		0x03, 0xFF, 0xFE, 0x00, //
		0x07, 0xFF, 0xFE, 0x00, //
		0x07, 0xFF, 0xFE, 0x00, //
		0x0F, 0xF0, 0x1E, 0x00, //
		0x0F, 0xC0, 0x02, 0x00, //
		0x0F, 0xC0, 0x00, 0x00, //
		0x0F, 0xC0, 0x00, 0x00, //
		0x0F, 0xF0, 0x00, 0x00, //
		0x07, 0xFF, 0x80, 0x00, //
		0x07, 0xFF, 0xF8, 0x00, //
		0x03, 0xFF, 0xFE, 0x00, //
		0x00, 0xFF, 0xFF, 0x00, //
		0x00, 0x1F, 0xFF, 0x00, //
		0x00, 0x00, 0xFF, 0x80, //
		0x00, 0x00, 0x3F, 0x80, //
		0x00, 0x00, 0x1F, 0x80, //
		0x08, 0x00, 0x1F, 0x80, //
		0x0E, 0x00, 0x1F, 0x80, //
		0x0F, 0xC0, 0x7F, 0x80, //
		0x0F, 0xFF, 0xFF, 0x00, //
		0x0F, 0xFF, 0xFF, 0x00, //
		0x0F, 0xFF, 0xFE, 0x00, //
		0x07, 0xFF, 0xFC, 0x00, //
		0x00, 0x7F, 0xE0, 0x00, //

		// @-1260 'T' (28 pixels wide)
		0x00, 0x00, 0x00, 0x00, //
		0x00, 0x00, 0x00, 0x00, //
		0x00, 0x00, 0x00, 0x00, //
		0x00, 0x00, 0x00, 0x00, //
		0x00, 0x00, 0x00, 0x00, //
		0x00, 0x00, 0x00, 0x00, //
		0x00, 0x00, 0x00, 0x00, //
		0x00, 0x00, 0x00, 0x00, //
		0x00, 0x00, 0x00, 0x00, //
		0x00, 0x00, 0x00, 0x00, //
		0x00, 0x00, 0x00, 0x00, //
		0x00, 0x00, 0x00, 0x00, //
		0x00, 0x00, 0x00, 0x00, //
		0x00, 0x00, 0x00, 0x00, //
		0x00, 0x00, 0x00, 0x00, //
		0x00, 0x00, 0x00, 0x00, //
		0x7F, 0xFF, 0xFF, 0x80, //
		0x7F, 0xFF, 0xFF, 0x80, //
		0x7F, 0xFF, 0xFF, 0x80, //
		0x7F, 0xFF, 0xFF, 0x80, //
		0x7F, 0xFF, 0xFF, 0x80, //
		0x00, 0x3F, 0x00, 0x00, //
		0x00, 0x3F, 0x00, 0x00, //
		0x00, 0x3F, 0x00, 0x00, //
		0x00, 0x3F, 0x00, 0x00, //
		0x00, 0x3F, 0x00, 0x00, //
		0x00, 0x3F, 0x00, 0x00, //
		0x00, 0x3F, 0x00, 0x00, //
		0x00, 0x3F, 0x00, 0x00, //
		0x00, 0x3F, 0x00, 0x00, //
		0x00, 0x3F, 0x00, 0x00, //
		0x00, 0x3F, 0x00, 0x00, //
		0x00, 0x3F, 0x00, 0x00, //
		0x00, 0x3F, 0x00, 0x00, //
		0x00, 0x3F, 0x00, 0x00, //
		0x00, 0x3F, 0x00, 0x00, //
		0x00, 0x3F, 0x00, 0x00, //
		0x00, 0x3F, 0x00, 0x00, //
		0x00, 0x3F, 0x00, 0x00, //
		0x00, 0x3F, 0x00, 0x00, //
		0x00, 0x3F, 0x00, 0x00, //
		0x00, 0x3F, 0x00, 0x00, //

		// @-1259 'U' (28 pixels wide)
		0x00, 0x00, 0x00, 0x00, //
		0x00, 0x00, 0x00, 0x00, //
		0x00, 0x00, 0x00, 0x00, //
		0x00, 0x00, 0x00, 0x00, //
		0x00, 0x00, 0x00, 0x00, //
		0x00, 0x00, 0x00, 0x00, //
		0x00, 0x00, 0x00, 0x00, //
		0x00, 0x00, 0x00, 0x00, //
		0x00, 0x00, 0x00, 0x00, //
		0x00, 0x00, 0x00, 0x00, //
		0x00, 0x00, 0x00, 0x00, //
		0x00, 0x00, 0x00, 0x00, //
		0x00, 0x00, 0x00, 0x00, //
		0x00, 0x00, 0x00, 0x00, //
		0x00, 0x00, 0x00, 0x00, //
		0x00, 0x00, 0x00, 0x00, //
		0x1F, 0x80, 0x0F, 0xC0, //
		0x1F, 0x80, 0x0F, 0xC0, //
		0x1F, 0x80, 0x0F, 0xC0, //
		0x1F, 0x80, 0x0F, 0xC0, //
		0x1F, 0x80, 0x0F, 0xC0, //
		0x1F, 0x80, 0x0F, 0xC0, //
		0x1F, 0x80, 0x0F, 0xC0, //
		0x1F, 0x80, 0x0F, 0xC0, //
		0x1F, 0x80, 0x0F, 0xC0, //
		0x1F, 0x80, 0x0F, 0xC0, //
		0x1F, 0x80, 0x0F, 0xC0, //
		0x1F, 0x80, 0x0F, 0xC0, //
		0x1F, 0x80, 0x0F, 0xC0, //
		0x1F, 0x80, 0x0F, 0xC0, //
		0x1F, 0x80, 0x0F, 0xC0, //
		0x1F, 0x80, 0x0F, 0xC0, //
		0x1F, 0x80, 0x0F, 0xC0, //
		0x1F, 0x80, 0x0F, 0xC0, //
		0x1F, 0xC0, 0x1F, 0xC0, //
		0x0F, 0xC0, 0x1F, 0x80, //
		0x0F, 0xF0, 0x7F, 0x80, //
		0x0F, 0xFF, 0xFF, 0x80, //
		0x07, 0xFF, 0xFF, 0x00, //
		0x03, 0xFF, 0xFE, 0x00, //
		0x01, 0xFF, 0xFC, 0x00, //
		0x00, 0x3F, 0xE0, 0x00, //

		// @-1258 'V' (28 pixels wide)
		0x00, 0x00, 0x00, 0x00, //
		0x00, 0x00, 0x00, 0x00, //
		0x00, 0x00, 0x00, 0x00, //
		0x00, 0x00, 0x00, 0x00, //
		0x00, 0x00, 0x00, 0x00, //
		0x00, 0x00, 0x00, 0x00, //
		0x00, 0x00, 0x00, 0x00, //
		0x00, 0x00, 0x00, 0x00, //
		0x00, 0x00, 0x00, 0x00, //
		0x00, 0x00, 0x00, 0x00, //
		0x00, 0x00, 0x00, 0x00, //
		0x00, 0x00, 0x00, 0x00, //
		0x00, 0x00, 0x00, 0x00, //
		0x00, 0x00, 0x00, 0x00, //
		0x00, 0x00, 0x00, 0x00, //
		0x00, 0x00, 0x00, 0x00, //
		0xFE, 0x00, 0x07, 0xF0, //
		0x7E, 0x00, 0x07, 0xE0, //
		0x7E, 0x00, 0x07, 0xE0, //
		0x7F, 0x00, 0x0F, 0xE0, //
		0x3F, 0x00, 0x0F, 0xC0, //
		0x3F, 0x80, 0x1F, 0xC0, //
		0x3F, 0x80, 0x1F, 0xC0, //
		0x1F, 0x80, 0x1F, 0x80, //
		0x1F, 0xC0, 0x3F, 0x80, //
		0x0F, 0xC0, 0x3F, 0x00, //
		0x0F, 0xC0, 0x3F, 0x00, //
		0x0F, 0xE0, 0x7F, 0x00, //
		0x07, 0xE0, 0x7E, 0x00, //
		0x07, 0xF0, 0xFE, 0x00, //
		0x03, 0xF0, 0xFE, 0x00, //
		0x03, 0xF0, 0xFC, 0x00, //
		0x03, 0xF9, 0xFC, 0x00, //
		0x01, 0xF9, 0xF8, 0x00, //
		0x01, 0xF9, 0xF8, 0x00, //
		0x01, 0xFF, 0xF8, 0x00, //
		0x00, 0xFF, 0xF0, 0x00, //
		0x00, 0xFF, 0xF0, 0x00, //
		0x00, 0x7F, 0xE0, 0x00, //
		0x00, 0x7F, 0xE0, 0x00, //
		0x00, 0x7F, 0xE0, 0x00, //
		0x00, 0x3F, 0xC0, 0x00, //

		// @-1257 'W' (28 pixels wide)
		0x00, 0x00, 0x00, 0x00, //
		0x00, 0x00, 0x00, 0x00, //
		0x00, 0x00, 0x00, 0x00, //
		0x00, 0x00, 0x00, 0x00, //
		0x00, 0x00, 0x00, 0x00, //
		0x00, 0x00, 0x00, 0x00, //
		0x00, 0x00, 0x00, 0x00, //
		0x00, 0x00, 0x00, 0x00, //
		0x00, 0x00, 0x00, 0x00, //
		0x00, 0x00, 0x00, 0x00, //
		0x00, 0x00, 0x00, 0x00, //
		0x00, 0x00, 0x00, 0x00, //
		0x00, 0x00, 0x00, 0x00, //
		0x00, 0x00, 0x00, 0x00, //
		0x00, 0x00, 0x00, 0x00, //
		0x00, 0x00, 0x00, 0x00, //
		0x80, 0x1F, 0x80, 0x10, //
		0xC0, 0x3F, 0xC0, 0x30, //
		0xC0, 0x3F, 0xC0, 0x30, //
		0xC0, 0x3F, 0xC0, 0x30, //
		0xC0, 0x3F, 0xC0, 0x30, //
		0xE0, 0x7D, 0xE0, 0x70, //
		0xE0, 0x79, 0xE0, 0x70, //
		0xE0, 0x79, 0xE0, 0x70, //
		0xE0, 0x79, 0xE0, 0x70, //
		0xE0, 0xF9, 0xF0, 0x70, //
		0xF0, 0xF0, 0xF0, 0xF0, //
		0xF0, 0xF0, 0xF0, 0xF0, //
		0xF0, 0xF0, 0xF0, 0xF0, //
		0xF1, 0xF0, 0xF8, 0xF0, //
		0xF9, 0xE0, 0x79, 0xF0, //
		0xF9, 0xE0, 0x79, 0xF0, //
		0xF9, 0xE0, 0x79, 0xF0, //
		0xFB, 0xE0, 0x7D, 0xF0, //
		0xFF, 0xC0, 0x3F, 0xF0, //
		0xFF, 0xC0, 0x3F, 0xF0, //
		0xFF, 0xC0, 0x3F, 0xF0, //
		0xFF, 0xC0, 0x3F, 0xF0, //
		0xFF, 0x80, 0x1F, 0xF0, //
		0x7F, 0x80, 0x1F, 0xE0, //
		0x7F, 0x80, 0x1F, 0xE0, //
		0x7F, 0x80, 0x1F, 0xE0, //

		// @-1256 'X' (28 pixels wide)
		0x00, 0x00, 0x00, 0x00, //
		0x00, 0x00, 0x00, 0x00, //
		0x00, 0x00, 0x00, 0x00, //
		0x00, 0x00, 0x00, 0x00, //
		0x00, 0x00, 0x00, 0x00, //
		0x00, 0x00, 0x00, 0x00, //
		0x00, 0x00, 0x00, 0x00, //
		0x00, 0x00, 0x00, 0x00, //
		0x00, 0x00, 0x00, 0x00, //
		0x00, 0x00, 0x00, 0x00, //
		0x00, 0x00, 0x00, 0x00, //
		0x00, 0x00, 0x00, 0x00, //
		0x00, 0x00, 0x00, 0x00, //
		0x00, 0x00, 0x00, 0x00, //
		0x00, 0x00, 0x00, 0x00, //
		0x00, 0x00, 0x00, 0x00, //
		0x7F, 0x80, 0x1F, 0xE0, //
		0x3F, 0x80, 0x1F, 0xC0, //
		0x1F, 0xC0, 0x3F, 0x80, //
		0x1F, 0xE0, 0x7F, 0x80, //
		0x0F, 0xE0, 0x7F, 0x00, //
		0x07, 0xF0, 0xFE, 0x00, //
		0x03, 0xF9, 0xFC, 0x00, //
		0x03, 0xFF, 0xFC, 0x00, //
		0x01, 0xFF, 0xF8, 0x00, //
		0x00, 0xFF, 0xF0, 0x00, //
		0x00, 0xFF, 0xF0, 0x00, //
		0x00, 0x7F, 0xE0, 0x00, //
		0x00, 0x3F, 0xC0, 0x00, //
		0x00, 0x7F, 0xE0, 0x00, //
		0x00, 0x7F, 0xE0, 0x00, //
		0x00, 0xFF, 0xF0, 0x00, //
		0x01, 0xFF, 0xF8, 0x00, //
		0x01, 0xFF, 0xF8, 0x00, //
		0x03, 0xF9, 0xFC, 0x00, //
		0x07, 0xF9, 0xFE, 0x00, //
		0x07, 0xF0, 0xFE, 0x00, //
		0x0F, 0xE0, 0x7F, 0x00, //
		0x1F, 0xE0, 0x7F, 0x80, //
		0x1F, 0xC0, 0x3F, 0x80, //
		0x3F, 0x80, 0x1F, 0xC0, //
		0x7F, 0x80, 0x1F, 0xE0, //

		// @-1255 'Y' (28 pixels wide)
		0x00, 0x00, 0x00, 0x00, //
		0x00, 0x00, 0x00, 0x00, //
		0x00, 0x00, 0x00, 0x00, //
		0x00, 0x00, 0x00, 0x00, //
		0x00, 0x00, 0x00, 0x00, //
		0x00, 0x00, 0x00, 0x00, //
		0x00, 0x00, 0x00, 0x00, //
		0x00, 0x00, 0x00, 0x00, //
		0x00, 0x00, 0x00, 0x00, //
		0x00, 0x00, 0x00, 0x00, //
		0x00, 0x00, 0x00, 0x00, //
		0x00, 0x00, 0x00, 0x00, //
		0x00, 0x00, 0x00, 0x00, //
		0x00, 0x00, 0x00, 0x00, //
		0x00, 0x00, 0x00, 0x00, //
		0x00, 0x00, 0x00, 0x00, //
		0x7F, 0x80, 0x1F, 0xE0, //
		0x3F, 0x80, 0x1F, 0xC0, //
		0x1F, 0xC0, 0x3F, 0x80, //
		0x1F, 0xE0, 0x7F, 0x80, //
		0x0F, 0xE0, 0x7F, 0x00, //
		0x07, 0xF0, 0xFE, 0x00, //
		0x07, 0xF9, 0xFE, 0x00, //
		0x03, 0xF9, 0xFC, 0x00, //
		0x01, 0xFF, 0xF8, 0x00, //
		0x01, 0xFF, 0xF8, 0x00, //
		0x00, 0xFF, 0xF0, 0x00, //
		0x00, 0x7F, 0xE0, 0x00, //
		0x00, 0x7F, 0xE0, 0x00, //
		0x00, 0x3F, 0xC0, 0x00, //
		0x00, 0x1F, 0x80, 0x00, //
		0x00, 0x1F, 0x80, 0x00, //
		0x00, 0x1F, 0x80, 0x00, //
		0x00, 0x1F, 0x80, 0x00, //
		0x00, 0x1F, 0x80, 0x00, //
		0x00, 0x1F, 0x80, 0x00, //
		0x00, 0x1F, 0x80, 0x00, //
		0x00, 0x1F, 0x80, 0x00, //
		0x00, 0x1F, 0x80, 0x00, //
		0x00, 0x1F, 0x80, 0x00, //
		0x00, 0x1F, 0x80, 0x00, //
		0x00, 0x1F, 0x80, 0x00, //

		// @-1254 'Z' (28 pixels wide)
		0x00, 0x00, 0x00, 0x00, //
		0x00, 0x00, 0x00, 0x00, //
		0x00, 0x00, 0x00, 0x00, //
		0x00, 0x00, 0x00, 0x00, //
		0x00, 0x00, 0x00, 0x00, //
		0x00, 0x00, 0x00, 0x00, //
		0x00, 0x00, 0x00, 0x00, //
		0x00, 0x00, 0x00, 0x00, //
		0x00, 0x00, 0x00, 0x00, //
		0x00, 0x00, 0x00, 0x00, //
		0x00, 0x00, 0x00, 0x00, //
		0x00, 0x00, 0x00, 0x00, //
		0x00, 0x00, 0x00, 0x00, //
		0x00, 0x00, 0x00, 0x00, //
		0x00, 0x00, 0x00, 0x00, //
		0x00, 0x00, 0x00, 0x00, //
		0x1F, 0xFF, 0xFF, 0xC0, //
		0x1F, 0xFF, 0xFF, 0xC0, //
		0x1F, 0xFF, 0xFF, 0xC0, //
		0x1F, 0xFF, 0xFF, 0xC0, //
		0x1F, 0xFF, 0xFF, 0xC0, //
		0x00, 0x00, 0x7F, 0x80, //
		0x00, 0x00, 0xFF, 0x00, //
		0x00, 0x01, 0xFE, 0x00, //
		0x00, 0x03, 0xFC, 0x00, //
		0x00, 0x07, 0xF8, 0x00, //
		0x00, 0x07, 0xF8, 0x00, //
		0x00, 0x0F, 0xF0, 0x00, //
		0x00, 0x1F, 0xE0, 0x00, //
		0x00, 0x3F, 0xC0, 0x00, //
		0x00, 0x7F, 0x80, 0x00, //
		0x00, 0xFF, 0x00, 0x00, //
		0x00, 0xFE, 0x00, 0x00, //
		0x01, 0xFE, 0x00, 0x00, //
		0x03, 0xFC, 0x00, 0x00, //
		0x07, 0xF8, 0x00, 0x00, //
		0x0F, 0xF0, 0x00, 0x00, //
		0x1F, 0xFF, 0xFF, 0xC0, //
		0x1F, 0xFF, 0xFF, 0xC0, //
		0x1F, 0xFF, 0xFF, 0xC0, //
		0x1F, 0xFF, 0xFF, 0xC0, //
		0x1F, 0xFF, 0xFF, 0xC0, //

		// @-1253 '[' (28 pixels wide)
		0x00, 0x00, 0x00, 0x00, //
		0x00, 0x00, 0x00, 0x00, //
		0x00, 0x00, 0x00, 0x00, //
		0x00, 0x00, 0x00, 0x00, //
		0x00, 0x00, 0x00, 0x00, //
		0x00, 0x00, 0x00, 0x00, //
		0x00, 0x00, 0x00, 0x00, //
		0x00, 0x00, 0x00, 0x00, //
		0x00, 0x00, 0x00, 0x00, //
		0x00, 0x00, 0x00, 0x00, //
		0x00, 0x00, 0x00, 0x00, //
		0x00, 0x00, 0x00, 0x00, //
		0x00, 0x7F, 0xF0, 0x00, //
		0x00, 0x7F, 0xF0, 0x00, //
		0x00, 0x7F, 0xF0, 0x00, //
		0x00, 0x7F, 0xF0, 0x00, //
		0x00, 0x7E, 0x00, 0x00, //
		0x00, 0x7E, 0x00, 0x00, //
		0x00, 0x7E, 0x00, 0x00, //
		0x00, 0x7E, 0x00, 0x00, //
		0x00, 0x7E, 0x00, 0x00, //
		0x00, 0x7E, 0x00, 0x00, //
		0x00, 0x7E, 0x00, 0x00, //
		0x00, 0x7E, 0x00, 0x00, //
		0x00, 0x7E, 0x00, 0x00, //
		0x00, 0x7E, 0x00, 0x00, //
		0x00, 0x7E, 0x00, 0x00, //
		0x00, 0x7E, 0x00, 0x00, //
		0x00, 0x7E, 0x00, 0x00, //
		0x00, 0x7E, 0x00, 0x00, //
		0x00, 0x7E, 0x00, 0x00, //
		0x00, 0x7E, 0x00, 0x00, //
		0x00, 0x7E, 0x00, 0x00, //
		0x00, 0x7E, 0x00, 0x00, //
		0x00, 0x7E, 0x00, 0x00, //
		0x00, 0x7E, 0x00, 0x00, //
		0x00, 0x7E, 0x00, 0x00, //
		0x00, 0x7E, 0x00, 0x00, //
		0x00, 0x7E, 0x00, 0x00, //
		0x00, 0x7E, 0x00, 0x00, //
		0x00, 0x7F, 0xF0, 0x00, //
		0x00, 0x7F, 0xF0, 0x00, //

		// @-1252 '\' (28 pixels wide)
		0x00, 0x00, 0x00, 0x00, //
		0x00, 0x00, 0x00, 0x00, //
		0x00, 0x00, 0x00, 0x00, //
		0x00, 0x00, 0x00, 0x00, //
		0x00, 0x00, 0x00, 0x00, //
		0x00, 0x00, 0x00, 0x00, //
		0x00, 0x00, 0x00, 0x00, //
		0x00, 0x00, 0x00, 0x00, //
		0x00, 0x00, 0x00, 0x00, //
		0x00, 0x00, 0x00, 0x00, //
		0x00, 0x00, 0x00, 0x00, //
		0x00, 0x00, 0x00, 0x00, //
		0x00, 0x00, 0x00, 0x00, //
		0x00, 0x00, 0x00, 0x00, //
		0x01, 0xE0, 0x00, 0x00, //
		0x01, 0xE0, 0x00, 0x00, //
		0x00, 0xF0, 0x00, 0x00, //
		0x00, 0xF0, 0x00, 0x00, //
		0x00, 0xF0, 0x00, 0x00, //
		0x00, 0x78, 0x00, 0x00, //
		0x00, 0x78, 0x00, 0x00, //
		0x00, 0x78, 0x00, 0x00, //
		0x00, 0x38, 0x00, 0x00, //
		0x00, 0x3C, 0x00, 0x00, //
		0x00, 0x3C, 0x00, 0x00, //
		0x00, 0x3C, 0x00, 0x00, //
		0x00, 0x1E, 0x00, 0x00, //
		0x00, 0x1E, 0x00, 0x00, //
		0x00, 0x1E, 0x00, 0x00, //
		0x00, 0x0F, 0x00, 0x00, //
		0x00, 0x0F, 0x00, 0x00, //
		0x00, 0x0F, 0x00, 0x00, //
		0x00, 0x07, 0x00, 0x00, //
		0x00, 0x07, 0x80, 0x00, //
		0x00, 0x07, 0x80, 0x00, //
		0x00, 0x03, 0x80, 0x00, //
		0x00, 0x03, 0xC0, 0x00, //
		0x00, 0x03, 0xC0, 0x00, //
		0x00, 0x03, 0xC0, 0x00, //
		0x00, 0x01, 0xE0, 0x00, //
		0x00, 0x01, 0xE0, 0x00, //
		0x00, 0x01, 0xE0, 0x00, //

		// @-1251 ']' (28 pixels wide)
		0x00, 0x00, 0x00, 0x00, //
		0x00, 0x00, 0x00, 0x00, //
		0x00, 0x00, 0x00, 0x00, //
		0x00, 0x00, 0x00, 0x00, //
		0x00, 0x00, 0x00, 0x00, //
		0x00, 0x00, 0x00, 0x00, //
		0x00, 0x00, 0x00, 0x00, //
		0x00, 0x00, 0x00, 0x00, //
		0x00, 0x00, 0x00, 0x00, //
		0x00, 0x00, 0x00, 0x00, //
		0x00, 0x00, 0x00, 0x00, //
		0x00, 0x00, 0x00, 0x00, //
		0x00, 0xFF, 0xE0, 0x00, //
		0x00, 0xFF, 0xE0, 0x00, //
		0x00, 0xFF, 0xE0, 0x00, //
		0x00, 0xFF, 0xE0, 0x00, //
		0x00, 0x07, 0xE0, 0x00, //
		0x00, 0x07, 0xE0, 0x00, //
		0x00, 0x07, 0xE0, 0x00, //
		0x00, 0x07, 0xE0, 0x00, //
		0x00, 0x07, 0xE0, 0x00, //
		0x00, 0x07, 0xE0, 0x00, //
		0x00, 0x07, 0xE0, 0x00, //
		0x00, 0x07, 0xE0, 0x00, //
		0x00, 0x07, 0xE0, 0x00, //
		0x00, 0x07, 0xE0, 0x00, //
		0x00, 0x07, 0xE0, 0x00, //
		0x00, 0x07, 0xE0, 0x00, //
		0x00, 0x07, 0xE0, 0x00, //
		0x00, 0x07, 0xE0, 0x00, //
		0x00, 0x07, 0xE0, 0x00, //
		0x00, 0x07, 0xE0, 0x00, //
		0x00, 0x07, 0xE0, 0x00, //
		0x00, 0x07, 0xE0, 0x00, //
		0x00, 0x07, 0xE0, 0x00, //
		0x00, 0x07, 0xE0, 0x00, //
		0x00, 0x07, 0xE0, 0x00, //
		0x00, 0x07, 0xE0, 0x00, //
		0x00, 0x07, 0xE0, 0x00, //
		0x00, 0x07, 0xE0, 0x00, //
		0x00, 0xFF, 0xE0, 0x00, //
		0x00, 0xFF, 0xE0, 0x00, //

		// @-1250 '^' (28 pixels wide)
		0x00, 0x00, 0x00, 0x00, //
		0x00, 0x00, 0x00, 0x00, //
		0x00, 0x00, 0x00, 0x00, //
		0x00, 0x00, 0x00, 0x00, //
		0x00, 0x00, 0x00, 0x00, //
		0x00, 0x00, 0x00, 0x00, //
		0x00, 0x00, 0x00, 0x00, //
		0x00, 0x00, 0x00, 0x00, //
		0x00, 0x00, 0x00, 0x00, //
		0x00, 0x00, 0x00, 0x00, //
		0x00, 0x00, 0x00, 0x00, //
		0x00, 0x00, 0x00, 0x00, //
		0x00, 0x00, 0x00, 0x00, //
		0x00, 0x00, 0x00, 0x00, //
		0x00, 0x00, 0x00, 0x00, //
		0x00, 0x00, 0x00, 0x00, //
		0x00, 0x0F, 0x80, 0x00, //
		0x00, 0x1F, 0xC0, 0x00, //
		0x00, 0x3F, 0xE0, 0x00, //
		0x00, 0x7F, 0xF0, 0x00, //
		0x00, 0xFF, 0xF8, 0x00, //
		0x01, 0xF8, 0xFC, 0x00, //
		0x03, 0xF0, 0x7E, 0x00, //
		0x07, 0xE0, 0x3F, 0x00, //
		0x0F, 0x80, 0x0F, 0x80, //
		0x1F, 0x00, 0x07, 0xC0, //
		0x00, 0x00, 0x00, 0x00, //
		0x00, 0x00, 0x00, 0x00, //
		0x00, 0x00, 0x00, 0x00, //
		0x00, 0x00, 0x00, 0x00, //
		0x00, 0x00, 0x00, 0x00, //
		0x00, 0x00, 0x00, 0x00, //
		0x00, 0x00, 0x00, 0x00, //
		0x00, 0x00, 0x00, 0x00, //
		0x00, 0x00, 0x00, 0x00, //
		0x00, 0x00, 0x00, 0x00, //
		0x00, 0x00, 0x00, 0x00, //
		0x00, 0x00, 0x00, 0x00, //
		0x00, 0x00, 0x00, 0x00, //
		0x00, 0x00, 0x00, 0x00, //
		0x00, 0x00, 0x00, 0x00, //
		0x00, 0x00, 0x00, 0x00, //

		// @-1249 '_' (28 pixels wide)
		0x00, 0x00, 0x00, 0x00, //
		0x00, 0x00, 0x00, 0x00, //
		0x00, 0x00, 0x00, 0x00, //
		0x00, 0x00, 0x00, 0x00, //
		0x00, 0x00, 0x00, 0x00, //
		0x00, 0x00, 0x00, 0x00, //
		0x00, 0x00, 0x00, 0x00, //
		0x00, 0x00, 0x00, 0x00, //
		0x00, 0x00, 0x00, 0x00, //
		0x00, 0x00, 0x00, 0x00, //
		0x00, 0x00, 0x00, 0x00, //
		0x00, 0x00, 0x00, 0x00, //
		0x00, 0x00, 0x00, 0x00, //
		0x00, 0x00, 0x00, 0x00, //
		0x00, 0x00, 0x00, 0x00, //
		0x00, 0x00, 0x00, 0x00, //
		0x00, 0x00, 0x00, 0x00, //
		0x00, 0x00, 0x00, 0x00, //
		0x00, 0x00, 0x00, 0x00, //
		0x00, 0x00, 0x00, 0x00, //
		0x00, 0x00, 0x00, 0x00, //
		0x00, 0x00, 0x00, 0x00, //
		0x00, 0x00, 0x00, 0x00, //
		0x00, 0x00, 0x00, 0x00, //
		0x00, 0x00, 0x00, 0x00, //
		0x00, 0x00, 0x00, 0x00, //
		0x00, 0x00, 0x00, 0x00, //
		0x00, 0x00, 0x00, 0x00, //
		0x00, 0x00, 0x00, 0x00, //
		0x00, 0x00, 0x00, 0x00, //
		0x00, 0x00, 0x00, 0x00, //
		0x00, 0x00, 0x00, 0x00, //
		0x00, 0x00, 0x00, 0x00, //
		0x00, 0x00, 0x00, 0x00, //
		0x00, 0x00, 0x00, 0x00, //
		0x00, 0x00, 0x00, 0x00, //
		0x00, 0x00, 0x00, 0x00, //
		0x00, 0x00, 0x00, 0x00, //
		0x00, 0x00, 0x00, 0x00, //
		0x00, 0x00, 0x00, 0x00, //
		0x00, 0x00, 0x00, 0x00, //
		0x00, 0x00, 0x00, 0x00, //

		// @-1248 '`' (28 pixels wide)
		0x00, 0x00, 0x00, 0x00, //
		0x00, 0x00, 0x00, 0x00, //
		0x00, 0x00, 0x00, 0x00, //
		0x00, 0x00, 0x00, 0x00, //
		0x00, 0x00, 0x00, 0x00, //
		0x00, 0x00, 0x00, 0x00, //
		0x00, 0x00, 0x00, 0x00, //
		0x00, 0x00, 0x00, 0x00, //
		0x00, 0x00, 0x00, 0x00, //
		0x00, 0x00, 0x00, 0x00, //
		0x00, 0x00, 0x00, 0x00, //
		0x01, 0xF0, 0x00, 0x00, //
		0x00, 0xF8, 0x00, 0x00, //
		0x00, 0x7C, 0x00, 0x00, //
		0x00, 0x3E, 0x00, 0x00, //
		0x00, 0x1E, 0x00, 0x00, //
		0x00, 0x0F, 0x00, 0x00, //
		0x00, 0x07, 0x80, 0x00, //
		0x00, 0x00, 0x00, 0x00, //
		0x00, 0x00, 0x00, 0x00, //
		0x00, 0x00, 0x00, 0x00, //
		0x00, 0x00, 0x00, 0x00, //
		0x00, 0x00, 0x00, 0x00, //
		0x00, 0x00, 0x00, 0x00, //
		0x00, 0x00, 0x00, 0x00, //
		0x00, 0x00, 0x00, 0x00, //
		0x00, 0x00, 0x00, 0x00, //
		0x00, 0x00, 0x00, 0x00, //
		0x00, 0x00, 0x00, 0x00, //
		0x00, 0x00, 0x00, 0x00, //
		0x00, 0x00, 0x00, 0x00, //
		0x00, 0x00, 0x00, 0x00, //
		0x00, 0x00, 0x00, 0x00, //
		0x00, 0x00, 0x00, 0x00, //
		0x00, 0x00, 0x00, 0x00, //
		0x00, 0x00, 0x00, 0x00, //
		0x00, 0x00, 0x00, 0x00, //
		0x00, 0x00, 0x00, 0x00, //
		0x00, 0x00, 0x00, 0x00, //
		0x00, 0x00, 0x00, 0x00, //
		0x00, 0x00, 0x00, 0x00, //
		0x00, 0x00, 0x00, 0x00, //

		// @-1247 'a' (28 pixels wide)
		0x00, 0x00, 0x00, 0x00, //
		0x00, 0x00, 0x00, 0x00, //
		0x00, 0x00, 0x00, 0x00, //
		0x00, 0x00, 0x00, 0x00, //
		0x00, 0x00, 0x00, 0x00, //
		0x00, 0x00, 0x00, 0x00, //
		0x00, 0x00, 0x00, 0x00, //
		0x00, 0x00, 0x00, 0x00, //
		0x00, 0x00, 0x00, 0x00, //
		0x00, 0x00, 0x00, 0x00, //
		0x00, 0x00, 0x00, 0x00, //
		0x00, 0x00, 0x00, 0x00, //
		0x00, 0x00, 0x00, 0x00, //
		0x00, 0x00, 0x00, 0x00, //
		0x00, 0x00, 0x00, 0x00, //
		0x00, 0x00, 0x00, 0x00, //
		0x00, 0x00, 0x00, 0x00, //
		0x00, 0x00, 0x00, 0x00, //
		0x00, 0x00, 0x00, 0x00, //
		0x00, 0x00, 0x00, 0x00, //
		0x00, 0x00, 0x00, 0x00, //
		0x00, 0x00, 0x00, 0x00, //
		0x00, 0x00, 0x00, 0x00, //
		0x00, 0x00, 0x00, 0x00, //
		0x00, 0x00, 0x00, 0x00, //
		0x00, 0xFF, 0xE0, 0x00, //
		0x03, 0xFF, 0xF8, 0x00, //
		0x03, 0xFF, 0xFC, 0x00, //
		0x03, 0xFF, 0xFE, 0x00, //
		0x03, 0x80, 0xFE, 0x00, //
		0x02, 0x00, 0x3F, 0x00, //
		0x00, 0x00, 0x3F, 0x00, //
		0x00, 0x7F, 0xFF, 0x00, //
		0x01, 0xFF, 0xFF, 0x00, //
		0x07, 0xFF, 0xFF, 0x00, //
		0x07, 0xFF, 0xFF, 0x00, //
		0x0F, 0xF0, 0x3F, 0x00, //
		0x0F, 0xC0, 0x3F, 0x00, //
		0x0F, 0xC0, 0x3F, 0x00, //
		0x0F, 0xC0, 0x7F, 0x00, //
		0x0F, 0xE0, 0xFF, 0x00, //
		0x07, 0xFF, 0xFF, 0x00, //

		// @-1246 'b' (28 pixels wide)
		0x00, 0x00, 0x00, 0x00, //
		0x00, 0x00, 0x00, 0x00, //
		0x00, 0x00, 0x00, 0x00, //
		0x00, 0x00, 0x00, 0x00, //
		0x00, 0x00, 0x00, 0x00, //
		0x00, 0x00, 0x00, 0x00, //
		0x00, 0x00, 0x00, 0x00, //
		0x00, 0x00, 0x00, 0x00, //
		0x00, 0x00, 0x00, 0x00, //
		0x00, 0x00, 0x00, 0x00, //
		0x00, 0x00, 0x00, 0x00, //
		0x00, 0x00, 0x00, 0x00, //
		0x00, 0x00, 0x00, 0x00, //
		0x00, 0x00, 0x00, 0x00, //
		0x0F, 0xC0, 0x00, 0x00, //
		0x0F, 0xC0, 0x00, 0x00, //
		0x0F, 0xC0, 0x00, 0x00, //
		0x0F, 0xC0, 0x00, 0x00, //
		0x0F, 0xC0, 0x00, 0x00, //
		0x0F, 0xC0, 0x00, 0x00, //
		0x0F, 0xC0, 0x00, 0x00, //
		0x0F, 0xC3, 0xE0, 0x00, //
		0x0F, 0xCF, 0xF8, 0x00, //
		0x0F, 0xFF, 0xFC, 0x00, //
		0x0F, 0xFF, 0xFE, 0x00, //
		0x0F, 0xFF, 0xFF, 0x00, //
		0x0F, 0xF0, 0x7F, 0x00, //
		0x0F, 0xE0, 0x3F, 0x80, //
		0x0F, 0xC0, 0x1F, 0x80, //
		0x0F, 0xC0, 0x1F, 0x80, //
		0x0F, 0xC0, 0x1F, 0x80, //
		0x0F, 0xC0, 0x1F, 0x80, //
		0x0F, 0xC0, 0x1F, 0x80, //
		0x0F, 0xC0, 0x1F, 0x80, //
		0x0F, 0xE0, 0x3F, 0x80, //
		0x0F, 0xF0, 0x7F, 0x00, //
		0x0F, 0xFF, 0xFF, 0x00, //
		0x0F, 0xFF, 0xFE, 0x00, //
		0x0F, 0xFF, 0xFC, 0x00, //
		0x0F, 0xCF, 0xF8, 0x00, //
		0x0F, 0xC7, 0xF0, 0x00, //
		0x00, 0x00, 0x00, 0x00, //

		// @-1245 'c' (28 pixels wide)
		0x00, 0x00, 0x00, 0x00, //
		0x00, 0x00, 0x00, 0x00, //
		0x00, 0x00, 0x00, 0x00, //
		0x00, 0x00, 0x00, 0x00, //
		0x00, 0x00, 0x00, 0x00, //
		0x00, 0x00, 0x00, 0x00, //
		0x00, 0x00, 0x00, 0x00, //
		0x00, 0x00, 0x00, 0x00, //
		0x00, 0x00, 0x00, 0x00, //
		0x00, 0x00, 0x00, 0x00, //
		0x00, 0x00, 0x00, 0x00, //
		0x00, 0x00, 0x00, 0x00, //
		0x00, 0x00, 0x00, 0x00, //
		0x00, 0x00, 0x00, 0x00, //
		0x00, 0x00, 0x00, 0x00, //
		0x00, 0x00, 0x00, 0x00, //
		0x00, 0x00, 0x00, 0x00, //
		0x00, 0x00, 0x00, 0x00, //
		0x00, 0x00, 0x00, 0x00, //
		0x00, 0x00, 0x00, 0x00, //
		0x00, 0x00, 0x00, 0x00, //
		0x00, 0x00, 0x00, 0x00, //
		0x00, 0x00, 0x00, 0x00, //
		0x00, 0x00, 0x00, 0x00, //
		0x00, 0x00, 0x00, 0x00, //
		0x00, 0x0F, 0xE0, 0x00, //
		0x00, 0x3F, 0xF8, 0x00, //
		0x00, 0xFF, 0xFC, 0x00, //
		0x01, 0xFF, 0xFC, 0x00, //
		0x03, 0xFF, 0xFC, 0x00, //
		0x03, 0xFC, 0x1C, 0x00, //
		0x07, 0xF0, 0x04, 0x00, //
		0x07, 0xF0, 0x00, 0x00, //
		0x07, 0xE0, 0x00, 0x00, //
		0x07, 0xE0, 0x00, 0x00, //
		0x07, 0xE0, 0x00, 0x00, //
		0x07, 0xE0, 0x00, 0x00, //
		0x07, 0xF0, 0x00, 0x00, //
		0x07, 0xF0, 0x04, 0x00, //
		0x03, 0xFC, 0x1C, 0x00, //
		0x03, 0xFF, 0xFC, 0x00, //
		0x01, 0xFF, 0xFC, 0x00, //

		// @-1244 'd' (28 pixels wide)
		0x00, 0x00, 0x00, 0x00, //
		0x00, 0x00, 0x00, 0x00, //
		0x00, 0x00, 0x00, 0x00, //
		0x00, 0x00, 0x00, 0x00, //
		0x00, 0x00, 0x00, 0x00, //
		0x00, 0x00, 0x00, 0x00, //
		0x00, 0x00, 0x00, 0x00, //
		0x00, 0x00, 0x00, 0x00, //
		0x00, 0x00, 0x00, 0x00, //
		0x00, 0x00, 0x00, 0x00, //
		0x00, 0x00, 0x00, 0x00, //
		0x00, 0x00, 0x00, 0x00, //
		0x00, 0x00, 0x00, 0x00, //
		0x00, 0x00, 0x00, 0x00, //
		0x00, 0x00, 0x3F, 0x00, //
		0x00, 0x00, 0x3F, 0x00, //
		0x00, 0x00, 0x3F, 0x00, //
		0x00, 0x00, 0x3F, 0x00, //
		0x00, 0x00, 0x3F, 0x00, //
		0x00, 0x00, 0x3F, 0x00, //
		0x00, 0x00, 0x3F, 0x00, //
		0x00, 0x7E, 0x3F, 0x00, //
		0x01, 0xFF, 0x3F, 0x00, //
		0x03, 0xFF, 0xFF, 0x00, //
		0x07, 0xFF, 0xFF, 0x00, //
		0x0F, 0xFF, 0xFF, 0x00, //
		0x0F, 0xE0, 0xFF, 0x00, //
		0x1F, 0xC0, 0x7F, 0x00, //
		0x1F, 0x80, 0x3F, 0x00, //
		0x1F, 0x80, 0x3F, 0x00, //
		0x1F, 0x80, 0x3F, 0x00, //
		0x1F, 0x80, 0x3F, 0x00, //
		0x1F, 0x80, 0x3F, 0x00, //
		0x1F, 0x80, 0x3F, 0x00, //
		0x1F, 0xC0, 0x7F, 0x00, //
		0x0F, 0xE0, 0xFF, 0x00, //
		0x0F, 0xFF, 0xFF, 0x00, //
		0x07, 0xFF, 0xFF, 0x00, //
		0x03, 0xFF, 0xFF, 0x00, //
		0x01, 0xFF, 0x3F, 0x00, //
		0x00, 0xFE, 0x3F, 0x00, //
		0x00, 0x00, 0x00, 0x00, //

		// @-1243 'e' (28 pixels wide)
		0x00, 0x00, 0x00, 0x00, //
		0x00, 0x00, 0x00, 0x00, //
		0x00, 0x00, 0x00, 0x00, //
		0x00, 0x00, 0x00, 0x00, //
		0x00, 0x00, 0x00, 0x00, //
		0x00, 0x00, 0x00, 0x00, //
		0x00, 0x00, 0x00, 0x00, //
		0x00, 0x00, 0x00, 0x00, //
		0x00, 0x00, 0x00, 0x00, //
		0x00, 0x00, 0x00, 0x00, //
		0x00, 0x00, 0x00, 0x00, //
		0x00, 0x00, 0x00, 0x00, //
		0x00, 0x00, 0x00, 0x00, //
		0x00, 0x00, 0x00, 0x00, //
		0x00, 0x00, 0x00, 0x00, //
		0x00, 0x00, 0x00, 0x00, //
		0x00, 0x00, 0x00, 0x00, //
		0x00, 0x00, 0x00, 0x00, //
		0x00, 0x00, 0x00, 0x00, //
		0x00, 0x00, 0x00, 0x00, //
		0x00, 0x00, 0x00, 0x00, //
		0x00, 0x00, 0x00, 0x00, //
		0x00, 0x00, 0x00, 0x00, //
		0x00, 0x00, 0x00, 0x00, //
		0x00, 0x00, 0x00, 0x00, //
		0x00, 0x1F, 0xC0, 0x00, //
		0x00, 0xFF, 0xF8, 0x00, //
		0x01, 0xFF, 0xFC, 0x00, //
		0x03, 0xFF, 0xFE, 0x00, //
		0x07, 0xF8, 0x7F, 0x00, //
		0x07, 0xE0, 0x3F, 0x00, //
		0x0F, 0xE0, 0x1F, 0x00, //
		0x0F, 0xC0, 0x1F, 0x80, //
		0x0F, 0xFF, 0xFF, 0x80, //
		0x0F, 0xFF, 0xFF, 0x80, //
		0x0F, 0xFF, 0xFF, 0x80, //
		0x0F, 0xFF, 0xFF, 0x80, //
		0x0F, 0xC0, 0x00, 0x00, //
		0x0F, 0xC0, 0x00, 0x00, //
		0x07, 0xE0, 0x01, 0x00, //
		0x07, 0xF8, 0x0F, 0x00, //
		0x03, 0xFF, 0xFF, 0x00, //

		// @-1242 'f' (28 pixels wide)
		0x00, 0x00, 0x00, 0x00, //
		0x00, 0x00, 0x00, 0x00, //
		0x00, 0x00, 0x00, 0x00, //
		0x00, 0x00, 0x00, 0x00, //
		0x00, 0x00, 0x00, 0x00, //
		0x00, 0x00, 0x00, 0x00, //
		0x00, 0x00, 0x00, 0x00, //
		0x00, 0x00, 0x00, 0x00, //
		0x00, 0x00, 0x00, 0x00, //
		0x00, 0x00, 0x00, 0x00, //
		0x00, 0x00, 0x00, 0x00, //
		0x00, 0x00, 0x00, 0x00, //
		0x00, 0x00, 0x00, 0x00, //
		0x00, 0x00, 0x00, 0x00, //
		0x00, 0x07, 0xFC, 0x00, //
		0x00, 0x0F, 0xFC, 0x00, //
		0x00, 0x1F, 0xFC, 0x00, //
		0x00, 0x3F, 0xFC, 0x00, //
		0x00, 0x3F, 0x00, 0x00, //
		0x00, 0x3F, 0x00, 0x00, //
		0x00, 0x3F, 0x00, 0x00, //
		0x01, 0xFF, 0xF8, 0x00, //
		0x01, 0xFF, 0xF8, 0x00, //
		0x01, 0xFF, 0xF8, 0x00, //
		0x01, 0xFF, 0xF8, 0x00, //
		0x01, 0xFF, 0xF8, 0x00, //
		0x00, 0x3F, 0x00, 0x00, //
		0x00, 0x3F, 0x00, 0x00, //
		0x00, 0x3F, 0x00, 0x00, //
		0x00, 0x3F, 0x00, 0x00, //
		0x00, 0x3F, 0x00, 0x00, //
		0x00, 0x3F, 0x00, 0x00, //
		0x00, 0x3F, 0x00, 0x00, //
		0x00, 0x3F, 0x00, 0x00, //
		0x00, 0x3F, 0x00, 0x00, //
		0x00, 0x3F, 0x00, 0x00, //
		0x00, 0x3F, 0x00, 0x00, //
		0x00, 0x3F, 0x00, 0x00, //
		0x00, 0x3F, 0x00, 0x00, //
		0x00, 0x3F, 0x00, 0x00, //
		0x00, 0x3F, 0x00, 0x00, //
		0x00, 0x00, 0x00, 0x00, //

		// @-1241 'g' (28 pixels wide)
		0x00, 0x00, 0x00, 0x00, //
		0x00, 0x00, 0x00, 0x00, //
		0x00, 0x00, 0x00, 0x00, //
		0x00, 0x00, 0x00, 0x00, //
		0x00, 0x00, 0x00, 0x00, //
		0x00, 0x00, 0x00, 0x00, //
		0x00, 0x00, 0x00, 0x00, //
		0x00, 0x00, 0x00, 0x00, //
		0x00, 0x00, 0x00, 0x00, //
		0x00, 0x00, 0x00, 0x00, //
		0x00, 0x00, 0x00, 0x00, //
		0x00, 0x00, 0x00, 0x00, //
		0x00, 0x00, 0x00, 0x00, //
		0x00, 0x00, 0x00, 0x00, //
		0x00, 0x00, 0x00, 0x00, //
		0x00, 0x00, 0x00, 0x00, //
		0x00, 0x00, 0x00, 0x00, //
		0x00, 0x00, 0x00, 0x00, //
		0x00, 0x00, 0x00, 0x00, //
		0x00, 0x00, 0x00, 0x00, //
		0x00, 0x00, 0x00, 0x00, //
		0x00, 0x7E, 0x3F, 0x00, //
		0x01, 0xFF, 0x3F, 0x00, //
		0x03, 0xFF, 0xFF, 0x00, //
		0x07, 0xFF, 0xFF, 0x00, //
		0x0F, 0xFF, 0xFF, 0x00, //
		0x0F, 0xE0, 0xFF, 0x00, //
		0x1F, 0xC0, 0x7F, 0x00, //
		0x1F, 0x80, 0x3F, 0x00, //
		0x1F, 0x80, 0x3F, 0x00, //
		0x1F, 0x80, 0x3F, 0x00, //
		0x1F, 0x80, 0x3F, 0x00, //
		0x1F, 0x80, 0x3F, 0x00, //
		0x1F, 0x80, 0x3F, 0x00, //
		0x1F, 0xC0, 0x7F, 0x00, //
		0x0F, 0xE0, 0xFF, 0x00, //
		0x0F, 0xFF, 0xFF, 0x00, //
		0x07, 0xFF, 0xFF, 0x00, //
		0x03, 0xFF, 0xFF, 0x00, //
		0x01, 0xFF, 0x3F, 0x00, //
		0x00, 0x7E, 0x3F, 0x00, //
		0x00, 0x00, 0x3F, 0x00, //

		// @-1240 'h' (28 pixels wide)
		0x00, 0x00, 0x00, 0x00, //
		0x00, 0x00, 0x00, 0x00, //
		0x00, 0x00, 0x00, 0x00, //
		0x00, 0x00, 0x00, 0x00, //
		0x00, 0x00, 0x00, 0x00, //
		0x00, 0x00, 0x00, 0x00, //
		0x00, 0x00, 0x00, 0x00, //
		0x00, 0x00, 0x00, 0x00, //
		0x00, 0x00, 0x00, 0x00, //
		0x00, 0x00, 0x00, 0x00, //
		0x00, 0x00, 0x00, 0x00, //
		0x00, 0x00, 0x00, 0x00, //
		0x00, 0x00, 0x00, 0x00, //
		0x00, 0x00, 0x00, 0x00, //
		0x0F, 0xC0, 0x00, 0x00, //
		0x0F, 0xC0, 0x00, 0x00, //
		0x0F, 0xC0, 0x00, 0x00, //
		0x0F, 0xC0, 0x00, 0x00, //
		0x0F, 0xC0, 0x00, 0x00, //
		0x0F, 0xC0, 0x00, 0x00, //
		0x0F, 0xC0, 0x00, 0x00, //
		0x0F, 0xC3, 0xF0, 0x00, //
		0x0F, 0xCF, 0xFC, 0x00, //
		0x0F, 0xFF, 0xFC, 0x00, //
		0x0F, 0xFF, 0xFE, 0x00, //
		0x0F, 0xFF, 0xFE, 0x00, //
		0x0F, 0xF8, 0x7F, 0x00, //
		0x0F, 0xE0, 0x3F, 0x00, //
		0x0F, 0xE0, 0x3F, 0x00, //
		0x0F, 0xC0, 0x3F, 0x00, //
		0x0F, 0xC0, 0x3F, 0x00, //
		0x0F, 0xC0, 0x3F, 0x00, //
		0x0F, 0xC0, 0x3F, 0x00, //
		0x0F, 0xC0, 0x3F, 0x00, //
		0x0F, 0xC0, 0x3F, 0x00, //
		0x0F, 0xC0, 0x3F, 0x00, //
		0x0F, 0xC0, 0x3F, 0x00, //
		0x0F, 0xC0, 0x3F, 0x00, //
		0x0F, 0xC0, 0x3F, 0x00, //
		0x0F, 0xC0, 0x3F, 0x00, //
		0x0F, 0xC0, 0x3F, 0x00, //
		0x00, 0x00, 0x00, 0x00, //

		// @-1239 'i' (28 pixels wide)
		0x00, 0x00, 0x00, 0x00, //
		0x00, 0x00, 0x00, 0x00, //
		0x00, 0x00, 0x00, 0x00, //
		0x00, 0x00, 0x00, 0x00, //
		0x00, 0x00, 0x00, 0x00, //
		0x00, 0x00, 0x00, 0x00, //
		0x00, 0x00, 0x00, 0x00, //
		0x00, 0x00, 0x00, 0x00, //
		0x00, 0x00, 0x00, 0x00, //
		0x00, 0x00, 0x00, 0x00, //
		0x00, 0x00, 0x00, 0x00, //
		0x00, 0x00, 0x00, 0x00, //
		0x00, 0x00, 0x00, 0x00, //
		0x00, 0x00, 0x00, 0x00, //
		0x00, 0x1F, 0x80, 0x00, //
		0x00, 0x1F, 0x80, 0x00, //
		0x00, 0x1F, 0x80, 0x00, //
		0x00, 0x1F, 0x80, 0x00, //
		0x00, 0x1F, 0x80, 0x00, //
		0x00, 0x00, 0x00, 0x00, //
		0x00, 0x00, 0x00, 0x00, //
		0x00, 0x1F, 0x80, 0x00, //
		0x00, 0x1F, 0x80, 0x00, //
		0x00, 0x1F, 0x80, 0x00, //
		0x00, 0x1F, 0x80, 0x00, //
		0x00, 0x1F, 0x80, 0x00, //
		0x00, 0x1F, 0x80, 0x00, //
		0x00, 0x1F, 0x80, 0x00, //
		0x00, 0x1F, 0x80, 0x00, //
		0x00, 0x1F, 0x80, 0x00, //
		0x00, 0x1F, 0x80, 0x00, //
		0x00, 0x1F, 0x80, 0x00, //
		0x00, 0x1F, 0x80, 0x00, //
		0x00, 0x1F, 0x80, 0x00, //
		0x00, 0x1F, 0x80, 0x00, //
		0x00, 0x1F, 0x80, 0x00, //
		0x00, 0x1F, 0x80, 0x00, //
		0x00, 0x1F, 0x80, 0x00, //
		0x00, 0x1F, 0x80, 0x00, //
		0x00, 0x1F, 0x80, 0x00, //
		0x00, 0x1F, 0x80, 0x00, //
		0x00, 0x00, 0x00, 0x00, //

		// @-1238 'j' (28 pixels wide)
		0x00, 0x00, 0x00, 0x00, //
		0x00, 0x00, 0x00, 0x00, //
		0x00, 0x00, 0x00, 0x00, //
		0x00, 0x00, 0x00, 0x00, //
		0x00, 0x00, 0x00, 0x00, //
		0x00, 0x00, 0x00, 0x00, //
		0x00, 0x00, 0x00, 0x00, //
		0x00, 0x00, 0x00, 0x00, //
		0x00, 0x00, 0x00, 0x00, //
		0x00, 0x00, 0x00, 0x00, //
		0x00, 0x3F, 0x00, 0x00, //
		0x00, 0x3F, 0x00, 0x00, //
		0x00, 0x3F, 0x00, 0x00, //
		0x00, 0x3F, 0x00, 0x00, //
		0x00, 0x3F, 0x00, 0x00, //
		0x00, 0x00, 0x00, 0x00, //
		0x00, 0x00, 0x00, 0x00, //
		0x00, 0x3F, 0x00, 0x00, //
		0x00, 0x3F, 0x00, 0x00, //
		0x00, 0x3F, 0x00, 0x00, //
		0x00, 0x3F, 0x00, 0x00, //
		0x00, 0x3F, 0x00, 0x00, //
		0x00, 0x3F, 0x00, 0x00, //
		0x00, 0x3F, 0x00, 0x00, //
		0x00, 0x3F, 0x00, 0x00, //
		0x00, 0x3F, 0x00, 0x00, //
		0x00, 0x3F, 0x00, 0x00, //
		0x00, 0x3F, 0x00, 0x00, //
		0x00, 0x3F, 0x00, 0x00, //
		0x00, 0x3F, 0x00, 0x00, //
		0x00, 0x3F, 0x00, 0x00, //
		0x00, 0x3F, 0x00, 0x00, //
		0x00, 0x3F, 0x00, 0x00, //
		0x00, 0x3F, 0x00, 0x00, //
		0x00, 0x3F, 0x00, 0x00, //
		0x00, 0x3F, 0x00, 0x00, //
		0x00, 0x3F, 0x00, 0x00, //
		0x00, 0x3F, 0x00, 0x00, //
		0x00, 0x3F, 0x00, 0x00, //
		0x00, 0x3F, 0x00, 0x00, //
		0x00, 0x7F, 0x00, 0x00, //
		0x03, 0xFE, 0x00, 0x00, //

		// @-1237 'k' (28 pixels wide)
		0x00, 0x00, 0x00, 0x00, //
		0x00, 0x00, 0x00, 0x00, //
		0x00, 0x00, 0x00, 0x00, //
		0x00, 0x00, 0x00, 0x00, //
		0x00, 0x00, 0x00, 0x00, //
		0x00, 0x00, 0x00, 0x00, //
		0x00, 0x00, 0x00, 0x00, //
		0x00, 0x00, 0x00, 0x00, //
		0x00, 0x00, 0x00, 0x00, //
		0x00, 0x00, 0x00, 0x00, //
		0x00, 0x00, 0x00, 0x00, //
		0x00, 0x00, 0x00, 0x00, //
		0x00, 0x00, 0x00, 0x00, //
		0x00, 0x00, 0x00, 0x00, //
		0x0F, 0xC0, 0x00, 0x00, //
		0x0F, 0xC0, 0x00, 0x00, //
		0x0F, 0xC0, 0x00, 0x00, //
		0x0F, 0xC0, 0x00, 0x00, //
		0x0F, 0xC0, 0x00, 0x00, //
		0x0F, 0xC0, 0x00, 0x00, //
		0x0F, 0xC0, 0x00, 0x00, //
		0x0F, 0xC0, 0x7F, 0x00, //
		0x0F, 0xC0, 0xFE, 0x00, //
		0x0F, 0xC1, 0xFC, 0x00, //
		0x0F, 0xC3, 0xF8, 0x00, //
		0x0F, 0xC7, 0xF0, 0x00, //
		0x0F, 0xCF, 0xE0, 0x00, //
		0x0F, 0xDF, 0xC0, 0x00, //
		0x0F, 0xFF, 0x80, 0x00, //
		0x0F, 0xFF, 0x00, 0x00, //
		0x0F, 0xFE, 0x00, 0x00, //
		0x0F, 0xFF, 0x00, 0x00, //
		0x0F, 0xFF, 0x80, 0x00, //
		0x0F, 0xDF, 0xC0, 0x00, //
		0x0F, 0xCF, 0xE0, 0x00, //
		0x0F, 0xC7, 0xF0, 0x00, //
		0x0F, 0xC3, 0xF8, 0x00, //
		0x0F, 0xC1, 0xFC, 0x00, //
		0x0F, 0xC0, 0xFE, 0x00, //
		0x0F, 0xC0, 0x7F, 0x80, //
		0x0F, 0xC0, 0x3F, 0xC0, //
		0x00, 0x00, 0x00, 0x00, //

		// @-1236 'l' (28 pixels wide)
		0x00, 0x00, 0x00, 0x00, //
		0x00, 0x00, 0x00, 0x00, //
		0x00, 0x00, 0x00, 0x00, //
		0x00, 0x00, 0x00, 0x00, //
		0x00, 0x00, 0x00, 0x00, //
		0x00, 0x00, 0x00, 0x00, //
		0x00, 0x00, 0x00, 0x00, //
		0x00, 0x00, 0x00, 0x00, //
		0x00, 0x00, 0x00, 0x00, //
		0x00, 0x00, 0x00, 0x00, //
		0x00, 0x00, 0x00, 0x00, //
		0x00, 0x00, 0x00, 0x00, //
		0x00, 0x00, 0x00, 0x00, //
		0x00, 0x00, 0x00, 0x00, //
		0x00, 0x1F, 0x80, 0x00, //
		0x00, 0x1F, 0x80, 0x00, //
		0x00, 0x1F, 0x80, 0x00, //
		0x00, 0x1F, 0x80, 0x00, //
		0x00, 0x1F, 0x80, 0x00, //
		0x00, 0x1F, 0x80, 0x00, //
		0x00, 0x1F, 0x80, 0x00, //
		0x00, 0x1F, 0x80, 0x00, //
		0x00, 0x1F, 0x80, 0x00, //
		0x00, 0x1F, 0x80, 0x00, //
		0x00, 0x1F, 0x80, 0x00, //
		0x00, 0x1F, 0x80, 0x00, //
		0x00, 0x1F, 0x80, 0x00, //
		0x00, 0x1F, 0x80, 0x00, //
		0x00, 0x1F, 0x80, 0x00, //
		0x00, 0x1F, 0x80, 0x00, //
		0x00, 0x1F, 0x80, 0x00, //
		0x00, 0x1F, 0x80, 0x00, //
		0x00, 0x1F, 0x80, 0x00, //
		0x00, 0x1F, 0x80, 0x00, //
		0x00, 0x1F, 0x80, 0x00, //
		0x00, 0x1F, 0x80, 0x00, //
		0x00, 0x1F, 0x80, 0x00, //
		0x00, 0x1F, 0x80, 0x00, //
		0x00, 0x1F, 0x80, 0x00, //
		0x00, 0x1F, 0x80, 0x00, //
		0x00, 0x1F, 0x80, 0x00, //
		0x00, 0x00, 0x00, 0x00, //

		// @-1235 'm' (28 pixels wide)
		0x00, 0x00, 0x00, 0x00, //
		0x00, 0x00, 0x00, 0x00, //
		0x00, 0x00, 0x00, 0x00, //
		0x00, 0x00, 0x00, 0x00, //
		0x00, 0x00, 0x00, 0x00, //
		0x00, 0x00, 0x00, 0x00, //
		0x00, 0x00, 0x00, 0x00, //
		0x00, 0x00, 0x00, 0x00, //
		0x00, 0x00, 0x00, 0x00, //
		0x00, 0x00, 0x00, 0x00, //
		0x00, 0x00, 0x00, 0x00, //
		0x00, 0x00, 0x00, 0x00, //
		0x00, 0x00, 0x00, 0x00, //
		0x00, 0x00, 0x00, 0x00, //
		0x00, 0x00, 0x00, 0x00, //
		0x00, 0x00, 0x00, 0x00, //
		0x00, 0x00, 0x00, 0x00, //
		0x00, 0x00, 0x00, 0x00, //
		0x00, 0x00, 0x00, 0x00, //
		0x00, 0x00, 0x00, 0x00, //
		0x00, 0x00, 0x00, 0x00, //
		0x00, 0x00, 0x00, 0x00, //
		0x00, 0x00, 0x00, 0x00, //
		0x00, 0x00, 0x00, 0x00, //
		0x00, 0x00, 0x00, 0x00, //
		0xF1, 0xF8, 0x0F, 0xC0, //
		0xF3, 0xFE, 0x3F, 0xF0, //
		0xFF, 0xFF, 0x7F, 0xF0, //
		0xFF, 0xFF, 0xFF, 0xF0, //
		0xFF, 0xFF, 0xFF, 0xF0, //
		0xFC, 0x3F, 0xE1, 0xF0, //
		0xF8, 0x1F, 0xC0, 0xF0, //
		0xF8, 0x1F, 0xC0, 0xF0, //
		0xF0, 0x1F, 0x80, 0xF0, //
		0xF0, 0x1F, 0x80, 0xF0, //
		0xF0, 0x1F, 0x80, 0xF0, //
		0xF0, 0x1F, 0x80, 0xF0, //
		0xF0, 0x1F, 0x80, 0xF0, //
		0xF0, 0x1F, 0x80, 0xF0, //
		0xF0, 0x1F, 0x80, 0xF0, //
		0xF0, 0x1F, 0x80, 0xF0, //
		0xF0, 0x1F, 0x80, 0xF0, //

		// @-1234 'n' (28 pixels wide)
		0x00, 0x00, 0x00, 0x00, //
		0x00, 0x00, 0x00, 0x00, //
		0x00, 0x00, 0x00, 0x00, //
		0x00, 0x00, 0x00, 0x00, //
		0x00, 0x00, 0x00, 0x00, //
		0x00, 0x00, 0x00, 0x00, //
		0x00, 0x00, 0x00, 0x00, //
		0x00, 0x00, 0x00, 0x00, //
		0x00, 0x00, 0x00, 0x00, //
		0x00, 0x00, 0x00, 0x00, //
		0x00, 0x00, 0x00, 0x00, //
		0x00, 0x00, 0x00, 0x00, //
		0x00, 0x00, 0x00, 0x00, //
		0x00, 0x00, 0x00, 0x00, //
		0x00, 0x00, 0x00, 0x00, //
		0x00, 0x00, 0x00, 0x00, //
		0x00, 0x00, 0x00, 0x00, //
		0x00, 0x00, 0x00, 0x00, //
		0x00, 0x00, 0x00, 0x00, //
		0x00, 0x00, 0x00, 0x00, //
		0x00, 0x00, 0x00, 0x00, //
		0x00, 0x00, 0x00, 0x00, //
		0x00, 0x00, 0x00, 0x00, //
		0x00, 0x00, 0x00, 0x00, //
		0x00, 0x00, 0x00, 0x00, //
		0x0F, 0xC3, 0xF0, 0x00, //
		0x0F, 0xCF, 0xFC, 0x00, //
		0x0F, 0xFF, 0xFC, 0x00, //
		0x0F, 0xFF, 0xFE, 0x00, //
		0x0F, 0xFF, 0xFE, 0x00, //
		0x0F, 0xF8, 0x7F, 0x00, //
		0x0F, 0xE0, 0x3F, 0x00, //
		0x0F, 0xE0, 0x3F, 0x00, //
		0x0F, 0xC0, 0x3F, 0x00, //
		0x0F, 0xC0, 0x3F, 0x00, //
		0x0F, 0xC0, 0x3F, 0x00, //
		0x0F, 0xC0, 0x3F, 0x00, //
		0x0F, 0xC0, 0x3F, 0x00, //
		0x0F, 0xC0, 0x3F, 0x00, //
		0x0F, 0xC0, 0x3F, 0x00, //
		0x0F, 0xC0, 0x3F, 0x00, //
		0x0F, 0xC0, 0x3F, 0x00, //

		// @-1233 'o' (28 pixels wide)
		0x00, 0x00, 0x00, 0x00, //
		0x00, 0x00, 0x00, 0x00, //
		0x00, 0x00, 0x00, 0x00, //
		0x00, 0x00, 0x00, 0x00, //
		0x00, 0x00, 0x00, 0x00, //
		0x00, 0x00, 0x00, 0x00, //
		0x00, 0x00, 0x00, 0x00, //
		0x00, 0x00, 0x00, 0x00, //
		0x00, 0x00, 0x00, 0x00, //
		0x00, 0x00, 0x00, 0x00, //
		0x00, 0x00, 0x00, 0x00, //
		0x00, 0x00, 0x00, 0x00, //
		0x00, 0x00, 0x00, 0x00, //
		0x00, 0x00, 0x00, 0x00, //
		0x00, 0x00, 0x00, 0x00, //
		0x00, 0x00, 0x00, 0x00, //
		0x00, 0x00, 0x00, 0x00, //
		0x00, 0x00, 0x00, 0x00, //
		0x00, 0x00, 0x00, 0x00, //
		0x00, 0x00, 0x00, 0x00, //
		0x00, 0x00, 0x00, 0x00, //
		0x00, 0x00, 0x00, 0x00, //
		0x00, 0x00, 0x00, 0x00, //
		0x00, 0x00, 0x00, 0x00, //
		0x00, 0x00, 0x00, 0x00, //
		0x00, 0x3F, 0xC0, 0x00, //
		0x00, 0xFF, 0xF8, 0x00, //
		0x03, 0xFF, 0xFC, 0x00, //
		0x07, 0xFF, 0xFE, 0x00, //
		0x0F, 0xFF, 0xFF, 0x00, //
		0x0F, 0xE0, 0x7F, 0x00, //
		0x1F, 0xC0, 0x3F, 0x00, //
		0x1F, 0xC0, 0x1F, 0x80, //
		0x1F, 0x80, 0x1F, 0x80, //
		0x1F, 0x80, 0x1F, 0x80, //
		0x1F, 0x80, 0x1F, 0x80, //
		0x1F, 0x80, 0x1F, 0x80, //
		0x1F, 0x80, 0x1F, 0x80, //
		0x1F, 0xC0, 0x3F, 0x00, //
		0x0F, 0xE0, 0x7F, 0x00, //
		0x0F, 0xFF, 0xFF, 0x00, //
		0x07, 0xFF, 0xFE, 0x00, //

		// @-1232 'p' (28 pixels wide)
		0x00, 0x00, 0x00, 0x00, //
		0x00, 0x00, 0x00, 0x00, //
		0x00, 0x00, 0x00, 0x00, //
		0x00, 0x00, 0x00, 0x00, //
		0x00, 0x00, 0x00, 0x00, //
		0x00, 0x00, 0x00, 0x00, //
		0x00, 0x00, 0x00, 0x00, //
		0x00, 0x00, 0x00, 0x00, //
		0x00, 0x00, 0x00, 0x00, //
		0x00, 0x00, 0x00, 0x00, //
		0x00, 0x00, 0x00, 0x00, //
		0x00, 0x00, 0x00, 0x00, //
		0x00, 0x00, 0x00, 0x00, //
		0x00, 0x00, 0x00, 0x00, //
		0x00, 0x00, 0x00, 0x00, //
		0x00, 0x00, 0x00, 0x00, //
		0x00, 0x00, 0x00, 0x00, //
		0x00, 0x00, 0x00, 0x00, //
		0x00, 0x00, 0x00, 0x00, //
		0x00, 0x00, 0x00, 0x00, //
		0x00, 0x00, 0x00, 0x00, //
		0x0F, 0xC3, 0xE0, 0x00, //
		0x0F, 0xCF, 0xF8, 0x00, //
		0x0F, 0xFF, 0xFC, 0x00, //
		0x0F, 0xFF, 0xFE, 0x00, //
		0x0F, 0xFF, 0xFF, 0x00, //
		0x0F, 0xF0, 0x7F, 0x00, //
		0x0F, 0xE0, 0x3F, 0x80, //
		0x0F, 0xC0, 0x1F, 0x80, //
		0x0F, 0xC0, 0x1F, 0x80, //
		0x0F, 0xC0, 0x1F, 0x80, //
		0x0F, 0xC0, 0x1F, 0x80, //
		0x0F, 0xC0, 0x1F, 0x80, //
		0x0F, 0xC0, 0x1F, 0x80, //
		0x0F, 0xE0, 0x3F, 0x80, //
		0x0F, 0xF0, 0x7F, 0x00, //
		0x0F, 0xFF, 0xFF, 0x00, //
		0x0F, 0xFF, 0xFE, 0x00, //
		0x0F, 0xFF, 0xFC, 0x00, //
		0x0F, 0xCF, 0xF8, 0x00, //
		0x0F, 0xC7, 0xF0, 0x00, //
		0x0F, 0xC0, 0x00, 0x00, //

		// @-1231 'q' (28 pixels wide)
		0x00, 0x00, 0x00, 0x00, //
		0x00, 0x00, 0x00, 0x00, //
		0x00, 0x00, 0x00, 0x00, //
		0x00, 0x00, 0x00, 0x00, //
		0x00, 0x00, 0x00, 0x00, //
		0x00, 0x00, 0x00, 0x00, //
		0x00, 0x00, 0x00, 0x00, //
		0x00, 0x00, 0x00, 0x00, //
		0x00, 0x00, 0x00, 0x00, //
		0x00, 0x00, 0x00, 0x00, //
		0x00, 0x00, 0x00, 0x00, //
		0x00, 0x00, 0x00, 0x00, //
		0x00, 0x00, 0x00, 0x00, //
		0x00, 0x00, 0x00, 0x00, //
		0x00, 0x00, 0x00, 0x00, //
		0x00, 0x00, 0x00, 0x00, //
		0x00, 0x00, 0x00, 0x00, //
		0x00, 0x00, 0x00, 0x00, //
		0x00, 0x00, 0x00, 0x00, //
		0x00, 0x00, 0x00, 0x00, //
		0x00, 0x00, 0x00, 0x00, //
		0x00, 0x7E, 0x3F, 0x00, //
		0x01, 0xFF, 0x3F, 0x00, //
		0x03, 0xFF, 0xFF, 0x00, //
		0x07, 0xFF, 0xFF, 0x00, //
		0x0F, 0xFF, 0xFF, 0x00, //
		0x0F, 0xE0, 0xFF, 0x00, //
		0x1F, 0xC0, 0x7F, 0x00, //
		0x1F, 0x80, 0x3F, 0x00, //
		0x1F, 0x80, 0x3F, 0x00, //
		0x1F, 0x80, 0x3F, 0x00, //
		0x1F, 0x80, 0x3F, 0x00, //
		0x1F, 0x80, 0x3F, 0x00, //
		0x1F, 0x80, 0x3F, 0x00, //
		0x1F, 0xC0, 0x7F, 0x00, //
		0x0F, 0xE0, 0xFF, 0x00, //
		0x0F, 0xFF, 0xFF, 0x00, //
		0x07, 0xFF, 0xFF, 0x00, //
		0x03, 0xFF, 0xFF, 0x00, //
		0x01, 0xFF, 0x3F, 0x00, //
		0x00, 0xFE, 0x3F, 0x00, //
		0x00, 0x00, 0x3F, 0x00, //

		// @-1230 'r' (28 pixels wide)
		0x00, 0x00, 0x00, 0x00, //
		0x00, 0x00, 0x00, 0x00, //
		0x00, 0x00, 0x00, 0x00, //
		0x00, 0x00, 0x00, 0x00, //
		0x00, 0x00, 0x00, 0x00, //
		0x00, 0x00, 0x00, 0x00, //
		0x00, 0x00, 0x00, 0x00, //
		0x00, 0x00, 0x00, 0x00, //
		0x00, 0x00, 0x00, 0x00, //
		0x00, 0x00, 0x00, 0x00, //
		0x00, 0x00, 0x00, 0x00, //
		0x00, 0x00, 0x00, 0x00, //
		0x00, 0x00, 0x00, 0x00, //
		0x00, 0x00, 0x00, 0x00, //
		0x00, 0x00, 0x00, 0x00, //
		0x00, 0x00, 0x00, 0x00, //
		0x00, 0x00, 0x00, 0x00, //
		0x00, 0x00, 0x00, 0x00, //
		0x00, 0x00, 0x00, 0x00, //
		0x00, 0x00, 0x00, 0x00, //
		0x00, 0x00, 0x00, 0x00, //
		0x00, 0x00, 0x00, 0x00, //
		0x00, 0x00, 0x00, 0x00, //
		0x00, 0x00, 0x00, 0x00, //
		0x00, 0x00, 0x00, 0x00, //
		0x00, 0xFC, 0x3E, 0x00, //
		0x00, 0xFC, 0xFE, 0x00, //
		0x00, 0xFD, 0xFE, 0x00, //
		0x00, 0xFF, 0xFE, 0x00, //
		0x00, 0xFF, 0xFE, 0x00, //
		0x00, 0xFF, 0x82, 0x00, //
		0x00, 0xFF, 0x00, 0x00, //
		0x00, 0xFE, 0x00, 0x00, //
		0x00, 0xFC, 0x00, 0x00, //
		0x00, 0xFC, 0x00, 0x00, //
		0x00, 0xFC, 0x00, 0x00, //
		0x00, 0xFC, 0x00, 0x00, //
		0x00, 0xFC, 0x00, 0x00, //
		0x00, 0xFC, 0x00, 0x00, //
		0x00, 0xFC, 0x00, 0x00, //
		0x00, 0xFC, 0x00, 0x00, //
		0x00, 0xFC, 0x00, 0x00, //

		// @-1229 's' (28 pixels wide)
		0x00, 0x00, 0x00, 0x00, //
		0x00, 0x00, 0x00, 0x00, //
		0x00, 0x00, 0x00, 0x00, //
		0x00, 0x00, 0x00, 0x00, //
		0x00, 0x00, 0x00, 0x00, //
		0x00, 0x00, 0x00, 0x00, //
		0x00, 0x00, 0x00, 0x00, //
		0x00, 0x00, 0x00, 0x00, //
		0x00, 0x00, 0x00, 0x00, //
		0x00, 0x00, 0x00, 0x00, //
		0x00, 0x00, 0x00, 0x00, //
		0x00, 0x00, 0x00, 0x00, //
		0x00, 0x00, 0x00, 0x00, //
		0x00, 0x00, 0x00, 0x00, //
		0x00, 0x00, 0x00, 0x00, //
		0x00, 0x00, 0x00, 0x00, //
		0x00, 0x00, 0x00, 0x00, //
		0x00, 0x00, 0x00, 0x00, //
		0x00, 0x00, 0x00, 0x00, //
		0x00, 0x00, 0x00, 0x00, //
		0x00, 0x00, 0x00, 0x00, //
		0x00, 0x00, 0x00, 0x00, //
		0x00, 0x00, 0x00, 0x00, //
		0x00, 0x00, 0x00, 0x00, //
		0x00, 0x00, 0x00, 0x00, //
		0x00, 0x3F, 0xE0, 0x00, //
		0x01, 0xFF, 0xFC, 0x00, //
		0x03, 0xFF, 0xFC, 0x00, //
		0x07, 0xFF, 0xFC, 0x00, //
		0x07, 0xF0, 0x3C, 0x00, //
		0x07, 0xE0, 0x04, 0x00, //
		0x07, 0xE0, 0x00, 0x00, //
		0x07, 0xF0, 0x00, 0x00, //
		0x07, 0xFF, 0x80, 0x00, //
		0x03, 0xFF, 0xF0, 0x00, //
		0x01, 0xFF, 0xFC, 0x00, //
		0x00, 0x3F, 0xFC, 0x00, //
		0x00, 0x00, 0xFE, 0x00, //
		0x00, 0x00, 0x7E, 0x00, //
		0x04, 0x00, 0x7E, 0x00, //
		0x07, 0x80, 0xFE, 0x00, //
		0x07, 0xFF, 0xFC, 0x00, //

		// @-1228 't' (28 pixels wide)
		0x00, 0x00, 0x00, 0x00, //
		0x00, 0x00, 0x00, 0x00, //
		0x00, 0x00, 0x00, 0x00, //
		0x00, 0x00, 0x00, 0x00, //
		0x00, 0x00, 0x00, 0x00, //
		0x00, 0x00, 0x00, 0x00, //
		0x00, 0x00, 0x00, 0x00, //
		0x00, 0x00, 0x00, 0x00, //
		0x00, 0x00, 0x00, 0x00, //
		0x00, 0x00, 0x00, 0x00, //
		0x00, 0x00, 0x00, 0x00, //
		0x00, 0x00, 0x00, 0x00, //
		0x00, 0x00, 0x00, 0x00, //
		0x00, 0x00, 0x00, 0x00, //
		0x00, 0x00, 0x00, 0x00, //
		0x00, 0x00, 0x00, 0x00, //
		0x00, 0x00, 0x00, 0x00, //
		0x00, 0x7E, 0x00, 0x00, //
		0x00, 0x7E, 0x00, 0x00, //
		0x00, 0x7E, 0x00, 0x00, //
		0x00, 0x7E, 0x00, 0x00, //
		0x00, 0x7E, 0x00, 0x00, //
		0x03, 0xFF, 0xF8, 0x00, //
		0x03, 0xFF, 0xF8, 0x00, //
		0x03, 0xFF, 0xF8, 0x00, //
		0x03, 0xFF, 0xF8, 0x00, //
		0x03, 0xFF, 0xF8, 0x00, //
		0x00, 0x7E, 0x00, 0x00, //
		0x00, 0x7E, 0x00, 0x00, //
		0x00, 0x7E, 0x00, 0x00, //
		0x00, 0x7E, 0x00, 0x00, //
		0x00, 0x7E, 0x00, 0x00, //
		0x00, 0x7E, 0x00, 0x00, //
		0x00, 0x7E, 0x00, 0x00, //
		0x00, 0x7E, 0x00, 0x00, //
		0x00, 0x7E, 0x00, 0x00, //
		0x00, 0x7F, 0x00, 0x00, //
		0x00, 0x7F, 0xF8, 0x00, //
		0x00, 0x7F, 0xF8, 0x00, //
		0x00, 0x3F, 0xF8, 0x00, //
		0x00, 0x1F, 0xF8, 0x00, //
		0x00, 0x0F, 0xF8, 0x00, //

		// @-1227 'u' (28 pixels wide)
		0x00, 0x00, 0x00, 0x00, //
		0x00, 0x00, 0x00, 0x00, //
		0x00, 0x00, 0x00, 0x00, //
		0x00, 0x00, 0x00, 0x00, //
		0x00, 0x00, 0x00, 0x00, //
		0x00, 0x00, 0x00, 0x00, //
		0x00, 0x00, 0x00, 0x00, //
		0x00, 0x00, 0x00, 0x00, //
		0x00, 0x00, 0x00, 0x00, //
		0x00, 0x00, 0x00, 0x00, //
		0x00, 0x00, 0x00, 0x00, //
		0x00, 0x00, 0x00, 0x00, //
		0x00, 0x00, 0x00, 0x00, //
		0x00, 0x00, 0x00, 0x00, //
		0x00, 0x00, 0x00, 0x00, //
		0x00, 0x00, 0x00, 0x00, //
		0x00, 0x00, 0x00, 0x00, //
		0x00, 0x00, 0x00, 0x00, //
		0x00, 0x00, 0x00, 0x00, //
		0x00, 0x00, 0x00, 0x00, //
		0x00, 0x00, 0x00, 0x00, //
		0x00, 0x00, 0x00, 0x00, //
		0x00, 0x00, 0x00, 0x00, //
		0x00, 0x00, 0x00, 0x00, //
		0x00, 0x00, 0x00, 0x00, //
		0x0F, 0xC0, 0x3F, 0x00, //
		0x0F, 0xC0, 0x3F, 0x00, //
		0x0F, 0xC0, 0x3F, 0x00, //
		0x0F, 0xC0, 0x3F, 0x00, //
		0x0F, 0xC0, 0x3F, 0x00, //
		0x0F, 0xC0, 0x3F, 0x00, //
		0x0F, 0xC0, 0x3F, 0x00, //
		0x0F, 0xC0, 0x3F, 0x00, //
		0x0F, 0xC0, 0x3F, 0x00, //
		0x0F, 0xC0, 0x3F, 0x00, //
		0x0F, 0xC0, 0x3F, 0x00, //
		0x0F, 0xC0, 0x3F, 0x00, //
		0x0F, 0xC0, 0x7F, 0x00, //
		0x0F, 0xE0, 0x7F, 0x00, //
		0x0F, 0xE1, 0xFF, 0x00, //
		0x07, 0xFF, 0xFF, 0x00, //
		0x07, 0xFF, 0xFF, 0x00, //

		// @-1226 'v' (28 pixels wide)
		0x00, 0x00, 0x00, 0x00, //
		0x00, 0x00, 0x00, 0x00, //
		0x00, 0x00, 0x00, 0x00, //
		0x00, 0x00, 0x00, 0x00, //
		0x00, 0x00, 0x00, 0x00, //
		0x00, 0x00, 0x00, 0x00, //
		0x00, 0x00, 0x00, 0x00, //
		0x00, 0x00, 0x00, 0x00, //
		0x00, 0x00, 0x00, 0x00, //
		0x00, 0x00, 0x00, 0x00, //
		0x00, 0x00, 0x00, 0x00, //
		0x00, 0x00, 0x00, 0x00, //
		0x00, 0x00, 0x00, 0x00, //
		0x00, 0x00, 0x00, 0x00, //
		0x00, 0x00, 0x00, 0x00, //
		0x00, 0x00, 0x00, 0x00, //
		0x00, 0x00, 0x00, 0x00, //
		0x00, 0x00, 0x00, 0x00, //
		0x00, 0x00, 0x00, 0x00, //
		0x00, 0x00, 0x00, 0x00, //
		0x00, 0x00, 0x00, 0x00, //
		0x00, 0x00, 0x00, 0x00, //
		0x00, 0x00, 0x00, 0x00, //
		0x00, 0x00, 0x00, 0x00, //
		0x00, 0x00, 0x00, 0x00, //
		0x1F, 0xC0, 0x3F, 0x80, //
		0x0F, 0xC0, 0x3F, 0x00, //
		0x0F, 0xC0, 0x3F, 0x00, //
		0x0F, 0xE0, 0x7F, 0x00, //
		0x07, 0xE0, 0x7E, 0x00, //
		0x07, 0xF0, 0xFE, 0x00, //
		0x07, 0xF0, 0xFE, 0x00, //
		0x03, 0xF0, 0xFC, 0x00, //
		0x03, 0xF9, 0xFC, 0x00, //
		0x01, 0xF9, 0xF8, 0x00, //
		0x01, 0xF9, 0xF8, 0x00, //
		0x01, 0xFF, 0xF8, 0x00, //
		0x00, 0xFF, 0xF0, 0x00, //
		0x00, 0xFF, 0xF0, 0x00, //
		0x00, 0x7F, 0xF0, 0x00, //
		0x00, 0x7F, 0xE0, 0x00, //
		0x00, 0x7F, 0xE0, 0x00, //

		// @-1225 'w' (28 pixels wide)
		0x00, 0x00, 0x00, 0x00, //
		0x00, 0x00, 0x00, 0x00, //
		0x00, 0x00, 0x00, 0x00, //
		0x00, 0x00, 0x00, 0x00, //
		0x00, 0x00, 0x00, 0x00, //
		0x00, 0x00, 0x00, 0x00, //
		0x00, 0x00, 0x00, 0x00, //
		0x00, 0x00, 0x00, 0x00, //
		0x00, 0x00, 0x00, 0x00, //
		0x00, 0x00, 0x00, 0x00, //
		0x00, 0x00, 0x00, 0x00, //
		0x00, 0x00, 0x00, 0x00, //
		0x00, 0x00, 0x00, 0x00, //
		0x00, 0x00, 0x00, 0x00, //
		0x00, 0x00, 0x00, 0x00, //
		0x00, 0x00, 0x00, 0x00, //
		0x00, 0x00, 0x00, 0x00, //
		0x00, 0x00, 0x00, 0x00, //
		0x00, 0x00, 0x00, 0x00, //
		0x00, 0x00, 0x00, 0x00, //
		0x00, 0x00, 0x00, 0x00, //
		0x00, 0x00, 0x00, 0x00, //
		0x00, 0x00, 0x00, 0x00, //
		0x00, 0x00, 0x00, 0x00, //
		0x00, 0x00, 0x00, 0x00, //
		0xF8, 0x0F, 0x80, 0xF0, //
		0xFC, 0x1F, 0xC1, 0xF0, //
		0xFC, 0x1F, 0xC1, 0xF0, //
		0xFC, 0x1F, 0xC1, 0xF0, //
		0xFC, 0x1F, 0xC1, 0xF0, //
		0xFE, 0x3F, 0xE3, 0xF0, //
		0x7E, 0x3D, 0xE3, 0xF0, //
		0x7E, 0x3D, 0xE3, 0xF0, //
		0x7E, 0x3D, 0xE3, 0xF0, //
		0x7F, 0x3D, 0xE7, 0xF0, //
		0x3F, 0x78, 0xF7, 0xE0, //
		0x3F, 0x78, 0xF7, 0xE0, //
		0x3F, 0x78, 0xF7, 0xE0, //
		0x1F, 0xF8, 0xFF, 0xC0, //
		0x1F, 0xF0, 0x7F, 0xC0, //
		0x1F, 0xF0, 0x7F, 0xC0, //
		0x1F, 0xF0, 0x7F, 0xC0, //

		// @-1224 'x' (28 pixels wide)
		0x00, 0x00, 0x00, 0x00, //
		0x00, 0x00, 0x00, 0x00, //
		0x00, 0x00, 0x00, 0x00, //
		0x00, 0x00, 0x00, 0x00, //
		0x00, 0x00, 0x00, 0x00, //
		0x00, 0x00, 0x00, 0x00, //
		0x00, 0x00, 0x00, 0x00, //
		0x00, 0x00, 0x00, 0x00, //
		0x00, 0x00, 0x00, 0x00, //
		0x00, 0x00, 0x00, 0x00, //
		0x00, 0x00, 0x00, 0x00, //
		0x00, 0x00, 0x00, 0x00, //
		0x00, 0x00, 0x00, 0x00, //
		0x00, 0x00, 0x00, 0x00, //
		0x00, 0x00, 0x00, 0x00, //
		0x00, 0x00, 0x00, 0x00, //
		0x00, 0x00, 0x00, 0x00, //
		0x00, 0x00, 0x00, 0x00, //
		0x00, 0x00, 0x00, 0x00, //
		0x00, 0x00, 0x00, 0x00, //
		0x00, 0x00, 0x00, 0x00, //
		0x00, 0x00, 0x00, 0x00, //
		0x00, 0x00, 0x00, 0x00, //
		0x00, 0x00, 0x00, 0x00, //
		0x00, 0x00, 0x00, 0x00, //
		0x1F, 0xE0, 0x7F, 0x80, //
		0x0F, 0xF0, 0xFF, 0x00, //
		0x07, 0xF0, 0xFE, 0x00, //
		0x03, 0xF9, 0xFC, 0x00, //
		0x03, 0xFF, 0xFC, 0x00, //
		0x01, 0xFF, 0xF8, 0x00, //
		0x00, 0xFF, 0xF0, 0x00, //
		0x00, 0x7F, 0xE0, 0x00, //
		0x00, 0x7F, 0xE0, 0x00, //
		0x00, 0x3F, 0xC0, 0x00, //
		0x00, 0x3F, 0xC0, 0x00, //
		0x00, 0x7F, 0xE0, 0x00, //
		0x00, 0xFF, 0xF0, 0x00, //
		0x00, 0xFF, 0xF0, 0x00, //
		0x01, 0xFF, 0xF8, 0x00, //
		0x03, 0xFF, 0xFC, 0x00, //
		0x07, 0xF9, 0xFE, 0x00, //

		// @-1223 'y' (28 pixels wide)
		0x00, 0x00, 0x00, 0x00, //
		0x00, 0x00, 0x00, 0x00, //
		0x00, 0x00, 0x00, 0x00, //
		0x00, 0x00, 0x00, 0x00, //
		0x00, 0x00, 0x00, 0x00, //
		0x00, 0x00, 0x00, 0x00, //
		0x00, 0x00, 0x00, 0x00, //
		0x00, 0x00, 0x00, 0x00, //
		0x00, 0x00, 0x00, 0x00, //
		0x00, 0x00, 0x00, 0x00, //
		0x00, 0x00, 0x00, 0x00, //
		0x00, 0x00, 0x00, 0x00, //
		0x00, 0x00, 0x00, 0x00, //
		0x00, 0x00, 0x00, 0x00, //
		0x00, 0x00, 0x00, 0x00, //
		0x00, 0x00, 0x00, 0x00, //
		0x00, 0x00, 0x00, 0x00, //
		0x00, 0x00, 0x00, 0x00, //
		0x00, 0x00, 0x00, 0x00, //
		0x00, 0x00, 0x00, 0x00, //
		0x00, 0x00, 0x00, 0x00, //
		0x3F, 0x80, 0x7F, 0x00, //
		0x1F, 0x80, 0x7E, 0x00, //
		0x1F, 0xC0, 0x7E, 0x00, //
		0x1F, 0xC0, 0xFE, 0x00, //
		0x0F, 0xC0, 0xFC, 0x00, //
		0x0F, 0xE0, 0xFC, 0x00, //
		0x07, 0xE1, 0xFC, 0x00, //
		0x07, 0xF1, 0xF8, 0x00, //
		0x03, 0xF3, 0xF8, 0x00, //
		0x03, 0xF3, 0xF8, 0x00, //
		0x03, 0xFB, 0xF0, 0x00, //
		0x01, 0xFF, 0xF0, 0x00, //
		0x01, 0xFF, 0xE0, 0x00, //
		0x00, 0xFF, 0xE0, 0x00, //
		0x00, 0xFF, 0xE0, 0x00, //
		0x00, 0xFF, 0xC0, 0x00, //
		0x00, 0x7F, 0xC0, 0x00, //
		0x00, 0x7F, 0xC0, 0x00, //
		0x00, 0x3F, 0x80, 0x00, //
		0x00, 0x3F, 0x80, 0x00, //
		0x00, 0x3F, 0x00, 0x00, //

		// @-1222 'z' (28 pixels wide)
		0x00, 0x00, 0x00, 0x00, //
		0x00, 0x00, 0x00, 0x00, //
		0x00, 0x00, 0x00, 0x00, //
		0x00, 0x00, 0x00, 0x00, //
		0x00, 0x00, 0x00, 0x00, //
		0x00, 0x00, 0x00, 0x00, //
		0x00, 0x00, 0x00, 0x00, //
		0x00, 0x00, 0x00, 0x00, //
		0x00, 0x00, 0x00, 0x00, //
		0x00, 0x00, 0x00, 0x00, //
		0x00, 0x00, 0x00, 0x00, //
		0x00, 0x00, 0x00, 0x00, //
		0x00, 0x00, 0x00, 0x00, //
		0x00, 0x00, 0x00, 0x00, //
		0x00, 0x00, 0x00, 0x00, //
		0x00, 0x00, 0x00, 0x00, //
		0x00, 0x00, 0x00, 0x00, //
		0x00, 0x00, 0x00, 0x00, //
		0x00, 0x00, 0x00, 0x00, //
		0x00, 0x00, 0x00, 0x00, //
		0x00, 0x00, 0x00, 0x00, //
		0x00, 0x00, 0x00, 0x00, //
		0x00, 0x00, 0x00, 0x00, //
		0x00, 0x00, 0x00, 0x00, //
		0x00, 0x00, 0x00, 0x00, //
		0x07, 0xFF, 0xFE, 0x00, //
		0x07, 0xFF, 0xFE, 0x00, //
		0x07, 0xFF, 0xFE, 0x00, //
		0x07, 0xFF, 0xFE, 0x00, //
		0x07, 0xFF, 0xFE, 0x00, //
		0x00, 0x03, 0xFC, 0x00, //
		0x00, 0x07, 0xF8, 0x00, //
		0x00, 0x0F, 0xF0, 0x00, //
		0x00, 0x1F, 0xF0, 0x00, //
		0x00, 0x1F, 0xE0, 0x00, //
		0x00, 0x3F, 0xC0, 0x00, //
		0x00, 0x7F, 0x80, 0x00, //
		0x00, 0xFF, 0x00, 0x00, //
		0x01, 0xFE, 0x00, 0x00, //
		0x03, 0xFC, 0x00, 0x00, //
		0x07, 0xFF, 0xFE, 0x00, //
		0x07, 0xFF, 0xFE, 0x00, //



};
