#include "ILI9488/bitmaps/bitmaps.h"

const uint16_t refri_L [] = {
	// 'LEFT, 348x646px
			0x8c71, 0x94b2, 0x94b2, 0x94b2, 0x94b2, 0x94b2, 0x94b2, 0x94b2, 0x94b2, 0x94b2, 0x94b2, 0x94b2, 0x94b2, 0x94b2, 0x94b2, 0x94b2,
			0x94b2, 0x94b2, 0x94b2, 0x94b2, 0x94b2, 0x94b2, 0x94b2, 0x94b2, 0x94b2, 0x94b2, 0x94b2, 0x94b2, 0x94b2, 0x94b2, 0x94b2, 0x94b2,
			0x94b2, 0x94b2, 0x94b2, 0x94b2, 0x94b2, 0x94b2, 0x94b2, 0x94b2, 0x94b2, 0x94b2, 0x94b2, 0x94b2, 0x94b2, 0x94b2, 0x94b2, 0x94b2,
			0x94b2, 0x94b2, 0x94b2, 0x94b2, 0x94b2, 0x94b2, 0x94b2, 0x94b2, 0x94b2, 0x94b2, 0x94b2, 0x94b2, 0x94b2, 0x94b2, 0x94b2, 0x94b2,
			0x94b2, 0x94b2, 0x94b2, 0x94b2, 0x94b2, 0x94b2, 0x94b2, 0x94b2, 0x94b2, 0x94b2, 0x94b2, 0x94b2, 0x94b2, 0x94b2, 0x94b2, 0x94b2,
			0x94b2, 0x94b2, 0x94b2, 0x94b2, 0x94b2, 0x94b2, 0x94b2, 0x94b2, 0x94b2, 0x94b2, 0x94b2, 0x94b2, 0x94b2, 0x94b2, 0x94b2, 0x94b2,
			0x94b2, 0x94b2, 0x94b2, 0x94b2, 0x94b2, 0x94b2, 0x94b2, 0x94b2, 0x94b2, 0x94b2, 0x94b2, 0x94b2, 0x94b2, 0x94b2, 0x94b2, 0x94b2,
			0x94b2, 0x94b2, 0x94b2, 0x94b2, 0x94b2, 0x94b2, 0x94b2, 0x94b2, 0xc618, 0xdedb, 0xdedb, 0xdedb, 0xdedb, 0xdedb, 0xdedb, 0xdedb,
			0xdedb, 0xdedb, 0xdedb, 0xdedb, 0xdedb, 0xdedb, 0xdedb, 0xdedb, 0xdedb, 0xdedb, 0xdedb, 0xdedb, 0xdedb, 0xdedb, 0xdedb, 0xdedb,
			0xdedb, 0xdedb, 0xdedb, 0xdedb, 0xdedb, 0xdedb, 0xdedb, 0xdedb, 0xdedb, 0xdedb, 0xdedb, 0xdedb, 0xdedb, 0xdedb, 0xdedb, 0xdedb,
			0xdedb, 0xdedb, 0xdedb, 0xdedb, 0xdedb, 0xdedb, 0xdedb, 0xdedb, 0xdedb, 0xdedb, 0xdedb, 0xdedb, 0xdedb, 0xdedb, 0xdedb, 0xdedb,
			0xdedb, 0xdedb, 0xdedb, 0xdedb, 0xdedb, 0xdedb, 0xdedb, 0xdedb, 0xdedb, 0xdedb, 0xdedb, 0xdedb, 0xdedb, 0xdedb, 0xdedb, 0xdedb,
			0xdedb, 0xdedb, 0xdedb, 0xdedb, 0xdedb, 0xdedb, 0xdedb, 0xdedb, 0xdedb, 0xdedb, 0xdedb, 0xdedb, 0xdedb, 0xdedb, 0xdedb, 0xdedb,
			0xdedb, 0xdedb, 0xdedb, 0xdedb, 0xdedb, 0xdedb, 0xdedb, 0xdedb, 0xdedb, 0xdedb, 0xdedb, 0xdedb, 0xdedb, 0xdedb, 0xdedb, 0xdedb,
			0xdedb, 0xdedb, 0xdedb, 0xdedb, 0xdedb, 0xdedb, 0xdedb, 0xdedb, 0xdedb, 0xdedb, 0xdedb, 0xdedb, 0xdedb, 0xdedb, 0xdedb, 0xdedb,
			0xc618, 0xdedb, 0xdedb, 0xdedb, 0xdedb, 0xdedb, 0xdedb, 0xdedb, 0xdedb, 0xdedb, 0xdedb, 0xdedb, 0xdedb, 0xdedb, 0xdedb, 0xdedb,
			0xdedb, 0xdedb, 0xdedb, 0xdedb, 0xdedb, 0xdedb, 0xdedb, 0xdedb, 0xdedb, 0xdedb, 0xdedb, 0xdedb, 0xdedb, 0xdedb, 0xdedb, 0xdedb,
			0xdedb, 0xdedb, 0xdedb, 0xdedb, 0xdedb, 0xdedb, 0xdedb, 0xdedb, 0xdedb, 0xdedb, 0xdedb, 0xdedb, 0xdedb, 0xdedb, 0xdedb, 0xdedb,
			0xdedb, 0xdedb, 0xdedb, 0xdedb, 0xdedb, 0xdedb, 0xdedb, 0xdedb, 0xdedb, 0xdedb, 0xdedb, 0xdedb, 0xdedb, 0xdedb, 0xdedb, 0xdedb,
			0xdedb, 0xdedb, 0xdedb, 0xdedb, 0xdedb, 0xdedb, 0xdedb, 0xdedb, 0xdedb, 0xdedb, 0xdedb, 0xdedb, 0xdedb, 0xdedb, 0xdedb, 0xdedb,
			0xdedb, 0xdedb, 0xdedb, 0xdedb, 0xdedb, 0xdedb, 0xdedb, 0xdedb, 0xdedb, 0xdedb, 0xdedb, 0xdedb, 0xdedb, 0xdedb, 0xdedb, 0xdedb,
			0xdedb, 0xdedb, 0xdedb, 0xdedb, 0xdedb, 0xdedb, 0xdedb, 0xdedb, 0xdedb, 0xdedb, 0xdedb, 0xdedb, 0xdedb, 0xdedb, 0xdedb, 0xdedb,
			0xdedb, 0xdedb, 0xdedb, 0xdedb, 0xdedb, 0xdedb, 0xdedb, 0xdedb, 0xc618, 0xdedb, 0xdedb, 0xdedb, 0xdedb, 0xdedb, 0xdedb, 0xdedb,
			0xdedb, 0xdedb, 0xdedb, 0xdedb, 0xdedb, 0xdedb, 0xdedb, 0xdedb, 0xdedb, 0xdedb, 0xdedb, 0xdedb, 0xdedb, 0xdedb, 0xdedb, 0xdedb,
			0xdedb, 0xdedb, 0xdedb, 0xdedb, 0xdedb, 0xdedb, 0xdedb, 0xdedb, 0xdedb, 0xdedb, 0xdedb, 0xdedb, 0xdedb, 0xdedb, 0xdedb, 0xdedb,
			0xdedb, 0xdedb, 0xdedb, 0xdedb, 0xdedb, 0xdedb, 0xdedb, 0xdedb, 0xdedb, 0xdedb, 0xdedb, 0xdedb, 0xdedb, 0xdedb, 0xdedb, 0xdedb,
			0xdedb, 0xdedb, 0xdedb, 0xdedb, 0xdedb, 0xdedb, 0xdedb, 0xdedb, 0xdedb, 0xdedb, 0xdedb, 0xdedb, 0xdedb, 0xdedb, 0xdedb, 0xdedb,
			0xdedb, 0xdedb, 0xdedb, 0xdedb, 0xdedb, 0xdedb, 0xdedb, 0xdedb, 0xdedb, 0xdedb, 0xdedb, 0xdedb, 0xdedb, 0xdedb, 0xdedb, 0xdedb,
			0xdedb, 0xdedb, 0xdedb, 0xdedb, 0xdedb, 0xdedb, 0xdedb, 0xdedb, 0xdedb, 0xdedb, 0xdedb, 0xdedb, 0xdedb, 0xdedb, 0xdedb, 0xdedb,
			0xdedb, 0xdedb, 0xdedb, 0xdedb, 0xdedb, 0xdedb, 0xdedb, 0xdedb, 0xdedb, 0xdedb, 0xdedb, 0xdedb, 0xdedb, 0xdedb, 0xdedb, 0xdedb,
			0xc618, 0xdedb, 0xdedb, 0xdedb, 0xdedb, 0xdedb, 0xdedb, 0xdedb, 0xdedb, 0xdedb, 0xdedb, 0xdedb, 0xdedb, 0xdedb, 0xdedb, 0xdedb,
			0xdedb, 0xdedb, 0xdedb, 0xdedb, 0xdedb, 0xdedb, 0xdedb, 0xdedb, 0xdedb, 0xdedb, 0xdedb, 0xdedb, 0xdedb, 0xdedb, 0xdedb, 0xdedb,
			0xdedb, 0xdedb, 0xdedb, 0xdedb, 0xdedb, 0xdedb, 0xdedb, 0xdedb, 0xdedb, 0xdedb, 0xdedb, 0xdedb, 0xdedb, 0xdedb, 0xdedb, 0xdedb,
			0xdedb, 0xdedb, 0xdedb, 0xdedb, 0xdedb, 0xdedb, 0xdedb, 0xdedb, 0xdedb, 0xdedb, 0xdedb, 0xdedb, 0xdedb, 0xdedb, 0xdedb, 0xdedb,
			0xdedb, 0xdedb, 0xdedb, 0xdedb, 0xdedb, 0xdedb, 0xdedb, 0xdedb, 0xdedb, 0xdedb, 0xdedb, 0xdedb, 0xdedb, 0xdedb, 0xdedb, 0xdedb,
			0xdedb, 0xdedb, 0xdedb, 0xdedb, 0xdedb, 0xdedb, 0xdedb, 0xdedb, 0xdedb, 0xdedb, 0xdedb, 0xdedb, 0xdedb, 0xdedb, 0xdedb, 0xdedb,
			0xdedb, 0xdedb, 0xdedb, 0xdedb, 0xdedb, 0xdedb, 0xdedb, 0xdedb, 0xdedb, 0xdedb, 0xdedb, 0xdedb, 0xdedb, 0xdedb, 0xdedb, 0xdedb,
			0xdedb, 0xdedb, 0xdedb, 0xdedb, 0xdedb, 0xdedb, 0xdedb, 0xdedb, 0xc618, 0xdedb, 0xdedb, 0xdedb, 0xdedb, 0xdedb, 0xdedb, 0xdedb,
			0xdedb, 0xdedb, 0xdedb, 0xdedb, 0xdedb, 0xdedb, 0xdedb, 0xdedb, 0xdedb, 0xdedb, 0xdedb, 0xdedb, 0xdedb, 0xdedb, 0xdedb, 0xdedb,
			0xdedb, 0xdedb, 0xdedb, 0xdedb, 0xdedb, 0xdedb, 0xdedb, 0xdedb, 0xdedb, 0xdedb, 0xdedb, 0xdedb, 0xdedb, 0xdedb, 0xdedb, 0xdedb,
			0xdedb, 0xdedb, 0xdedb, 0xdedb, 0xdedb, 0xdedb, 0xdedb, 0xdedb, 0xdedb, 0xdedb, 0xdedb, 0xdedb, 0xdedb, 0xdedb, 0xdedb, 0xdedb,
			0xdedb, 0xdedb, 0xdedb, 0xdedb, 0xdedb, 0xdedb, 0xdedb, 0xdedb, 0xdedb, 0xdedb, 0xdedb, 0xdedb, 0xdedb, 0xdedb, 0xdedb, 0xdedb,
			0xdedb, 0xdedb, 0xdedb, 0xdedb, 0xdedb, 0xdedb, 0xdedb, 0xdedb, 0xdedb, 0xdedb, 0xdedb, 0xdedb, 0xdedb, 0xdedb, 0xdedb, 0xdedb,
			0xdedb, 0xdedb, 0xdedb, 0xdedb, 0xdedb, 0xdedb, 0xdedb, 0xdedb, 0xdedb, 0xdedb, 0xdedb, 0xdedb, 0xdedb, 0xdedb, 0xdedb, 0xdedb,
			0xdedb, 0xdedb, 0xdedb, 0xdedb, 0xdedb, 0xdedb, 0xdedb, 0xdedb, 0xdedb, 0xdedb, 0xdedb, 0xdedb, 0xdedb, 0xdedb, 0xdedb, 0xdedb,
			0xc618, 0xdedb, 0xdedb, 0xdedb, 0xdedb, 0xdedb, 0xdedb, 0xdedb, 0xdedb, 0xdedb, 0xdedb, 0xdedb, 0xdedb, 0xdedb, 0xdedb, 0xdedb,
			0xdedb, 0xdedb, 0xdedb, 0xdedb, 0xdedb, 0xdedb, 0xdedb, 0xdedb, 0xdedb, 0xdedb, 0xdedb, 0xdedb, 0xdedb, 0xdedb, 0xdedb, 0xdedb,
			0xdedb, 0xdedb, 0xdedb, 0xdedb, 0xdedb, 0xdedb, 0xdedb, 0xdedb, 0xdedb, 0xdedb, 0xdedb, 0xdedb, 0xdedb, 0xdedb, 0xdedb, 0xdedb,
			0xdedb, 0xdedb, 0xdedb, 0xdedb, 0xdedb, 0xdedb, 0xdedb, 0xdedb, 0xdedb, 0xdedb, 0xdedb, 0xdedb, 0xdedb, 0xdedb, 0xdedb, 0xdedb,
			0xdedb, 0xdedb, 0xdedb, 0xdedb, 0xdedb, 0xdedb, 0xdedb, 0xdedb, 0xdedb, 0xdedb, 0xdedb, 0xdedb, 0xdedb, 0xdedb, 0xdedb, 0xdedb,
			0xdedb, 0xdedb, 0xdedb, 0xdedb, 0xdedb, 0xdedb, 0xdedb, 0xdedb, 0xdedb, 0xdedb, 0xdedb, 0xdedb, 0xdedb, 0xdedb, 0xdedb, 0xdedb,
			0xdedb, 0xdedb, 0xdedb, 0xdedb, 0xdedb, 0xdedb, 0xdedb, 0xdedb, 0xdedb, 0xdedb, 0xdedb, 0xdedb, 0xdedb, 0xdedb, 0xdedb, 0xdedb,
			0xdedb, 0xdedb, 0xdedb, 0xdedb, 0xdedb, 0xdedb, 0xdedb, 0xdedb, 0xc618, 0xdedb, 0xdedb, 0xdedb, 0xdedb, 0xdedb, 0xdedb, 0xdedb,
			0xdedb, 0xdedb, 0xdedb, 0xdedb, 0xdedb, 0xdedb, 0xdedb, 0xdedb, 0xdedb, 0xdedb, 0xdedb, 0xdedb, 0xdedb, 0xdedb, 0xdedb, 0xdedb,
			0xdedb, 0xdedb, 0xdedb, 0xdedb, 0xdedb, 0xdedb, 0xdedb, 0xdedb, 0xdedb, 0xdedb, 0xdedb, 0xdedb, 0xdedb, 0xdedb, 0xdedb, 0xdedb,
			0xdedb, 0xdedb, 0xdedb, 0xdedb, 0xdedb, 0xdedb, 0xdedb, 0xdedb, 0xdedb, 0xdedb, 0xdedb, 0xdedb, 0xdedb, 0xdedb, 0xdedb, 0xdedb,
			0xdedb, 0xdedb, 0xdedb, 0xdedb, 0xdedb, 0xdedb, 0xdedb, 0xdedb, 0xdedb, 0xdedb, 0xdedb, 0xdedb, 0xdedb, 0xdedb, 0xdedb, 0xdedb,
			0xdedb, 0xdedb, 0xdedb, 0xdedb, 0xdedb, 0xdedb, 0xdedb, 0xdedb, 0xdedb, 0xdedb, 0xdedb, 0xdedb, 0xdedb, 0xdedb, 0xdedb, 0xdedb,
			0xdedb, 0xdedb, 0xdedb, 0xdedb, 0xdedb, 0xdedb, 0xdedb, 0xdedb, 0xdedb, 0xdedb, 0xdedb, 0xdedb, 0xdedb, 0xdedb, 0xdedb, 0xdedb,
			0xdedb, 0xdedb, 0xdedb, 0xdedb, 0xdedb, 0xdedb, 0xdedb, 0xdedb, 0xdedb, 0xdedb, 0xdedb, 0xdedb, 0xdedb, 0xdedb, 0xdedb, 0xdedb,
			0xc618, 0xdedb, 0xdedb, 0xdedb, 0xdedb, 0xdedb, 0xdedb, 0xdedb, 0xdedb, 0xdedb, 0xdedb, 0xdedb, 0xdedb, 0xdedb, 0xdedb, 0xdedb,
			0xdedb, 0xdedb, 0xdedb, 0xdedb, 0xdedb, 0xdedb, 0xdedb, 0xdedb, 0xdedb, 0xdedb, 0xdedb, 0xdedb, 0xdedb, 0xdedb, 0xdedb, 0xdedb,
			0xdedb, 0xdedb, 0xdedb, 0xdedb, 0xdedb, 0xdedb, 0xdedb, 0xdedb, 0xdedb, 0xdedb, 0xdedb, 0xdedb, 0xdedb, 0xdedb, 0xdedb, 0xdedb,
			0xdedb, 0xdedb, 0xdedb, 0xdedb, 0xdedb, 0xdedb, 0xdedb, 0xdedb, 0xdedb, 0xdedb, 0xdedb, 0xdedb, 0xdedb, 0xdedb, 0xdedb, 0xdedb,
			0xdedb, 0xdedb, 0xdedb, 0xdedb, 0xdedb, 0xdedb, 0xdedb, 0xdedb, 0xdedb, 0xdedb, 0xdedb, 0xdedb, 0xdedb, 0xdedb, 0xdedb, 0xdedb,
			0xdedb, 0xdedb, 0xdedb, 0xdedb, 0xdedb, 0xdedb, 0xdedb, 0xdedb, 0xdedb, 0xdedb, 0xdedb, 0xdedb, 0xdedb, 0xdedb, 0xdedb, 0xdedb,
			0xdedb, 0xdedb, 0xdedb, 0xdedb, 0xdedb, 0xdedb, 0xdedb, 0xdedb, 0xdedb, 0xdedb, 0xdedb, 0xdedb, 0xdedb, 0xdedb, 0xdedb, 0xdedb,
			0xdedb, 0xdedb, 0xdedb, 0xdedb, 0xdedb, 0xdedb, 0xdedb, 0xdedb, 0xc618, 0xdedb, 0xdedb, 0xdedb, 0xdedb, 0xdedb, 0xdedb, 0xdedb,
			0xdedb, 0xdedb, 0xdedb, 0xdedb, 0xdedb, 0xdedb, 0xdedb, 0xdedb, 0xdedb, 0xdedb, 0xdedb, 0xdedb, 0xdedb, 0xdedb, 0xdedb, 0xdedb,
			0xdedb, 0xdedb, 0xdedb, 0xdedb, 0xdedb, 0xdedb, 0xdedb, 0xdedb, 0xdedb, 0xdedb, 0xdedb, 0xdedb, 0xdedb, 0xdedb, 0xdedb, 0xdedb,
			0xdedb, 0xdedb, 0xdedb, 0xdedb, 0xdedb, 0xdedb, 0xdedb, 0xdedb, 0xdedb, 0xdedb, 0xdedb, 0xdedb, 0xdedb, 0xdedb, 0xdedb, 0xdedb,
			0xdedb, 0xdedb, 0xdedb, 0xdedb, 0xdedb, 0xdedb, 0xdedb, 0xdedb, 0xdedb, 0xdedb, 0xdedb, 0xdedb, 0xdedb, 0xdedb, 0xdedb, 0xdedb,
			0xdedb, 0xdedb, 0xdedb, 0xdedb, 0xdedb, 0xdedb, 0xdedb, 0xdedb, 0xdedb, 0xdedb, 0xdedb, 0xdedb, 0xdedb, 0xdedb, 0xdedb, 0xdedb,
			0xdedb, 0xdedb, 0xdedb, 0xdedb, 0xdedb, 0xdedb, 0xdedb, 0xdedb, 0xdedb, 0xdedb, 0xdedb, 0xdedb, 0xdedb, 0xdedb, 0xdedb, 0xdedb,
			0xdedb, 0xdedb, 0xdedb, 0xdedb, 0xdedb, 0xdedb, 0xdedb, 0xdedb, 0xdedb, 0xdedb, 0xdedb, 0xdedb, 0xdedb, 0xdedb, 0xdedb, 0xdedb,
			0xc618, 0xdedb, 0xdedb, 0xdedb, 0xdedb, 0xdedb, 0xdedb, 0xdedb, 0xdedb, 0xdedb, 0xdedb, 0xdedb, 0xdedb, 0xdedb, 0xdedb, 0xdedb,
			0xdedb, 0xdedb, 0xdedb, 0xdedb, 0xdedb, 0xdedb, 0xdedb, 0xdedb, 0xdedb, 0xdedb, 0xdedb, 0xdedb, 0xdedb, 0xdedb, 0xdedb, 0xdedb,
			0xdedb, 0xdedb, 0xdedb, 0xdedb, 0xdedb, 0xdedb, 0xdedb, 0xdedb, 0xdedb, 0xdedb, 0xdedb, 0xdedb, 0xdedb, 0xdedb, 0xdedb, 0xdedb,
			0xdedb, 0xdedb, 0xdedb, 0xdedb, 0xdedb, 0xdedb, 0xdedb, 0xdedb, 0xdedb, 0xdedb, 0xdedb, 0xdedb, 0xdedb, 0xdedb, 0xdedb, 0xdedb,
			0xdedb, 0xdedb, 0xdedb, 0xdedb, 0xdedb, 0xdedb, 0xdedb, 0xdedb, 0xdedb, 0xdedb, 0xdedb, 0xdedb, 0xdedb, 0xdedb, 0xdedb, 0xdedb,
			0xdedb, 0xdedb, 0xdedb, 0xdedb, 0xdedb, 0xdedb, 0xdedb, 0xdedb, 0xdedb, 0xdedb, 0xdedb, 0xdedb, 0xdedb, 0xdedb, 0xdedb, 0xdedb,
			0xdedb, 0xdedb, 0xdedb, 0xdedb, 0xdedb, 0xdedb, 0xdedb, 0xdedb, 0xdedb, 0xdedb, 0xdedb, 0xdedb, 0xdedb, 0xdedb, 0xdedb, 0xdedb,
			0xdedb, 0xdedb, 0xdedb, 0xdedb, 0xdedb, 0xdedb, 0xdedb, 0xdedb, 0xc618, 0xdedb, 0xdedb, 0xdedb, 0xdedb, 0xdedb, 0xdedb, 0xdedb,
			0xdedb, 0xdedb, 0xdedb, 0xdedb, 0xdedb, 0xdedb, 0xdedb, 0xdedb, 0xdedb, 0xdedb, 0xdedb, 0xdedb, 0xdedb, 0xdedb, 0xdedb, 0xdedb,
			0xdedb, 0xdedb, 0xdedb, 0xdedb, 0xdedb, 0xdedb, 0xdedb, 0xdedb, 0xdedb, 0xdedb, 0xdedb, 0xdedb, 0xdedb, 0xdedb, 0xdedb, 0xdedb,
			0xdedb, 0xdedb, 0xdedb, 0xdedb, 0xdedb, 0xdedb, 0xdedb, 0xdedb, 0xdedb, 0xdedb, 0xdedb, 0xdedb, 0xdedb, 0xdedb, 0xdedb, 0xdedb,
			0xdedb, 0xdedb, 0xdedb, 0xdedb, 0xdedb, 0xdedb, 0xdedb, 0xdedb, 0xdedb, 0xdedb, 0xdedb, 0xdedb, 0xdedb, 0xdedb, 0xdedb, 0xdedb,
			0xdedb, 0xdedb, 0xdedb, 0xdedb, 0xdedb, 0xdedb, 0xdedb, 0xdedb, 0xdedb, 0xdedb, 0xdedb, 0xdedb, 0xdedb, 0xdedb, 0xdedb, 0xdedb,
			0xdedb, 0xdedb, 0xdedb, 0xdedb, 0xdedb, 0xdedb, 0xdedb, 0xdedb, 0xdedb, 0xdedb, 0xdedb, 0xdedb, 0xdedb, 0xdedb, 0xdedb, 0xdedb,
			0xdedb, 0xdedb, 0xdedb, 0xdedb, 0xdedb, 0xdedb, 0xdedb, 0xdedb, 0xdedb, 0xdedb, 0xdedb, 0xdedb, 0xdedb, 0xdedb, 0xdedb, 0xdedb,
			0xc618, 0xdedb, 0xdedb, 0xdedb, 0xdedb, 0xdedb, 0xdedb, 0xdedb, 0xdedb, 0xdedb, 0xdedb, 0xdedb, 0xdedb, 0xdedb, 0xdedb, 0xdedb,
			0xdedb, 0xdedb, 0xdedb, 0xdedb, 0xdedb, 0xdedb, 0xdedb, 0xdedb, 0xdedb, 0xdedb, 0xdedb, 0xdedb, 0xdedb, 0xdedb, 0xdedb, 0xdedb,
			0xdedb, 0xdedb, 0xdedb, 0xdedb, 0xdedb, 0xdedb, 0xdedb, 0xdedb, 0xdedb, 0xdedb, 0xdedb, 0xdedb, 0xdedb, 0xdedb, 0xdedb, 0xdedb,
			0xdedb, 0xdedb, 0xdedb, 0xdedb, 0xdedb, 0xdedb, 0xdedb, 0xa534, 0x5aeb, 0x5aeb, 0xbdf7, 0xdedb, 0xdedb, 0xdedb, 0xdedb, 0xdedb,
			0xdedb, 0xdedb, 0xdedb, 0xdedb, 0xdedb, 0xdedb, 0xdedb, 0xdedb, 0xdedb, 0xdedb, 0xdedb, 0xdedb, 0xdedb, 0xdedb, 0xdedb, 0xdedb,
			0xdedb, 0xdedb, 0xdedb, 0xdedb, 0xdedb, 0xdedb, 0xdedb, 0xdedb, 0xdedb, 0xdedb, 0xdedb, 0xdedb, 0xdedb, 0xdedb, 0xdedb, 0xdedb,
			0xdedb, 0xdedb, 0xdedb, 0xdedb, 0xdedb, 0xdedb, 0xdedb, 0xdedb, 0xdedb, 0xdedb, 0xdedb, 0xdedb, 0xdedb, 0xdedb, 0xdedb, 0xdedb,
			0xdedb, 0xdedb, 0xdedb, 0xdedb, 0xdedb, 0xdedb, 0xdedb, 0xdedb, 0xc618, 0xdedb, 0xdedb, 0xdedb, 0xdedb, 0xdedb, 0xdedb, 0xdedb,
			0xdedb, 0xdedb, 0xdedb, 0xdedb, 0xdedb, 0xdedb, 0xdedb, 0xdedb, 0xdedb, 0xdedb, 0xdedb, 0xdedb, 0xdedb, 0xdedb, 0xdedb, 0xdedb,
			0xdedb, 0xdedb, 0xdedb, 0xdedb, 0xdedb, 0xdedb, 0xdedb, 0xdedb, 0xdedb, 0xdedb, 0xdedb, 0xdedb, 0xdedb, 0xdedb, 0xdedb, 0xdedb,
			0xdedb, 0xdedb, 0xdedb, 0xdedb, 0xdedb, 0xdedb, 0xdedb, 0xdedb, 0xdedb, 0xdedb, 0xdedb, 0xdedb, 0xdedb, 0xdedb, 0xdedb, 0x7bef,
			0x0000, 0x0000, 0xa534, 0xdedb, 0xdedb, 0xdedb, 0xdedb, 0xdedb, 0xdedb, 0xdedb, 0xdedb, 0xdedb, 0xdedb, 0xdedb, 0xdedb, 0xdedb,
			0xdedb, 0xdedb, 0xdedb, 0xdedb, 0xdedb, 0xdedb, 0xdedb, 0xdedb, 0xdedb, 0xdedb, 0xdedb, 0xdedb, 0xdedb, 0xdedb, 0xdedb, 0xdedb,
			0xdedb, 0xdedb, 0xdedb, 0xdedb, 0xdedb, 0xdedb, 0xdedb, 0xdedb, 0xdedb, 0xdedb, 0xdedb, 0xdedb, 0xdedb, 0xdedb, 0xdedb, 0xdedb,
			0xdedb, 0xdedb, 0xdedb, 0xdedb, 0xdedb, 0xdedb, 0xdedb, 0xdedb, 0xdedb, 0xdedb, 0xdedb, 0xdedb, 0xdedb, 0xdedb, 0xdedb, 0xdedb,
			0xc618, 0xdedb, 0xdedb, 0xdedb, 0xdedb, 0xdedb, 0xdedb, 0xdedb, 0xdedb, 0xdedb, 0xdedb, 0xdedb, 0xdedb, 0xdedb, 0xdedb, 0xdedb,
			0xdedb, 0xdedb, 0xdedb, 0xdedb, 0xdedb, 0xdedb, 0xdedb, 0xdedb, 0xdedb, 0xdedb, 0xdedb, 0xdedb, 0xdedb, 0xdedb, 0xdedb, 0xdedb,
			0xdedb, 0xdedb, 0xdedb, 0xdedb, 0xdedb, 0xdedb, 0xdedb, 0xdedb, 0xdedb, 0xdedb, 0xdedb, 0xdedb, 0xdedb, 0xdedb, 0xdedb, 0xdedb,
			0xdedb, 0xdedb, 0xdedb, 0xdedb, 0xdedb, 0xdedb, 0xdedb, 0x7bef, 0x0000, 0x0000, 0xa534, 0xdedb, 0xdedb, 0xdedb, 0xdedb, 0xdedb,
			0xdedb, 0xdedb, 0xdedb, 0xdedb, 0xdedb, 0xdedb, 0xdedb, 0xdedb, 0xdedb, 0xdedb, 0xdedb, 0xdedb, 0xdedb, 0xdedb, 0xdedb, 0xdedb,
			0xdedb, 0xdedb, 0xdedb, 0xdedb, 0xdedb, 0xdedb, 0xdedb, 0xdedb, 0xdedb, 0xdedb, 0xdedb, 0xdedb, 0xdedb, 0xdedb, 0xdedb, 0xdedb,
			0xdedb, 0xdedb, 0xdedb, 0xdedb, 0xdedb, 0xdedb, 0xdedb, 0xdedb, 0xdedb, 0xdedb, 0xdedb, 0xdedb, 0xdedb, 0xdedb, 0xdedb, 0xdedb,
			0xdedb, 0xdedb, 0xdedb, 0xdedb, 0xdedb, 0xdedb, 0xdedb, 0xdedb, 0xc618, 0xdedb, 0xdedb, 0xdedb, 0xdedb, 0xdedb, 0xdedb, 0xdedb,
			0xdedb, 0xdedb, 0xdedb, 0xdedb, 0xdedb, 0xdedb, 0xdedb, 0xdedb, 0xdedb, 0xdedb, 0xdedb, 0xdedb, 0xdedb, 0xdedb, 0xdedb, 0xdedb,
			0xdedb, 0xdedb, 0xdedb, 0xdedb, 0xdedb, 0xdedb, 0xdedb, 0xdedb, 0xdedb, 0xdedb, 0xdedb, 0xdedb, 0xdedb, 0xdedb, 0xdedb, 0xdedb,
			0xdedb, 0xdedb, 0xdedb, 0xdedb, 0xdedb, 0xdedb, 0xdedb, 0xdedb, 0xdedb, 0xdedb, 0xdedb, 0xdedb, 0xdedb, 0xdedb, 0xdedb, 0x7bef,
			0x0000, 0x0000, 0xa534, 0xdedb, 0xdedb, 0xdedb, 0xdedb, 0xdedb, 0xdedb, 0xdedb, 0xdedb, 0xdedb, 0xdedb, 0xdedb, 0xdedb, 0xdedb,
			0xdedb, 0xdedb, 0xdedb, 0xdedb, 0xdedb, 0xdedb, 0xdedb, 0xdedb, 0xdedb, 0xdedb, 0xdedb, 0xdedb, 0xdedb, 0xdedb, 0xdedb, 0xdedb,
			0xdedb, 0xdedb, 0xdedb, 0xdedb, 0xdedb, 0xdedb, 0xdedb, 0xdedb, 0xdedb, 0xdedb, 0xdedb, 0xdedb, 0xdedb, 0xdedb, 0xdedb, 0xdedb,
			0xdedb, 0xdedb, 0xdedb, 0xdedb, 0xdedb, 0xdedb, 0xdedb, 0xdedb, 0xdedb, 0xdedb, 0xdedb, 0xdedb, 0xdedb, 0xdedb, 0xdedb, 0xdedb,
			0xc618, 0xdedb, 0xdedb, 0xdedb, 0xdedb, 0xdedb, 0xdedb, 0xdedb, 0xdedb, 0xdedb, 0xdedb, 0xdedb, 0xdedb, 0xdedb, 0xdedb, 0xdedb,
			0xdedb, 0xdedb, 0xdedb, 0xdedb, 0xdedb, 0xdedb, 0xdedb, 0xdedb, 0xdedb, 0xdedb, 0xdedb, 0xdedb, 0xdedb, 0xdedb, 0xdedb, 0xdedb,
			0xdedb, 0xdedb, 0xdedb, 0xdedb, 0xdedb, 0xdedb, 0xdedb, 0xdedb, 0xdedb, 0xdedb, 0xdedb, 0xdedb, 0xdedb, 0xdedb, 0xdedb, 0xdedb,
			0xdedb, 0xdedb, 0xdedb, 0xdedb, 0xdedb, 0xdedb, 0xdedb, 0x7bef, 0x0000, 0x0000, 0xa534, 0xdedb, 0xdedb, 0xdedb, 0xdedb, 0xdedb,
			0xdedb, 0xdedb, 0xdedb, 0xdedb, 0xdedb, 0xdedb, 0xdedb, 0xdedb, 0xdedb, 0xdedb, 0xdedb, 0xdedb, 0xdedb, 0xdedb, 0xdedb, 0xdedb,
			0xdedb, 0xdedb, 0xdedb, 0xdedb, 0xdedb, 0xdedb, 0xdedb, 0xdedb, 0xdedb, 0xdedb, 0xdedb, 0xdedb, 0xdedb, 0xdedb, 0xdedb, 0xdedb,
			0xdedb, 0xdedb, 0xdedb, 0xdedb, 0xdedb, 0xdedb, 0xdedb, 0xdedb, 0xdedb, 0xdedb, 0xdedb, 0xdedb, 0xdedb, 0xdedb, 0xdedb, 0xdedb,
			0xdedb, 0xdedb, 0xdedb, 0xdedb, 0xdedb, 0xdedb, 0xdedb, 0xdedb, 0xc618, 0xdedb, 0xdedb, 0xdedb, 0xdedb, 0xdedb, 0xdedb, 0xdedb,
			0xdedb, 0xdedb, 0xdedb, 0xdedb, 0xdedb, 0xdedb, 0xdedb, 0xdedb, 0xdedb, 0xdedb, 0xdedb, 0xdedb, 0xdedb, 0xdedb, 0xdedb, 0xdedb,
			0xdedb, 0xdedb, 0xdedb, 0xdedb, 0xdedb, 0xdedb, 0xdedb, 0xdedb, 0xdedb, 0xdedb, 0xdedb, 0xdedb, 0xdedb, 0xdedb, 0xdedb, 0xdedb,
			0xdedb, 0xdedb, 0xdedb, 0xdedb, 0xdedb, 0xdedb, 0xdedb, 0xdedb, 0xdedb, 0xdedb, 0xdedb, 0xdedb, 0xdedb, 0xdedb, 0xdedb, 0x7bef,
			0x0000, 0x0000, 0xa534, 0xdedb, 0xdedb, 0xdedb, 0xdedb, 0xdedb, 0xdedb, 0xdedb, 0xdedb, 0xdedb, 0xdedb, 0xdedb, 0xdedb, 0xdedb,
			0xdedb, 0xdedb, 0xdedb, 0xdedb, 0xdedb, 0xdedb, 0xdedb, 0xdedb, 0xdedb, 0xdedb, 0xdedb, 0xdedb, 0xdedb, 0xdedb, 0xdedb, 0xdedb,
			0xdedb, 0xdedb, 0xdedb, 0xdedb, 0xdedb, 0xdedb, 0xdedb, 0xdedb, 0xdedb, 0xdedb, 0xdedb, 0xdedb, 0xdedb, 0xdedb, 0xdedb, 0xdedb,
			0xdedb, 0xdedb, 0xdedb, 0xdedb, 0xdedb, 0xdedb, 0xdedb, 0xdedb, 0xdedb, 0xdedb, 0xdedb, 0xdedb, 0xdedb, 0xdedb, 0xdedb, 0xdedb,
			0xc618, 0xdedb, 0xdedb, 0xdedb, 0xdedb, 0xdedb, 0xdedb, 0xdedb, 0xdedb, 0xdedb, 0xdedb, 0xdedb, 0xdedb, 0xdedb, 0xdedb, 0xdedb,
			0xdedb, 0xdedb, 0xdedb, 0xdedb, 0xdedb, 0xdedb, 0xdedb, 0xdedb, 0xdedb, 0xdedb, 0xdedb, 0xdedb, 0xdedb, 0xdedb, 0xdedb, 0xdedb,
			0xdedb, 0xdedb, 0xdedb, 0xdedb, 0xdedb, 0xdedb, 0xdedb, 0xdedb, 0xdedb, 0xdedb, 0xdedb, 0xdedb, 0xdedb, 0xdedb, 0xdedb, 0xdedb,
			0xdedb, 0xdedb, 0xdedb, 0xdedb, 0xdedb, 0xdedb, 0xdedb, 0x7bef, 0x0000, 0x0000, 0xa534, 0xdedb, 0xdedb, 0xdedb, 0xdedb, 0xdedb,
			0xdedb, 0xdedb, 0xdedb, 0xdedb, 0xdedb, 0xdedb, 0xdedb, 0xdedb, 0xdedb, 0xdedb, 0xdedb, 0xdedb, 0xdedb, 0xdedb, 0xdedb, 0xdedb,
			0xdedb, 0xdedb, 0xdedb, 0xdedb, 0xdedb, 0xdedb, 0xdedb, 0xdedb, 0xdedb, 0xdedb, 0xdedb, 0xdedb, 0xdedb, 0xdedb, 0xdedb, 0xdedb,
			0xdedb, 0xdedb, 0xdedb, 0xdedb, 0xdedb, 0xdedb, 0xdedb, 0xdedb, 0xdedb, 0xdedb, 0xdedb, 0xdedb, 0xdedb, 0xdedb, 0xdedb, 0xdedb,
			0xdedb, 0xdedb, 0xdedb, 0xdedb, 0xdedb, 0xdedb, 0xdedb, 0xdedb, 0xc618, 0xdedb, 0xdedb, 0xdedb, 0xdedb, 0xdedb, 0xdedb, 0xdedb,
			0xdedb, 0xdedb, 0xdedb, 0xdedb, 0xdedb, 0xdedb, 0xdedb, 0xdedb, 0xdedb, 0xdedb, 0xdedb, 0xdedb, 0xdedb, 0xdedb, 0xdedb, 0xdedb,
			0xdedb, 0xdedb, 0xdedb, 0xdedb, 0xdedb, 0xdedb, 0xdedb, 0xdedb, 0xdedb, 0xdedb, 0xdedb, 0xdedb, 0xdedb, 0xdedb, 0xdedb, 0xdedb,
			0xdedb, 0xdedb, 0xdedb, 0xdedb, 0xdedb, 0xdedb, 0xdedb, 0xdedb, 0xdedb, 0xdedb, 0xdedb, 0xdedb, 0xdedb, 0xdedb, 0xdedb, 0x7bef,
			0x0000, 0x0000, 0xa534, 0xdedb, 0xdedb, 0xdedb, 0xdedb, 0xdedb, 0xdedb, 0xdedb, 0xdedb, 0xdedb, 0xdedb, 0xdedb, 0xdedb, 0xdedb,
			0xdedb, 0xdedb, 0xdedb, 0xdedb, 0xdedb, 0xdedb, 0xdedb, 0xdedb, 0xdedb, 0xdedb, 0xdedb, 0xdedb, 0xdedb, 0xdedb, 0xdedb, 0xdedb,
			0xdedb, 0xdedb, 0xdedb, 0xdedb, 0xdedb, 0xdedb, 0xdedb, 0xdedb, 0xdedb, 0xdedb, 0xdedb, 0xdedb, 0xdedb, 0xdedb, 0xdedb, 0xdedb,
			0xdedb, 0xdedb, 0xdedb, 0xdedb, 0xdedb, 0xdedb, 0xdedb, 0xdedb, 0xdedb, 0xdedb, 0xdedb, 0xdedb, 0xdedb, 0xdedb, 0xdedb, 0xdedb,
			0xc618, 0xdedb, 0xdedb, 0xdedb, 0xdedb, 0xdedb, 0xdedb, 0xdedb, 0xdedb, 0xdedb, 0xdedb, 0xdedb, 0xdedb, 0xdedb, 0xdedb, 0xdedb,
			0xdedb, 0xdedb, 0xdedb, 0xdedb, 0xdedb, 0xdedb, 0xdedb, 0xdedb, 0xdedb, 0xdedb, 0xdedb, 0xdedb, 0xdedb, 0xdedb, 0xdedb, 0xdedb,
			0xdedb, 0xdedb, 0xdedb, 0xdedb, 0xdedb, 0xdedb, 0xdedb, 0xdedb, 0xdedb, 0xdedb, 0xdedb, 0xdedb, 0xdedb, 0xdedb, 0xdedb, 0xdedb,
			0xdedb, 0xdedb, 0xdedb, 0xdedb, 0xdedb, 0xdedb, 0xdedb, 0x7bef, 0x0000, 0x0000, 0xa534, 0xdedb, 0xdedb, 0xdedb, 0xdedb, 0xdedb,
			0xdedb, 0xdedb, 0xdedb, 0xdedb, 0xdedb, 0xdedb, 0xdedb, 0xdedb, 0xdedb, 0xdedb, 0xdedb, 0xdedb, 0xdedb, 0xdedb, 0xdedb, 0xdedb,
			0xdedb, 0xdedb, 0xdedb, 0xdedb, 0xdedb, 0xdedb, 0xdedb, 0xdedb, 0xdedb, 0xdedb, 0xdedb, 0xdedb, 0xdedb, 0xdedb, 0xdedb, 0xdedb,
			0xdedb, 0xdedb, 0xdedb, 0xdedb, 0xdedb, 0xdedb, 0xdedb, 0xdedb, 0xdedb, 0xdedb, 0xdedb, 0xdedb, 0xdedb, 0xdedb, 0xdedb, 0xdedb,
			0xdedb, 0xdedb, 0xdedb, 0xdedb, 0xdedb, 0xdedb, 0xdedb, 0xdedb, 0xc618, 0xdedb, 0xdedb, 0xdedb, 0xdedb, 0xdedb, 0xdedb, 0xdedb,
			0xdedb, 0xdedb, 0xdedb, 0xdedb, 0xdedb, 0xdedb, 0xdedb, 0xdedb, 0xdedb, 0xdedb, 0xdedb, 0xdedb, 0xdedb, 0xdedb, 0xdedb, 0xdedb,
			0xdedb, 0xdedb, 0xdedb, 0xdedb, 0xdedb, 0xdedb, 0xdedb, 0xdedb, 0xdedb, 0xdedb, 0xdedb, 0xdedb, 0xdedb, 0xdedb, 0xdedb, 0xdedb,
			0xdedb, 0xdedb, 0xdedb, 0xdedb, 0xdedb, 0xdedb, 0xdedb, 0xdedb, 0xdedb, 0xdedb, 0xdedb, 0xdedb, 0xdedb, 0xdedb, 0xdedb, 0x7bef,
			0x0000, 0x0000, 0xa534, 0xdedb, 0xdedb, 0xdedb, 0xdedb, 0xdedb, 0xdedb, 0xdedb, 0xdedb, 0xdedb, 0xdedb, 0xdedb, 0xdedb, 0xdedb,
			0xdedb, 0xdedb, 0xdedb, 0xdedb, 0xdedb, 0xdedb, 0xdedb, 0xdedb, 0xdedb, 0xdedb, 0xdedb, 0xdedb, 0xdedb, 0xdedb, 0xdedb, 0xdedb,
			0xdedb, 0xdedb, 0xdedb, 0xdedb, 0xdedb, 0xdedb, 0xdedb, 0xdedb, 0xdedb, 0xdedb, 0xdedb, 0xdedb, 0xdedb, 0xdedb, 0xdedb, 0xdedb,
			0xdedb, 0xdedb, 0xdedb, 0xdedb, 0xdedb, 0xdedb, 0xdedb, 0xdedb, 0xdedb, 0xdedb, 0xdedb, 0xdedb, 0xdedb, 0xdedb, 0xdedb, 0xdedb,
			0xc618, 0xdedb, 0xdedb, 0xdedb, 0xdedb, 0xdedb, 0xdedb, 0xdedb, 0xdedb, 0xdedb, 0xdedb, 0xdedb, 0xdedb, 0xdedb, 0xdedb, 0xdedb,
			0xdedb, 0xdedb, 0xdedb, 0xdedb, 0xdedb, 0xdedb, 0xdedb, 0xdedb, 0xdedb, 0xdedb, 0xdedb, 0xdedb, 0xdedb, 0xdedb, 0xdedb, 0xdedb,
			0xdedb, 0xdedb, 0xdedb, 0xdedb, 0xdedb, 0xdedb, 0xdedb, 0xdedb, 0xdedb, 0xdedb, 0xdedb, 0xdedb, 0xdedb, 0xdedb, 0xdedb, 0xdedb,
			0xdedb, 0xdedb, 0xdedb, 0xdedb, 0xdedb, 0xdedb, 0xdedb, 0x7bef, 0x0000, 0x0000, 0xa534, 0xdedb, 0xdedb, 0xdedb, 0xdedb, 0xdedb,
			0xdedb, 0xdedb, 0xdedb, 0xdedb, 0xdedb, 0xdedb, 0xdedb, 0xdedb, 0xdedb, 0xdedb, 0xdedb, 0xdedb, 0xdedb, 0xdedb, 0xdedb, 0xdedb,
			0xdedb, 0xdedb, 0xdedb, 0xdedb, 0xdedb, 0xdedb, 0xdedb, 0xdedb, 0xdedb, 0xdedb, 0xdedb, 0xdedb, 0xdedb, 0xdedb, 0xdedb, 0xdedb,
			0xdedb, 0xdedb, 0xdedb, 0xdedb, 0xdedb, 0xdedb, 0xdedb, 0xdedb, 0xdedb, 0xdedb, 0xdedb, 0xdedb, 0xdedb, 0xdedb, 0xdedb, 0xdedb,
			0xdedb, 0xdedb, 0xdedb, 0xdedb, 0xdedb, 0xdedb, 0xdedb, 0xdedb, 0xc618, 0xdedb, 0xdedb, 0xdedb, 0xdedb, 0xdedb, 0xdedb, 0xdedb,
			0xdedb, 0xdedb, 0xdedb, 0xdedb, 0xdedb, 0xdedb, 0xdedb, 0xdedb, 0xdedb, 0xdedb, 0xdedb, 0xdedb, 0xdedb, 0xdedb, 0xdedb, 0xdedb,
			0xdedb, 0xdedb, 0xdedb, 0xdedb, 0xdedb, 0xdedb, 0xdedb, 0xdedb, 0xdedb, 0xdedb, 0xdedb, 0xdedb, 0xdedb, 0xdedb, 0xdedb, 0xdedb,
			0xdedb, 0xdedb, 0xdedb, 0xdedb, 0xdedb, 0xdedb, 0xdedb, 0xdedb, 0xdedb, 0xdedb, 0xdedb, 0xdedb, 0xdedb, 0xdedb, 0xdedb, 0x7bef,
			0x0000, 0x0000, 0xa534, 0xdedb, 0xdedb, 0xdedb, 0xdedb, 0xdedb, 0xdedb, 0xdedb, 0xdedb, 0xdedb, 0xdedb, 0xdedb, 0xdedb, 0xdedb,
			0xdedb, 0xdedb, 0xdedb, 0xdedb, 0xdedb, 0xdedb, 0xdedb, 0xdedb, 0xdedb, 0xdedb, 0xdedb, 0xdedb, 0xdedb, 0xdedb, 0xdedb, 0xdedb,
			0xdedb, 0xdedb, 0xdedb, 0xdedb, 0xdedb, 0xdedb, 0xdedb, 0xdedb, 0xdedb, 0xdedb, 0xdedb, 0xdedb, 0xdedb, 0xdedb, 0xdedb, 0xdedb,
			0xdedb, 0xdedb, 0xdedb, 0xdedb, 0xdedb, 0xdedb, 0xdedb, 0xdedb, 0xdedb, 0xdedb, 0xdedb, 0xdedb, 0xdedb, 0xdedb, 0xdedb, 0xdedb,
			0xc618, 0xdedb, 0xdedb, 0xdedb, 0xdedb, 0xdedb, 0xdedb, 0xdedb, 0xdedb, 0xdedb, 0xdedb, 0xdedb, 0xdedb, 0xdedb, 0xdedb, 0xdedb,
			0xdedb, 0xdedb, 0xdedb, 0xdedb, 0xdedb, 0xdedb, 0xdedb, 0xdedb, 0xdedb, 0xdedb, 0xdedb, 0xdedb, 0xdedb, 0xdedb, 0xdedb, 0xdedb,
			0xdedb, 0xdedb, 0xdedb, 0xdedb, 0xdedb, 0xdedb, 0xdedb, 0xdedb, 0xdedb, 0xdedb, 0xdedb, 0xdedb, 0xdedb, 0xdedb, 0xdedb, 0xdedb,
			0xdedb, 0xdedb, 0xdedb, 0xdedb, 0xdedb, 0xdedb, 0xdedb, 0x7bef, 0x0000, 0x0000, 0xa534, 0xdedb, 0xdedb, 0xdedb, 0xdedb, 0xdedb,
			0xdedb, 0xdedb, 0xdedb, 0xdedb, 0xdedb, 0xdedb, 0xdedb, 0xdedb, 0xdedb, 0xdedb, 0xdedb, 0xdedb, 0xdedb, 0xdedb, 0xdedb, 0xdedb,
			0xdedb, 0xdedb, 0xdedb, 0xdedb, 0xdedb, 0xdedb, 0xdedb, 0xdedb, 0xdedb, 0xdedb, 0xdedb, 0xdedb, 0xdedb, 0xdedb, 0xdedb, 0xdedb,
			0xdedb, 0xdedb, 0xdedb, 0xdedb, 0xdedb, 0xdedb, 0xdedb, 0xdedb, 0xdedb, 0xdedb, 0xdedb, 0xdedb, 0xdedb, 0xdedb, 0xdedb, 0xdedb,
			0xdedb, 0xdedb, 0xdedb, 0xdedb, 0xdedb, 0xdedb, 0xdedb, 0xdedb, 0xc618, 0xdedb, 0xdedb, 0xdedb, 0xdedb, 0xdedb, 0xdedb, 0xdedb,
			0xdedb, 0xdedb, 0xdedb, 0xdedb, 0xdedb, 0xdedb, 0xdedb, 0xdedb, 0xdedb, 0xdedb, 0xdedb, 0xdedb, 0xdedb, 0xdedb, 0xdedb, 0xdedb,
			0xdedb, 0xdedb, 0xdedb, 0xdedb, 0xdedb, 0xdedb, 0xdedb, 0xdedb, 0xdedb, 0xdedb, 0xdedb, 0xdedb, 0xdedb, 0xdedb, 0xdedb, 0xdedb,
			0xdedb, 0xdedb, 0xdedb, 0xdedb, 0xdedb, 0xdedb, 0xdedb, 0xdedb, 0xdedb, 0xdedb, 0xdedb, 0xdedb, 0xdedb, 0xdedb, 0xdedb, 0x7bef,
			0x0000, 0x0000, 0xa534, 0xdedb, 0xdedb, 0xdedb, 0xdedb, 0xdedb, 0xdedb, 0xdedb, 0xdedb, 0xdedb, 0xdedb, 0xdedb, 0xdedb, 0xdedb,
			0xdedb, 0xdedb, 0xdedb, 0xdedb, 0xdedb, 0xdedb, 0xdedb, 0xdedb, 0xdedb, 0xdedb, 0xdedb, 0xdedb, 0xdedb, 0xdedb, 0xdedb, 0xdedb,
			0xdedb, 0xdedb, 0xdedb, 0xdedb, 0xdedb, 0xdedb, 0xdedb, 0xdedb, 0xdedb, 0xdedb, 0xdedb, 0xdedb, 0xdedb, 0xdedb, 0xdedb, 0xdedb,
			0xdedb, 0xdedb, 0xdedb, 0xdedb, 0xdedb, 0xdedb, 0xdedb, 0xdedb, 0xdedb, 0xdedb, 0xdedb, 0xdedb, 0xdedb, 0xdedb, 0xdedb, 0xdedb,
			0xc618, 0xdedb, 0xdedb, 0xdedb, 0xdedb, 0xdedb, 0xdedb, 0xdedb, 0xdedb, 0xdedb, 0xdedb, 0xdedb, 0xdedb, 0xdedb, 0xdedb, 0xdedb,
			0xdedb, 0xdedb, 0xdedb, 0xdedb, 0xdedb, 0xdedb, 0xdedb, 0xdedb, 0xdedb, 0xdedb, 0xdedb, 0xdedb, 0xdedb, 0xdedb, 0xdedb, 0xdedb,
			0xdedb, 0xdedb, 0xdedb, 0xdedb, 0xdedb, 0xdedb, 0xdedb, 0xdedb, 0xdedb, 0xdedb, 0xdedb, 0xdedb, 0xdedb, 0xdedb, 0xdedb, 0xdedb,
			0xdedb, 0xdedb, 0xdedb, 0xdedb, 0xdedb, 0xdedb, 0xdedb, 0x7bef, 0x0000, 0x0000, 0xa534, 0xdedb, 0xdedb, 0xdedb, 0xdedb, 0xdedb,
			0xdedb, 0xdedb, 0xdedb, 0xdedb, 0xdedb, 0xdedb, 0xdedb, 0xdedb, 0xdedb, 0xdedb, 0xdedb, 0xdedb, 0xdedb, 0xdedb, 0xdedb, 0xdedb,
			0xdedb, 0xdedb, 0xdedb, 0xdedb, 0xdedb, 0xdedb, 0xdedb, 0xdedb, 0xdedb, 0xdedb, 0xdedb, 0xdedb, 0xdedb, 0xdedb, 0xdedb, 0xdedb,
			0xdedb, 0xdedb, 0xdedb, 0xdedb, 0xdedb, 0xdedb, 0xdedb, 0xdedb, 0xdedb, 0xdedb, 0xdedb, 0xdedb, 0xdedb, 0xdedb, 0xdedb, 0xdedb,
			0xdedb, 0xdedb, 0xdedb, 0xdedb, 0xdedb, 0xdedb, 0xdedb, 0xdedb, 0xc618, 0xdedb, 0xdedb, 0xdedb, 0xdedb, 0xdedb, 0xdedb, 0xdedb,
			0xdedb, 0xdedb, 0xdedb, 0xdedb, 0xdedb, 0xdedb, 0xdedb, 0xdedb, 0xdedb, 0xdedb, 0xdedb, 0xdedb, 0xdedb, 0xdedb, 0xdedb, 0xdedb,
			0xdedb, 0xdedb, 0xdedb, 0xdedb, 0xdedb, 0xdedb, 0xdedb, 0xdedb, 0xdedb, 0xdedb, 0xdedb, 0xdedb, 0xdedb, 0xdedb, 0xdedb, 0xdedb,
			0xdedb, 0xdedb, 0xdedb, 0xdedb, 0xdedb, 0xdedb, 0xdedb, 0xdedb, 0xdedb, 0xdedb, 0xdedb, 0xdedb, 0xdedb, 0xdedb, 0xdedb, 0x7bef,
			0x0000, 0x0000, 0xa534, 0xdedb, 0xdedb, 0xdedb, 0xdedb, 0xdedb, 0xdedb, 0xdedb, 0xdedb, 0xdedb, 0xdedb, 0xdedb, 0xdedb, 0xdedb,
			0xdedb, 0xdedb, 0xdedb, 0xdedb, 0xdedb, 0xdedb, 0xdedb, 0xdedb, 0xdedb, 0xdedb, 0xdedb, 0xdedb, 0xdedb, 0xdedb, 0xdedb, 0xdedb,
			0xdedb, 0xdedb, 0xdedb, 0xdedb, 0xdedb, 0xdedb, 0xdedb, 0xdedb, 0xdedb, 0xdedb, 0xdedb, 0xdedb, 0xdedb, 0xdedb, 0xdedb, 0xdedb,
			0xdedb, 0xdedb, 0xdedb, 0xdedb, 0xdedb, 0xdedb, 0xdedb, 0xdedb, 0xdedb, 0xdedb, 0xdedb, 0xdedb, 0xdedb, 0xdedb, 0xdedb, 0xdedb,
			0xc618, 0xdedb, 0xdedb, 0xdedb, 0xdedb, 0xdedb, 0xdedb, 0xdedb, 0xdedb, 0xdedb, 0xdedb, 0xdedb, 0xdedb, 0xdedb, 0xdedb, 0xdedb,
			0xdedb, 0xdedb, 0xdedb, 0xdedb, 0xdedb, 0xdedb, 0xdedb, 0xdedb, 0xdedb, 0xdedb, 0xdedb, 0xdedb, 0xdedb, 0xdedb, 0xdedb, 0xdedb,
			0xdedb, 0xdedb, 0xdedb, 0xdedb, 0xdedb, 0xdedb, 0xdedb, 0xdedb, 0xdedb, 0xdedb, 0xdedb, 0xdedb, 0xdedb, 0xdedb, 0xdedb, 0xdedb,
			0xdedb, 0xdedb, 0xdedb, 0xdedb, 0xdedb, 0xdedb, 0xdedb, 0x7bef, 0x0000, 0x0000, 0xa534, 0xdedb, 0xdedb, 0xdedb, 0xdedb, 0xdedb,
			0xdedb, 0xdedb, 0xdedb, 0xdedb, 0xdedb, 0xdedb, 0xdedb, 0xdedb, 0xdedb, 0xdedb, 0xdedb, 0xdedb, 0xdedb, 0xdedb, 0xdedb, 0xdedb,
			0xdedb, 0xdedb, 0xdedb, 0xdedb, 0xdedb, 0xdedb, 0xdedb, 0xdedb, 0xdedb, 0xdedb, 0xdedb, 0xdedb, 0xdedb, 0xdedb, 0xdedb, 0xdedb,
			0xdedb, 0xdedb, 0xdedb, 0xdedb, 0xdedb, 0xdedb, 0xdedb, 0xdedb, 0xdedb, 0xdedb, 0xdedb, 0xdedb, 0xdedb, 0xdedb, 0xdedb, 0xdedb,
			0xdedb, 0xdedb, 0xdedb, 0xdedb, 0xdedb, 0xdedb, 0xdedb, 0xdedb, 0xc618, 0xdedb, 0xdedb, 0xdedb, 0xdedb, 0xdedb, 0xdedb, 0xdedb,
			0xdedb, 0xdedb, 0xdedb, 0xdedb, 0xdedb, 0xdedb, 0xdedb, 0xdedb, 0xdedb, 0xdedb, 0xdedb, 0xdedb, 0xdedb, 0xdedb, 0xdedb, 0xdedb,
			0xdedb, 0xdedb, 0xdedb, 0xdedb, 0xdedb, 0xdedb, 0xdedb, 0xdedb, 0xdedb, 0xdedb, 0xdedb, 0xdedb, 0xdedb, 0xdedb, 0xdedb, 0xdedb,
			0xdedb, 0xdedb, 0xdedb, 0xdedb, 0xdedb, 0xdedb, 0xdedb, 0xdedb, 0xdedb, 0xdedb, 0xdedb, 0xdedb, 0xdedb, 0xdedb, 0xdedb, 0x7bef,
			0x0000, 0x0000, 0xa534, 0xdedb, 0xdedb, 0xdedb, 0xdedb, 0xdedb, 0xdedb, 0xdedb, 0xdedb, 0xdedb, 0xdedb, 0xdedb, 0xdedb, 0xdedb,
			0xdedb, 0xdedb, 0xdedb, 0xdedb, 0xdedb, 0xdedb, 0xdedb, 0xdedb, 0xdedb, 0xdedb, 0xdedb, 0xdedb, 0xdedb, 0xdedb, 0xdedb, 0xdedb,
			0xdedb, 0xdedb, 0xdedb, 0xdedb, 0xdedb, 0xdedb, 0xdedb, 0xdedb, 0xdedb, 0xdedb, 0xdedb, 0xdedb, 0xdedb, 0xdedb, 0xdedb, 0xdedb,
			0xdedb, 0xdedb, 0xdedb, 0xdedb, 0xdedb, 0xdedb, 0xdedb, 0xdedb, 0xdedb, 0xdedb, 0xdedb, 0xdedb, 0xdedb, 0xdedb, 0xdedb, 0xdedb,
			0xc618, 0xdedb, 0xdedb, 0xdedb, 0xdedb, 0xdedb, 0xdedb, 0xdedb, 0xdedb, 0xdedb, 0xdedb, 0xdedb, 0xdedb, 0xdedb, 0xdedb, 0xdedb,
			0xdedb, 0xdedb, 0xdedb, 0xdedb, 0xdedb, 0xdedb, 0xdedb, 0xdedb, 0xdedb, 0xdedb, 0xdedb, 0xdedb, 0xdedb, 0xdedb, 0xdedb, 0xdedb,
			0xdedb, 0xdedb, 0xdedb, 0xdedb, 0xdedb, 0xdedb, 0xdedb, 0xdedb, 0xdedb, 0xdedb, 0xdedb, 0xdedb, 0xdedb, 0xdedb, 0xdedb, 0xdedb,
			0xdedb, 0xdedb, 0xdedb, 0xdedb, 0xdedb, 0xdedb, 0xdedb, 0x7bef, 0x0000, 0x0000, 0xa534, 0xdedb, 0xdedb, 0xdedb, 0xdedb, 0xdedb,
			0xdedb, 0xdedb, 0xdedb, 0xdedb, 0xdedb, 0xdedb, 0xdedb, 0xdedb, 0xdedb, 0xdedb, 0xdedb, 0xdedb, 0xdedb, 0xdedb, 0xdedb, 0xdedb,
			0xdedb, 0xdedb, 0xdedb, 0xdedb, 0xdedb, 0xdedb, 0xdedb, 0xdedb, 0xdedb, 0xdedb, 0xdedb, 0xdedb, 0xdedb, 0xdedb, 0xdedb, 0xdedb,
			0xdedb, 0xdedb, 0xdedb, 0xdedb, 0xdedb, 0xdedb, 0xdedb, 0xdedb, 0xdedb, 0xdedb, 0xdedb, 0xdedb, 0xdedb, 0xdedb, 0xdedb, 0xdedb,
			0xdedb, 0xdedb, 0xdedb, 0xdedb, 0xdedb, 0xdedb, 0xdedb, 0xdedb, 0xc618, 0xdedb, 0xdedb, 0xdedb, 0xdedb, 0xdedb, 0xdedb, 0xdedb,
			0xdedb, 0xdedb, 0xdedb, 0xdedb, 0xdedb, 0xdedb, 0xdedb, 0xdedb, 0xdedb, 0xdedb, 0xdedb, 0xdedb, 0xdedb, 0xdedb, 0xdedb, 0xdedb,
			0xdedb, 0xdedb, 0xdedb, 0xdedb, 0xdedb, 0xdedb, 0xdedb, 0xdedb, 0xdedb, 0xdedb, 0xdedb, 0xdedb, 0xdedb, 0xdedb, 0xdedb, 0xdedb,
			0xdedb, 0xdedb, 0xdedb, 0xdedb, 0xdedb, 0xdedb, 0xdedb, 0xdedb, 0xdedb, 0xdedb, 0xdedb, 0xdedb, 0xdedb, 0xdedb, 0xdedb, 0x7bef,
			0x0000, 0x0000, 0xa534, 0xdedb, 0xdedb, 0xdedb, 0xdedb, 0xdedb, 0xdedb, 0xdedb, 0xdedb, 0xdedb, 0xdedb, 0xdedb, 0xdedb, 0xdedb,
			0xdedb, 0xdedb, 0xdedb, 0xdedb, 0xdedb, 0xdedb, 0xdedb, 0xdedb, 0xdedb, 0xdedb, 0xdedb, 0xdedb, 0xdedb, 0xdedb, 0xdedb, 0xdedb,
			0xdedb, 0xdedb, 0xdedb, 0xdedb, 0xdedb, 0xdedb, 0xdedb, 0xdedb, 0xdedb, 0xdedb, 0xdedb, 0xdedb, 0xdedb, 0xdedb, 0xdedb, 0xdedb,
			0xdedb, 0xdedb, 0xdedb, 0xdedb, 0xdedb, 0xdedb, 0xdedb, 0xdedb, 0xdedb, 0xdedb, 0xdedb, 0xdedb, 0xdedb, 0xdedb, 0xdedb, 0xdedb,
			0xc618, 0xdedb, 0xdedb, 0xdedb, 0xdedb, 0xdedb, 0xdedb, 0xdedb, 0xdedb, 0xdedb, 0xdedb, 0xdedb, 0xdedb, 0xdedb, 0xdedb, 0xdedb,
			0xdedb, 0xdedb, 0xdedb, 0xdedb, 0xdedb, 0xdedb, 0xdedb, 0xdedb, 0xdedb, 0xdedb, 0xdedb, 0xdedb, 0xdedb, 0xdedb, 0xdedb, 0xdedb,
			0xdedb, 0xdedb, 0xdedb, 0xdedb, 0xdedb, 0xdedb, 0xdedb, 0xdedb, 0xdedb, 0xdedb, 0xdedb, 0xdedb, 0xdedb, 0xdedb, 0xdedb, 0xdedb,
			0xdedb, 0xdedb, 0xdedb, 0xdedb, 0xdedb, 0xdedb, 0xdedb, 0x7bef, 0x0000, 0x0000, 0xa534, 0xdedb, 0xdedb, 0xdedb, 0xdedb, 0xdedb,
			0xdedb, 0xdedb, 0xdedb, 0xdedb, 0xdedb, 0xdedb, 0xdedb, 0xdedb, 0xdedb, 0xdedb, 0xdedb, 0xdedb, 0xdedb, 0xdedb, 0xdedb, 0xdedb,
			0xdedb, 0xdedb, 0xdedb, 0xdedb, 0xdedb, 0xdedb, 0xdedb, 0xdedb, 0xdedb, 0xdedb, 0xdedb, 0xdedb, 0xdedb, 0xdedb, 0xdedb, 0xdedb,
			0xdedb, 0xdedb, 0xdedb, 0xdedb, 0xdedb, 0xdedb, 0xdedb, 0xdedb, 0xdedb, 0xdedb, 0xdedb, 0xdedb, 0xdedb, 0xdedb, 0xdedb, 0xdedb,
			0xdedb, 0xdedb, 0xdedb, 0xdedb, 0xdedb, 0xdedb, 0xdedb, 0xdedb, 0xc618, 0xdedb, 0xdedb, 0xdedb, 0xdedb, 0xdedb, 0xdedb, 0xdedb,
			0xdedb, 0xdedb, 0xdedb, 0xdedb, 0xdedb, 0xdedb, 0xdedb, 0xdedb, 0xdedb, 0xdedb, 0xdedb, 0xdedb, 0xdedb, 0xdedb, 0xdedb, 0xdedb,
			0xdedb, 0xdedb, 0xdedb, 0xdedb, 0xdedb, 0xdedb, 0xdedb, 0xdedb, 0xdedb, 0xdedb, 0xdedb, 0xdedb, 0xdedb, 0xdedb, 0xdedb, 0xdedb,
			0xdedb, 0xdedb, 0xdedb, 0xdedb, 0xdedb, 0xdedb, 0xdedb, 0xdedb, 0xdedb, 0xdedb, 0xdedb, 0xdedb, 0xdedb, 0xdedb, 0xdedb, 0x7bef,
			0x0000, 0x0000, 0x0841, 0x0861, 0x0861, 0x0861, 0x0861, 0x0861, 0x0861, 0x0861, 0x0861, 0x0861, 0x7bcf, 0xdedb, 0xdedb, 0xdedb,
			0xdedb, 0xdedb, 0xdedb, 0xdedb, 0xdedb, 0xdedb, 0xdedb, 0xdedb, 0xdedb, 0xdedb, 0xdedb, 0xdedb, 0xdedb, 0xdedb, 0xdedb, 0xdedb,
			0xdedb, 0xdedb, 0xdedb, 0xdedb, 0xdedb, 0xdedb, 0xdedb, 0xdedb, 0xdedb, 0xdedb, 0xdedb, 0xdedb, 0xdedb, 0xdedb, 0xdedb, 0xdedb,
			0xdedb, 0xdedb, 0xdedb, 0xdedb, 0xdedb, 0xdedb, 0xdedb, 0xdedb, 0xdedb, 0xdedb, 0xdedb, 0xdedb, 0xdedb, 0xdedb, 0xdedb, 0xdedb,
			0xc618, 0xdedb, 0xdedb, 0xdedb, 0xdedb, 0xdedb, 0xdedb, 0xdedb, 0xdedb, 0xdedb, 0xdedb, 0xdedb, 0xdedb, 0xdedb, 0xdedb, 0xdedb,
			0xdedb, 0xdedb, 0xdedb, 0xdedb, 0xdedb, 0xdedb, 0xdedb, 0xdedb, 0xdedb, 0xdedb, 0xdedb, 0xdedb, 0xdedb, 0xdedb, 0xdedb, 0xdedb,
			0xdedb, 0xdedb, 0xdedb, 0xdedb, 0xdedb, 0xdedb, 0xdedb, 0xdedb, 0xdedb, 0xdedb, 0xdedb, 0xdedb, 0xdedb, 0xdedb, 0xdedb, 0xdedb,
			0xdedb, 0xdedb, 0xdedb, 0xdedb, 0xdedb, 0xdedb, 0xdedb, 0x7bef, 0x0000, 0x0000, 0x0000, 0x0000, 0x0000, 0x0000, 0x0000, 0x0000,
			0x0000, 0x0000, 0x0000, 0x0000, 0x738e, 0xdedb, 0xdedb, 0xdedb, 0xdedb, 0xdedb, 0xdedb, 0xdedb, 0xdedb, 0xdedb, 0xdedb, 0xdedb,
			0xdedb, 0xdedb, 0xdedb, 0xdedb, 0xdedb, 0xdedb, 0xdedb, 0xdedb, 0xdedb, 0xdedb, 0xdedb, 0xdedb, 0xdedb, 0xdedb, 0xdedb, 0xdedb,
			0xdedb, 0xdedb, 0xdedb, 0xdedb, 0xdedb, 0xdedb, 0xdedb, 0xdedb, 0xdedb, 0xdedb, 0xdedb, 0xdedb, 0xdedb, 0xdedb, 0xdedb, 0xdedb,
			0xdedb, 0xdedb, 0xdedb, 0xdedb, 0xdedb, 0xdedb, 0xdedb, 0xdedb, 0xc618, 0xdedb, 0xdedb, 0xdedb, 0xdedb, 0xdedb, 0xdedb, 0xdedb,
			0xdedb, 0xdedb, 0xdedb, 0xdedb, 0xdedb, 0xdedb, 0xdedb, 0xdedb, 0xdedb, 0xdedb, 0xdedb, 0xdedb, 0xdedb, 0xdedb, 0xdedb, 0xdedb,
			0xdedb, 0xdedb, 0xdedb, 0xdedb, 0xdedb, 0xdedb, 0xdedb, 0xdedb, 0xdedb, 0xdedb, 0xdedb, 0xdedb, 0xdedb, 0xdedb, 0xdedb, 0xdedb,
			0xdedb, 0xdedb, 0xdedb, 0xdedb, 0xdedb, 0xdedb, 0xdedb, 0xdedb, 0xdedb, 0xdedb, 0xdedb, 0xdedb, 0xdedb, 0xdedb, 0xdedb, 0xa534,
			0x630c, 0x630c, 0x630c, 0x630c, 0x630c, 0x630c, 0x630c, 0x630c, 0x630c, 0x630c, 0x630c, 0x630c, 0xa514, 0xdedb, 0xdedb, 0xdedb,
			0xdedb, 0xdedb, 0xdedb, 0xdedb, 0xdedb, 0xdedb, 0xdedb, 0xdedb, 0xdedb, 0xdedb, 0xdedb, 0xdedb, 0xdedb, 0xdedb, 0xdedb, 0xdedb,
			0xdedb, 0xdedb, 0xdedb, 0xdedb, 0xdedb, 0xdedb, 0xdedb, 0xdedb, 0xdedb, 0xdedb, 0xdedb, 0xdedb, 0xdedb, 0xdedb, 0xdedb, 0xdedb,
			0xdedb, 0xdedb, 0xdedb, 0xdedb, 0xdedb, 0xdedb, 0xdedb, 0xdedb, 0xdedb, 0xdedb, 0xdedb, 0xdedb, 0xdedb, 0xdedb, 0xdedb, 0xdedb,
			0xc618, 0xdedb, 0xdedb, 0xdedb, 0xdedb, 0xdedb, 0xdedb, 0xdedb, 0xdedb, 0xdedb, 0xdedb, 0xdedb, 0xdedb, 0xdedb, 0xdedb, 0xdedb,
			0xdedb, 0xdedb, 0xdedb, 0xdedb, 0xdedb, 0xdedb, 0xdedb, 0xdedb, 0xdedb, 0xdedb, 0xdedb, 0xdedb, 0xdedb, 0xdedb, 0xdedb, 0xdedb,
			0xdedb, 0xdedb, 0xdedb, 0xdedb, 0xdedb, 0xdedb, 0xdedb, 0xdedb, 0xdedb, 0xdedb, 0xdedb, 0xdedb, 0xdedb, 0xdedb, 0xdedb, 0xdedb,
			0xdedb, 0xdedb, 0xdedb, 0xdedb, 0xdedb, 0xdedb, 0xdedb, 0xdedb, 0xdedb, 0xdedb, 0xdedb, 0xdedb, 0xdedb, 0xdedb, 0xdedb, 0xdedb,
			0xdedb, 0xdedb, 0xdedb, 0xdedb, 0xdedb, 0xdedb, 0xdedb, 0xdedb, 0xdedb, 0xdedb, 0xdedb, 0xdedb, 0xdedb, 0xdedb, 0xdedb, 0xdedb,
			0xdedb, 0xdedb, 0xdedb, 0xdedb, 0xdedb, 0xdedb, 0xdedb, 0xdedb, 0xdedb, 0xdedb, 0xdedb, 0xdedb, 0xdedb, 0xdedb, 0xdedb, 0xdedb,
			0xdedb, 0xdedb, 0xdedb, 0xdedb, 0xdedb, 0xdedb, 0xdedb, 0xdedb, 0xdedb, 0xdedb, 0xdedb, 0xdedb, 0xdedb, 0xdedb, 0xdedb, 0xdedb,
			0xdedb, 0xdedb, 0xdedb, 0xdedb, 0xdedb, 0xdedb, 0xdedb, 0xdedb, 0xc618, 0xdedb, 0xdedb, 0xdedb, 0xdedb, 0xdedb, 0xdedb, 0xdedb,
			0xdedb, 0xdedb, 0xdedb, 0xdedb, 0xdedb, 0xdedb, 0xdedb, 0xdedb, 0xdedb, 0xdedb, 0xdedb, 0xdedb, 0xdedb, 0xdedb, 0xdedb, 0xdedb,
			0xdedb, 0xdedb, 0xdedb, 0xdedb, 0xdedb, 0xdedb, 0xdedb, 0xdedb, 0xdedb, 0xdedb, 0xdedb, 0xdedb, 0xdedb, 0xdedb, 0xdedb, 0xdedb,
			0xdedb, 0xdedb, 0xdedb, 0xdedb, 0xdedb, 0xdedb, 0xdedb, 0xdedb, 0xdedb, 0xdedb, 0xdedb, 0xdedb, 0xdedb, 0xdedb, 0xdedb, 0xdedb,
			0xdedb, 0xdedb, 0xdedb, 0xdedb, 0xdedb, 0xdedb, 0xdedb, 0xdedb, 0xdedb, 0xdedb, 0xdedb, 0xdedb, 0xdedb, 0xdedb, 0xdedb, 0xdedb,
			0xdedb, 0xdedb, 0xdedb, 0xdedb, 0xdedb, 0xdedb, 0xdedb, 0xdedb, 0xdedb, 0xdedb, 0xdedb, 0xdedb, 0xdedb, 0xdedb, 0xdedb, 0xdedb,
			0xdedb, 0xdedb, 0xdedb, 0xdedb, 0xdedb, 0xdedb, 0xdedb, 0xdedb, 0xdedb, 0xdedb, 0xdedb, 0xdedb, 0xdedb, 0xdedb, 0xdedb, 0xdedb,
			0xdedb, 0xdedb, 0xdedb, 0xdedb, 0xdedb, 0xdedb, 0xdedb, 0xdedb, 0xdedb, 0xdedb, 0xdedb, 0xdedb, 0xdedb, 0xdedb, 0xdedb, 0xdedb,
			0xc618, 0xdedb, 0xdedb, 0xdedb, 0xdedb, 0xdedb, 0xdedb, 0xdedb, 0xdedb, 0xdedb, 0xdedb, 0xdedb, 0xdedb, 0xdedb, 0xdedb, 0xdedb,
			0xdedb, 0xdedb, 0xdedb, 0xdedb, 0xdedb, 0xdedb, 0xdedb, 0xdedb, 0xdedb, 0xdedb, 0xdedb, 0xdedb, 0xdedb, 0xdedb, 0xdedb, 0xdedb,
			0xdedb, 0xdedb, 0xdedb, 0xdedb, 0xdedb, 0xdedb, 0xdedb, 0xdedb, 0xdedb, 0xdedb, 0xdedb, 0xdedb, 0xdedb, 0xdedb, 0xdedb, 0xdedb,
			0xdedb, 0xdedb, 0xdedb, 0xdedb, 0xdedb, 0xdedb, 0xdedb, 0xdedb, 0xdedb, 0xdedb, 0xdedb, 0xdedb, 0xdedb, 0xdedb, 0xdedb, 0xdedb,
			0xdedb, 0xdedb, 0xdedb, 0xdedb, 0xdedb, 0xdedb, 0xdedb, 0xdedb, 0xdedb, 0xdedb, 0xdedb, 0xdedb, 0xdedb, 0xdedb, 0xdedb, 0xdedb,
			0xdedb, 0xdedb, 0xdedb, 0xdedb, 0xdedb, 0xdedb, 0xdedb, 0xdedb, 0xdedb, 0xdedb, 0xdedb, 0xdedb, 0xdedb, 0xdedb, 0xdedb, 0xdedb,
			0xdedb, 0xdedb, 0xdedb, 0xdedb, 0xdedb, 0xdedb, 0xdedb, 0xdedb, 0xdedb, 0xdedb, 0xdedb, 0xdedb, 0xdedb, 0xdedb, 0xdedb, 0xdedb,
			0xdedb, 0xdedb, 0xdedb, 0xdedb, 0xdedb, 0xdedb, 0xdedb, 0xdedb, 0xc618, 0xdedb, 0xdedb, 0xdedb, 0xdedb, 0xdedb, 0xdedb, 0xdedb,
			0xdedb, 0xdedb, 0xdedb, 0xdedb, 0xdedb, 0xdedb, 0xdedb, 0xdedb, 0xdedb, 0xdedb, 0xdedb, 0xdedb, 0xdedb, 0xdedb, 0xdedb, 0xdedb,
			0xdedb, 0xdedb, 0xdedb, 0xdedb, 0xdedb, 0xdedb, 0xdedb, 0xdedb, 0xdedb, 0xdedb, 0xdedb, 0xdedb, 0xdedb, 0xdedb, 0xdedb, 0xdedb,
			0xdedb, 0xdedb, 0xdedb, 0xdedb, 0xdedb, 0xdedb, 0xdedb, 0xdedb, 0xdedb, 0xdedb, 0xdedb, 0xdedb, 0xdedb, 0xdedb, 0xdedb, 0xdedb,
			0xdedb, 0xdedb, 0xdedb, 0xdedb, 0xdedb, 0xdedb, 0xdedb, 0xdedb, 0xdedb, 0xdedb, 0xdedb, 0xdedb, 0xdedb, 0xdedb, 0xdedb, 0xdedb,
			0xdedb, 0xdedb, 0xdedb, 0xdedb, 0xdedb, 0xdedb, 0xdedb, 0xdedb, 0xdedb, 0xdedb, 0xdedb, 0xdedb, 0xdedb, 0xdedb, 0xdedb, 0xdedb,
			0xdedb, 0xdedb, 0xdedb, 0xdedb, 0xdedb, 0xdedb, 0xdedb, 0xdedb, 0xdedb, 0xdedb, 0xdedb, 0xdedb, 0xdedb, 0xdedb, 0xdedb, 0xdedb,
			0xdedb, 0xdedb, 0xdedb, 0xdedb, 0xdedb, 0xdedb, 0xdedb, 0xdedb, 0xdedb, 0xdedb, 0xdedb, 0xdedb, 0xdedb, 0xdedb, 0xdedb, 0xdedb,
			0xc618, 0xdedb, 0xdedb, 0xdedb, 0xdedb, 0xdedb, 0xdedb, 0xdedb, 0xdedb, 0xdedb, 0xdedb, 0xdedb, 0xdedb, 0xdedb, 0xdedb, 0xdedb,
			0xdedb, 0xdedb, 0xdedb, 0xdedb, 0xdedb, 0xdedb, 0xdedb, 0xdedb, 0xdedb, 0xdedb, 0xdedb, 0xdedb, 0xdedb, 0xdedb, 0xdedb, 0xdedb,
			0xdedb, 0xdedb, 0xdedb, 0xdedb, 0xdedb, 0xdedb, 0xdedb, 0xdedb, 0xdedb, 0xdedb, 0xdedb, 0xdedb, 0xdedb, 0xdedb, 0xdedb, 0xdedb,
			0xdedb, 0xdedb, 0xdedb, 0xdedb, 0xdedb, 0xdedb, 0xdedb, 0xdedb, 0xdedb, 0xdedb, 0xdedb, 0xdedb, 0xdedb, 0xdedb, 0xdedb, 0xdedb,
			0xdedb, 0xdedb, 0xdedb, 0xdedb, 0xdedb, 0xdedb, 0xdedb, 0xdedb, 0xdedb, 0xdedb, 0xdedb, 0xdedb, 0xdedb, 0xdedb, 0xdedb, 0xdedb,
			0xdedb, 0xdedb, 0xdedb, 0xdedb, 0xdedb, 0xdedb, 0xdedb, 0xdedb, 0xdedb, 0xdedb, 0xdedb, 0xdedb, 0xdedb, 0xdedb, 0xdedb, 0xdedb,
			0xdedb, 0xdedb, 0xdedb, 0xdedb, 0xdedb, 0xdedb, 0xdedb, 0xdedb, 0xdedb, 0xdedb, 0xdedb, 0xdedb, 0xdedb, 0xdedb, 0xdedb, 0xdedb,
			0xdedb, 0xdedb, 0xdedb, 0xdedb, 0xdedb, 0xdedb, 0xdedb, 0xdedb, 0xc618, 0xdedb, 0xdedb, 0xdedb, 0xdedb, 0xdedb, 0xdedb, 0xdedb,
			0xdedb, 0xdedb, 0xdedb, 0xdedb, 0xdedb, 0xdedb, 0xdedb, 0xdedb, 0xdedb, 0xdedb, 0xdedb, 0xdedb, 0xdedb, 0xdedb, 0xdedb, 0xdedb,
			0xdedb, 0xdedb, 0xdedb, 0xdedb, 0xdedb, 0xdedb, 0xdedb, 0xdedb, 0xdedb, 0xdedb, 0xdedb, 0xdedb, 0xdedb, 0xdedb, 0xdedb, 0xdedb,
			0xdedb, 0xdedb, 0xdedb, 0xdedb, 0xdedb, 0xdedb, 0xdedb, 0xdedb, 0xdedb, 0xdedb, 0xdedb, 0xdedb, 0xdedb, 0xdedb, 0xdedb, 0xdedb,
			0xdedb, 0xdedb, 0xdedb, 0xdedb, 0xdedb, 0xdedb, 0xdedb, 0xdedb, 0xdedb, 0xdedb, 0xdedb, 0xdedb, 0xdedb, 0xdedb, 0xdedb, 0xdedb,
			0xdedb, 0xdedb, 0xdedb, 0xdedb, 0xdedb, 0xdedb, 0xdedb, 0xdedb, 0xdedb, 0xdedb, 0xdedb, 0xdedb, 0xdedb, 0xdedb, 0xdedb, 0xdedb,
			0xdedb, 0xdedb, 0xdedb, 0xdedb, 0xdedb, 0xdedb, 0xdedb, 0xdedb, 0xdedb, 0xdedb, 0xdedb, 0xdedb, 0xdedb, 0xdedb, 0xdedb, 0xdedb,
			0xdedb, 0xdedb, 0xdedb, 0xdedb, 0xdedb, 0xdedb, 0xdedb, 0xdedb, 0xdedb, 0xdedb, 0xdedb, 0xdedb, 0xdedb, 0xdedb, 0xdedb, 0xdedb,
			0xc618, 0xdedb, 0xdedb, 0xdedb, 0xdedb, 0xdedb, 0xdedb, 0xdedb, 0xdedb, 0xdedb, 0xdedb, 0xdedb, 0xdedb, 0xdedb, 0xdedb, 0xdedb,
			0xdedb, 0xdedb, 0xdedb, 0xdedb, 0xdedb, 0xdedb, 0xdedb, 0xdedb, 0xdedb, 0xdedb, 0xdedb, 0xdedb, 0xdedb, 0xdedb, 0xdedb, 0xdedb,
			0xdedb, 0xdedb, 0xdedb, 0xdedb, 0xdedb, 0xdedb, 0xdedb, 0xdedb, 0xdedb, 0xdedb, 0xdedb, 0xdedb, 0xdedb, 0xdedb, 0xdedb, 0xdedb,
			0xdedb, 0xdedb, 0xdedb, 0xdedb, 0xdedb, 0xdedb, 0xdedb, 0xdedb, 0xdedb, 0xdedb, 0xdedb, 0xdedb, 0xdedb, 0xdedb, 0xdedb, 0xdedb,
			0xdedb, 0xdedb, 0xdedb, 0xdedb, 0xdedb, 0xdedb, 0xdedb, 0xdedb, 0xdedb, 0xdedb, 0xdedb, 0xdedb, 0xdedb, 0xdedb, 0xdedb, 0xdedb,
			0xdedb, 0xdedb, 0xdedb, 0xdedb, 0xdedb, 0xdedb, 0xdedb, 0xdedb, 0xdedb, 0xdedb, 0xdedb, 0xdedb, 0xdedb, 0xdedb, 0xdedb, 0xdedb,
			0xdedb, 0xdedb, 0xdedb, 0xdedb, 0xdedb, 0xdedb, 0xdedb, 0xdedb, 0xdedb, 0xdedb, 0xdedb, 0xdedb, 0xdedb, 0xdedb, 0xdedb, 0xdedb,
			0xdedb, 0xdedb, 0xdedb, 0xdedb, 0xdedb, 0xdedb, 0xdedb, 0xdedb, 0xc618, 0xdedb, 0xdedb, 0xdedb, 0xdedb, 0xdedb, 0xdedb, 0xdedb,
			0xdedb, 0xdedb, 0xdedb, 0xdedb, 0xdedb, 0xdedb, 0xdedb, 0xdedb, 0xdedb, 0xdedb, 0xdedb, 0xdedb, 0xdedb, 0xdedb, 0xdedb, 0xdedb,
			0xdedb, 0xdedb, 0xdedb, 0xdedb, 0xdedb, 0xdedb, 0xdedb, 0xdedb, 0xdedb, 0xdedb, 0xdedb, 0xdedb, 0xdedb, 0xdedb, 0xdedb, 0xdedb,
			0xdedb, 0xdedb, 0xdedb, 0xdedb, 0xdedb, 0xdedb, 0xdedb, 0xdedb, 0xdedb, 0xdedb, 0xdedb, 0xdedb, 0xdedb, 0xdedb, 0xdedb, 0xdedb,
			0xdedb, 0xdedb, 0xdedb, 0xdedb, 0xdedb, 0xdedb, 0xdedb, 0xdedb, 0xdedb, 0xdedb, 0xdedb, 0xdedb, 0xdedb, 0xdedb, 0xdedb, 0xdedb,
			0xdedb, 0xdedb, 0xdedb, 0xdedb, 0xdedb, 0xdedb, 0xdedb, 0xdedb, 0xdedb, 0xdedb, 0xdedb, 0xdedb, 0xdedb, 0xdedb, 0xdedb, 0xdedb,
			0xdedb, 0xdedb, 0xdedb, 0xdedb, 0xdedb, 0xdedb, 0xdedb, 0xdedb, 0xdedb, 0xdedb, 0xdedb, 0xdedb, 0xdedb, 0xdedb, 0xdedb, 0xdedb,
			0xdedb, 0xdedb, 0xdedb, 0xdedb, 0xdedb, 0xdedb, 0xdedb, 0xdedb, 0xdedb, 0xdedb, 0xdedb, 0xdedb, 0xdedb, 0xdedb, 0xdedb, 0xdedb,
			0xc618, 0xdedb, 0xdedb, 0xdedb, 0xdedb, 0xdedb, 0xdedb, 0xdedb, 0xdedb, 0xdedb, 0xdedb, 0xdedb, 0xdedb, 0xdedb, 0xdedb, 0xdedb,
			0xdedb, 0xdedb, 0xdedb, 0xdedb, 0xdedb, 0xdedb, 0xdedb, 0xdedb, 0xdedb, 0xdedb, 0xdedb, 0xdedb, 0xdedb, 0xdedb, 0xdedb, 0xdedb,
			0xdedb, 0xdedb, 0xdedb, 0xdedb, 0xdedb, 0xdedb, 0xdedb, 0xdedb, 0xdedb, 0xdedb, 0xdedb, 0xdedb, 0xdedb, 0xdedb, 0xdedb, 0xdedb,
			0xdedb, 0xdedb, 0xdedb, 0xdedb, 0xdedb, 0xdedb, 0xdedb, 0xdedb, 0xdedb, 0xdedb, 0xdedb, 0xdedb, 0xdedb, 0xdedb, 0xdedb, 0xdedb,
			0xdedb, 0xdedb, 0xdedb, 0xdedb, 0xdedb, 0xdedb, 0xdedb, 0xdedb, 0xdedb, 0xdedb, 0xdedb, 0xdedb, 0xdedb, 0xdedb, 0xdedb, 0xdedb,
			0xdedb, 0xdedb, 0xdedb, 0xdedb, 0xdedb, 0xdedb, 0xdedb, 0xdedb, 0xdedb, 0xdedb, 0xdedb, 0xdedb, 0xdedb, 0xdedb, 0xdedb, 0xdedb,
			0xdedb, 0xdedb, 0xdedb, 0xdedb, 0xdedb, 0xdedb, 0xdedb, 0xdedb, 0xdedb, 0xdedb, 0xdedb, 0xdedb, 0xdedb, 0xdedb, 0xdedb, 0xdedb,
			0xdedb, 0xdedb, 0xdedb, 0xdedb, 0xdedb, 0xdedb, 0xdedb, 0xdedb, 0xc618, 0xdedb, 0xdedb, 0xdedb, 0xdedb, 0xdedb, 0xdedb, 0xdedb,
			0xdedb, 0xdedb, 0xdedb, 0xdedb, 0xdedb, 0xdedb, 0xdedb, 0xdedb, 0xdedb, 0xdedb, 0xdedb, 0xdedb, 0xdedb, 0xdedb, 0xdedb, 0xdedb,
			0xdedb, 0xdedb, 0xdedb, 0xdedb, 0xdedb, 0xdedb, 0xdedb, 0xdedb, 0xdedb, 0xdedb, 0xdedb, 0xdedb, 0xdedb, 0xdedb, 0xdedb, 0xdedb,
			0xdedb, 0xdedb, 0xdedb, 0xdedb, 0xdedb, 0xdedb, 0xdedb, 0xdedb, 0xdedb, 0xdedb, 0xdedb, 0xdedb, 0xdedb, 0xdedb, 0xdedb, 0xdedb,
			0xdedb, 0xdedb, 0xdedb, 0xdedb, 0xdedb, 0xdedb, 0xdedb, 0xdedb, 0xdedb, 0xdedb, 0xdedb, 0xdedb, 0xdedb, 0xdedb, 0xdedb, 0xdedb,
			0xdedb, 0xdedb, 0xdedb, 0xdedb, 0xdedb, 0xdedb, 0xdedb, 0xdedb, 0xdedb, 0xdedb, 0xdedb, 0xdedb, 0xdedb, 0xdedb, 0xdedb, 0xdedb,
			0xdedb, 0xdedb, 0xdedb, 0xdedb, 0xdedb, 0xdedb, 0xdedb, 0xdedb, 0xdedb, 0xdedb, 0xdedb, 0xdedb, 0xdedb, 0xdedb, 0xdedb, 0xdedb,
			0xdedb, 0xdedb, 0xdedb, 0xdedb, 0xdedb, 0xdedb, 0xdedb, 0xdedb, 0xdedb, 0xdedb, 0xdedb, 0xdedb, 0xdedb, 0xdedb, 0xdedb, 0xdedb,
			0xc618, 0xdedb, 0xdedb, 0xdedb, 0xdedb, 0xdedb, 0xdedb, 0xdedb, 0xdedb, 0xdedb, 0xdedb, 0xdedb, 0xdedb, 0xdedb, 0xdedb, 0xdedb,
			0xdedb, 0xdedb, 0xdedb, 0xdedb, 0xdedb, 0xdedb, 0xdedb, 0xdedb, 0xdedb, 0xdedb, 0xdedb, 0xdedb, 0xdedb, 0xdedb, 0xdedb, 0xdedb,
			0xdedb, 0xdedb, 0xdedb, 0xdedb, 0xdedb, 0xdedb, 0xdedb, 0xdedb, 0xdedb, 0xdedb, 0xdedb, 0xdedb, 0xdedb, 0xdedb, 0xdedb, 0xdedb,
			0xdedb, 0xdedb, 0xdedb, 0xdedb, 0xdedb, 0xdedb, 0xdedb, 0xdedb, 0xdedb, 0xdedb, 0xdedb, 0xdedb, 0xdedb, 0xdedb, 0xdedb, 0xdedb,
			0xdedb, 0xdedb, 0xdedb, 0xdedb, 0xdedb, 0xdedb, 0xdedb, 0xdedb, 0xdedb, 0xdedb, 0xdedb, 0xdedb, 0xdedb, 0xdedb, 0xdedb, 0xdedb,
			0xdedb, 0xdedb, 0xdedb, 0xdedb, 0xdedb, 0xdedb, 0xdedb, 0xdedb, 0xdedb, 0xdedb, 0xdedb, 0xdedb, 0xdedb, 0xdedb, 0xdedb, 0xdedb,
			0xdedb, 0xdedb, 0xdedb, 0xdedb, 0xdedb, 0xdedb, 0xdedb, 0xdedb, 0xdedb, 0xdedb, 0xdedb, 0xdedb, 0xdedb, 0xdedb, 0xdedb, 0xdedb,
			0xdedb, 0xdedb, 0xdedb, 0xdedb, 0xdedb, 0xdedb, 0xdedb, 0xdedb, 0xc618, 0xdedb, 0xdedb, 0xdedb, 0xdedb, 0xdedb, 0xdedb, 0xdedb,
			0xdedb, 0xdedb, 0xdedb, 0xdedb, 0xdedb, 0xdedb, 0xdedb, 0xdedb, 0xdedb, 0xdedb, 0xdedb, 0xdedb, 0xdedb, 0xdedb, 0xdedb, 0xdedb,
			0xdedb, 0xdedb, 0xdedb, 0xdedb, 0xdedb, 0xdedb, 0xdedb, 0xdedb, 0xdedb, 0xdedb, 0xdedb, 0xdedb, 0xdedb, 0xdedb, 0xdedb, 0xdedb,
			0xdedb, 0xdedb, 0xdedb, 0xdedb, 0xdedb, 0xdedb, 0xdedb, 0xdedb, 0xdedb, 0xdedb, 0xdedb, 0xdedb, 0xdedb, 0xdedb, 0xdedb, 0xdedb,
			0xdedb, 0xdedb, 0xdedb, 0xdedb, 0xdedb, 0xdedb, 0xdedb, 0xdedb, 0xdedb, 0xdedb, 0xdedb, 0xdedb, 0xdedb, 0xdedb, 0xdedb, 0xdedb,
			0xdedb, 0xdedb, 0xdedb, 0xdedb, 0xdedb, 0xdedb, 0xdedb, 0xdedb, 0xdedb, 0xdedb, 0xdedb, 0xdedb, 0xdedb, 0xdedb, 0xdedb, 0xdedb,
			0xdedb, 0xdedb, 0xdedb, 0xdedb, 0xdedb, 0xdedb, 0xdedb, 0xdedb, 0xdedb, 0xdedb, 0xdedb, 0xdedb, 0xdedb, 0xdedb, 0xdedb, 0xdedb,
			0xdedb, 0xdedb, 0xdedb, 0xdedb, 0xdedb, 0xdedb, 0xdedb, 0xdedb, 0xdedb, 0xdedb, 0xdedb, 0xdedb, 0xdedb, 0xdedb, 0xdedb, 0xdedb,
			0xc618, 0xdedb, 0xdedb, 0xdedb, 0xdedb, 0xdedb, 0xdedb, 0xdedb, 0xdedb, 0xdedb, 0xdedb, 0xdedb, 0xdedb, 0xdedb, 0xdedb, 0xdedb,
			0xdedb, 0xdedb, 0xdedb, 0xdedb, 0xdedb, 0xdedb, 0xdedb, 0xdedb, 0xdedb, 0xdedb, 0xdedb, 0xdedb, 0xdedb, 0xdedb, 0xdedb, 0xdedb,
			0xdedb, 0xdedb, 0xdedb, 0xdedb, 0xdedb, 0xdedb, 0xdedb, 0xdedb, 0xdedb, 0xdedb, 0xdedb, 0xdedb, 0xdedb, 0xdedb, 0xdedb, 0xdedb,
			0xdedb, 0xdedb, 0xdedb, 0xdedb, 0xdedb, 0xdedb, 0xdedb, 0xdedb, 0xdedb, 0xdedb, 0xdedb, 0xdedb, 0xdedb, 0xdedb, 0xdedb, 0xdedb,
			0xdedb, 0xdedb, 0xdedb, 0xdedb, 0xdedb, 0xdedb, 0xdedb, 0xdedb, 0xdedb, 0xdedb, 0xdedb, 0xdedb, 0xdedb, 0xdedb, 0xdedb, 0xdedb,
			0xdedb, 0xdedb, 0xdedb, 0xdedb, 0xdedb, 0xdedb, 0xdedb, 0xdedb, 0xdedb, 0xdedb, 0xdedb, 0xdedb, 0xdedb, 0xdedb, 0xdedb, 0xdedb,
			0xdedb, 0xdedb, 0xdedb, 0xdedb, 0xdedb, 0xdedb, 0xdedb, 0xdedb, 0xdedb, 0xdedb, 0xdedb, 0xdedb, 0xdedb, 0xdedb, 0xdedb, 0xdedb,
			0xdedb, 0xdedb, 0xdedb, 0xdedb, 0xdedb, 0xdedb, 0xdedb, 0xdedb, 0xc618, 0xdedb, 0xdedb, 0xdedb, 0xdedb, 0xdedb, 0xdedb, 0xdedb,
			0xdedb, 0xdedb, 0xdedb, 0xdedb, 0xdedb, 0xdedb, 0xdedb, 0xdedb, 0xdedb, 0xdedb, 0xdedb, 0xdedb, 0xdedb, 0xdedb, 0xdedb, 0xdedb,
			0xdedb, 0xdedb, 0xdedb, 0xdedb, 0xdedb, 0xdedb, 0xdedb, 0xdedb, 0xdedb, 0xdedb, 0xdedb, 0xdedb, 0xdedb, 0xdedb, 0xdedb, 0xdedb,
			0xdedb, 0xdedb, 0xdedb, 0xdedb, 0xdedb, 0xdedb, 0xdedb, 0xdedb, 0xdedb, 0xdedb, 0xdedb, 0xdedb, 0xdedb, 0xdedb, 0xdedb, 0xdedb,
			0xdedb, 0xdedb, 0xdedb, 0xdedb, 0xdedb, 0xdedb, 0xdedb, 0xdedb, 0xdedb, 0xdedb, 0xdedb, 0xdedb, 0xdedb, 0xdedb, 0xdedb, 0xdedb,
			0xdedb, 0xdedb, 0xdedb, 0xdedb, 0xdedb, 0xdedb, 0xdedb, 0xdedb, 0xdedb, 0xdedb, 0xdedb, 0xdedb, 0xdedb, 0xdedb, 0xdedb, 0xdedb,
			0xdedb, 0xdedb, 0xdedb, 0xdedb, 0xdedb, 0xdedb, 0xdedb, 0xdedb, 0xdedb, 0xdedb, 0xdedb, 0xdedb, 0xdedb, 0xdedb, 0xdedb, 0xdedb,
			0xdedb, 0xdedb, 0xdedb, 0xdedb, 0xdedb, 0xdedb, 0xdedb, 0xdedb, 0xdedb, 0xdedb, 0xdedb, 0xdedb, 0xdedb, 0xdedb, 0xdedb, 0xdedb,
			0xc618, 0xdedb, 0xdedb, 0xdedb, 0xdedb, 0xdedb, 0xdedb, 0xdedb, 0xdedb, 0xdedb, 0xdedb, 0xdedb, 0xdedb, 0xdedb, 0xdedb, 0xdedb,
			0xdedb, 0xdedb, 0xdedb, 0xdedb, 0xdedb, 0xdedb, 0xdedb, 0xdedb, 0xdedb, 0xdedb, 0xdedb, 0xdedb, 0xdedb, 0xdedb, 0xdedb, 0xdedb,
			0xdedb, 0xdedb, 0xdedb, 0xdedb, 0xdedb, 0xdedb, 0xdedb, 0xdedb, 0xdedb, 0xdedb, 0xdedb, 0xdedb, 0xdedb, 0xdedb, 0xdedb, 0xdedb,
			0xdedb, 0xdedb, 0xdedb, 0xdedb, 0xdedb, 0xdedb, 0xdedb, 0xdedb, 0xdedb, 0xdedb, 0xdedb, 0xdedb, 0xdedb, 0xdedb, 0xdedb, 0xdedb,
			0xdedb, 0xdedb, 0xdedb, 0xdedb, 0xdedb, 0xdedb, 0xdedb, 0xdedb, 0xdedb, 0xdedb, 0xdedb, 0xdedb, 0xdedb, 0xdedb, 0xdedb, 0xdedb,
			0xdedb, 0xdedb, 0xdedb, 0xdedb, 0xdedb, 0xdedb, 0xdedb, 0xdedb, 0xdedb, 0xdedb, 0xdedb, 0xdedb, 0xdedb, 0xdedb, 0xdedb, 0xdedb,
			0xdedb, 0xdedb, 0xdedb, 0xdedb, 0xdedb, 0xdedb, 0xdedb, 0xdedb, 0xdedb, 0xdedb, 0xdedb, 0xdedb, 0xdedb, 0xdedb, 0xdedb, 0xdedb,
			0xdedb, 0xdedb, 0xdedb, 0xdedb, 0xdedb, 0xdedb, 0xdedb, 0xdedb, 0xc618, 0xdedb, 0xdedb, 0xdedb, 0xdedb, 0xdedb, 0xdedb, 0xdedb,
			0xdedb, 0xdedb, 0xdedb, 0xdedb, 0xdedb, 0xdedb, 0xdedb, 0xdedb, 0xdedb, 0xdedb, 0xdedb, 0xdedb, 0xdedb, 0xdedb, 0xdedb, 0xdedb,
			0xdedb, 0xdedb, 0xdedb, 0xdedb, 0xdedb, 0xdedb, 0xdedb, 0xdedb, 0xdedb, 0xdedb, 0xdedb, 0xdedb, 0xdedb, 0xdedb, 0xdedb, 0xdedb,
			0xdedb, 0xdedb, 0xdedb, 0xdedb, 0xdedb, 0xdedb, 0xdedb, 0xdedb, 0xdedb, 0xdedb, 0xdedb, 0xdedb, 0xdedb, 0xdedb, 0xdedb, 0xdedb,
			0xdedb, 0xdedb, 0xdedb, 0xdedb, 0xdedb, 0xdedb, 0xdedb, 0xdedb, 0xdedb, 0xdedb, 0xdedb, 0xdedb, 0xdedb, 0xdedb, 0xdedb, 0xdedb,
			0xdedb, 0xdedb, 0xdedb, 0xdedb, 0xdedb, 0xdedb, 0xdedb, 0xdedb, 0xdedb, 0xdedb, 0xdedb, 0xdedb, 0xdedb, 0xdedb, 0xdedb, 0xdedb,
			0xdedb, 0xdedb, 0xdedb, 0xdedb, 0xdedb, 0xdedb, 0xdedb, 0xdedb, 0xdedb, 0xdedb, 0xdedb, 0xdedb, 0xdedb, 0xdedb, 0xdedb, 0xdedb,
			0xdedb, 0xdedb, 0xdedb, 0xdedb, 0xdedb, 0xdedb, 0xdedb, 0xdedb, 0xdedb, 0xdedb, 0xdedb, 0xdedb, 0xdedb, 0xdedb, 0xdedb, 0xdedb,
			0xc618, 0xdedb, 0xdedb, 0xdedb, 0xdedb, 0xdedb, 0xdedb, 0xdedb, 0xdedb, 0xdedb, 0xdedb, 0xdedb, 0xdedb, 0xdedb, 0xdedb, 0xdedb,
			0xdedb, 0xdedb, 0xdedb, 0xdedb, 0xdedb, 0xdedb, 0xdedb, 0xdedb, 0xdedb, 0xdedb, 0xdedb, 0xdedb, 0xdedb, 0xdedb, 0xdedb, 0xdedb,
			0xdedb, 0xdedb, 0xdedb, 0xdedb, 0xdedb, 0xdedb, 0xdedb, 0xdedb, 0xdedb, 0xdedb, 0xdedb, 0xdedb, 0xdedb, 0xdedb, 0xdedb, 0xdedb,
			0xdedb, 0xdedb, 0xdedb, 0xdedb, 0xdedb, 0xdedb, 0xdedb, 0xdedb, 0xdedb, 0xdedb, 0xdedb, 0xdedb, 0xdedb, 0xdedb, 0xdedb, 0xdedb,
			0xdedb, 0xdedb, 0xdedb, 0xdedb, 0xdedb, 0xdedb, 0xdedb, 0xdedb, 0xdedb, 0xdedb, 0xdedb, 0xdedb, 0xdedb, 0xdedb, 0xdedb, 0xdedb,
			0xdedb, 0xdedb, 0xdedb, 0xdedb, 0xdedb, 0xdedb, 0xdedb, 0xdedb, 0xdedb, 0xdedb, 0xdedb, 0xdedb, 0xdedb, 0xdedb, 0xdedb, 0xdedb,
			0xdedb, 0xdedb, 0xdedb, 0xdedb, 0xdedb, 0xdedb, 0xdedb, 0xdedb, 0xdedb, 0xdedb, 0xdedb, 0xdedb, 0xdedb, 0xdedb, 0xdedb, 0xdedb,
			0xdedb, 0xdedb, 0xdedb, 0xdedb, 0xdedb, 0xdedb, 0xdedb, 0xdedb, 0xc618, 0xdedb, 0xdedb, 0xdedb, 0xdedb, 0xdedb, 0xdedb, 0xdedb,
			0xdedb, 0xdedb, 0xdedb, 0xdedb, 0xdedb, 0xdedb, 0xdedb, 0xdedb, 0xdedb, 0xdedb, 0xdedb, 0xdedb, 0xdedb, 0xdedb, 0xdedb, 0xdedb,
			0xdedb, 0xdedb, 0xdedb, 0xdedb, 0xdedb, 0xdedb, 0xdedb, 0xdedb, 0xdedb, 0xdedb, 0xdedb, 0xdedb, 0xdedb, 0xdedb, 0xdedb, 0xdedb,
			0xdedb, 0xdedb, 0xdedb, 0xdedb, 0xdedb, 0xdedb, 0xdedb, 0xdedb, 0xdedb, 0xdedb, 0xdedb, 0xdedb, 0xdedb, 0xdedb, 0xdedb, 0xdedb,
			0xdedb, 0xdedb, 0xdedb, 0xdedb, 0xdedb, 0xdedb, 0xdedb, 0xdedb, 0xdedb, 0xdedb, 0xdedb, 0xdedb, 0xdedb, 0xdedb, 0xdedb, 0xdedb,
			0xdedb, 0xdedb, 0xdedb, 0xdedb, 0xdedb, 0xdedb, 0xdedb, 0xdedb, 0xdedb, 0xdedb, 0xdedb, 0xdedb, 0xdedb, 0xdedb, 0xdedb, 0xdedb,
			0xdedb, 0xdedb, 0xdedb, 0xdedb, 0xdedb, 0xdedb, 0xdedb, 0xdedb, 0xdedb, 0xdedb, 0xdedb, 0xdedb, 0xdedb, 0xdedb, 0xdedb, 0xdedb,
			0xdedb, 0xdedb, 0xdedb, 0xdedb, 0xdedb, 0xdedb, 0xdedb, 0xdedb, 0xdedb, 0xdedb, 0xdedb, 0xdedb, 0xdedb, 0xdedb, 0xdedb, 0xdedb,
			0xc618, 0xdedb, 0xdedb, 0xdedb, 0xdedb, 0xdedb, 0xdedb, 0xdedb, 0xdedb, 0xdedb, 0xdedb, 0xdedb, 0xdedb, 0xdedb, 0xdedb, 0xdedb,
			0xdedb, 0xdedb, 0xdedb, 0xdedb, 0xdedb, 0xdedb, 0xdedb, 0xdedb, 0xdedb, 0xdedb, 0xdedb, 0xdedb, 0xdedb, 0xdedb, 0xdedb, 0xdedb,
			0xdedb, 0xdedb, 0xdedb, 0xdedb, 0xdedb, 0xdedb, 0xdedb, 0xdedb, 0xdedb, 0xdedb, 0xdedb, 0xdedb, 0xdedb, 0xdedb, 0xdedb, 0xdedb,
			0xdedb, 0xdedb, 0xdedb, 0xdedb, 0xdedb, 0xdedb, 0xdedb, 0xdedb, 0xdedb, 0xdedb, 0xdedb, 0xdedb, 0xdedb, 0xdedb, 0xdedb, 0xdedb,
			0xdedb, 0xdedb, 0xdedb, 0xdedb, 0xdedb, 0xdedb, 0xdedb, 0xdedb, 0xdedb, 0xdedb, 0xdedb, 0xdedb, 0xdedb, 0xdedb, 0xdedb, 0xdedb,
			0xdedb, 0xdedb, 0xdedb, 0xdedb, 0xdedb, 0xdedb, 0xdedb, 0xdedb, 0xdedb, 0xdedb, 0xdedb, 0xdedb, 0xdedb, 0xdedb, 0xdedb, 0xdedb,
			0xdedb, 0xdedb, 0xdedb, 0xdedb, 0xdedb, 0xdedb, 0xdedb, 0xdedb, 0xdedb, 0xdedb, 0xdedb, 0xdedb, 0xdedb, 0xdedb, 0xdedb, 0xdedb,
			0xdedb, 0xdedb, 0xdedb, 0xdedb, 0xdedb, 0xdedb, 0xdedb, 0xdedb, 0xc618, 0xdedb, 0xdedb, 0xdedb, 0xdedb, 0xdedb, 0xdedb, 0xdedb,
			0xdedb, 0xdedb, 0xdedb, 0xdedb, 0xdedb, 0xdedb, 0xdedb, 0xdedb, 0xdedb, 0xdedb, 0xdedb, 0xdedb, 0xdedb, 0xdedb, 0xdedb, 0xdedb,
			0xdedb, 0xdedb, 0xdedb, 0xdedb, 0xdedb, 0xdedb, 0xdedb, 0xdedb, 0xdedb, 0xdedb, 0xdedb, 0xdedb, 0xdedb, 0xdedb, 0xdedb, 0xdedb,
			0xdedb, 0xdedb, 0xdedb, 0xdedb, 0xdedb, 0xdedb, 0xdedb, 0xdedb, 0xdedb, 0xdedb, 0xdedb, 0xdedb, 0xdedb, 0xdedb, 0xdedb, 0xdedb,
			0xdedb, 0xdedb, 0xdedb, 0xdedb, 0xdedb, 0xdedb, 0xdedb, 0xdedb, 0xdedb, 0xdedb, 0xdedb, 0xdedb, 0xdedb, 0xdedb, 0xdedb, 0xdedb,
			0xdedb, 0xdedb, 0xdedb, 0xdedb, 0xdedb, 0xdedb, 0xdedb, 0xdedb, 0xdedb, 0xdedb, 0xdedb, 0xdedb, 0xdedb, 0xdedb, 0xdedb, 0xdedb,
			0xdedb, 0xdedb, 0xdedb, 0xdedb, 0xdedb, 0xdedb, 0xdedb, 0xdedb, 0xdedb, 0xdedb, 0xdedb, 0xdedb, 0xdedb, 0xdedb, 0xdedb, 0xdedb,
			0xdedb, 0xdedb, 0xdedb, 0xdedb, 0xdedb, 0xdedb, 0xdedb, 0xdedb, 0xdedb, 0xdedb, 0xdedb, 0xdedb, 0xdedb, 0xdedb, 0xdedb, 0xdedb,
			0xc618, 0xdedb, 0xdedb, 0xdedb, 0xdedb, 0xdedb, 0xdedb, 0xdedb, 0xdedb, 0xdedb, 0xdedb, 0xdedb, 0xdedb, 0xdedb, 0xdedb, 0xdedb,
			0xdedb, 0xdedb, 0xdedb, 0xdedb, 0xdedb, 0xdedb, 0xdedb, 0xdedb, 0xdedb, 0xdedb, 0xdedb, 0xdedb, 0xdedb, 0xdedb, 0xdedb, 0xdedb,
			0xdedb, 0xdedb, 0xdedb, 0xdedb, 0xdedb, 0xdedb, 0xdedb, 0xdedb, 0xdedb, 0xdedb, 0xdedb, 0xdedb, 0xdedb, 0xdedb, 0xdedb, 0xdedb,
			0xdedb, 0xdedb, 0xdedb, 0xdedb, 0xdedb, 0xdedb, 0xdedb, 0xdedb, 0xdedb, 0xdedb, 0xdedb, 0xdedb, 0xdedb, 0xdedb, 0xdedb, 0xdedb,
			0xdedb, 0xdedb, 0xdedb, 0xdedb, 0xdedb, 0xdedb, 0xdedb, 0xdedb, 0xdedb, 0xdedb, 0xdedb, 0xdedb, 0xdedb, 0xdedb, 0xdedb, 0xdedb,
			0xdedb, 0xdedb, 0xdedb, 0xdedb, 0xdedb, 0xdedb, 0xdedb, 0xdedb, 0xdedb, 0xdedb, 0xdedb, 0xdedb, 0xdedb, 0xdedb, 0xdedb, 0xdedb,
			0xdedb, 0xdedb, 0xdedb, 0xdedb, 0xdedb, 0xdedb, 0xdedb, 0xdedb, 0xdedb, 0xdedb, 0xdedb, 0xdedb, 0xdedb, 0xdedb, 0xdedb, 0xdedb,
			0xdedb, 0xdedb, 0xdedb, 0xdedb, 0xdedb, 0xdedb, 0xdedb, 0xdedb, 0xc618, 0xdedb, 0xdedb, 0xdedb, 0xdedb, 0xdedb, 0xdedb, 0xdedb,
			0xdedb, 0xdedb, 0xdedb, 0xdedb, 0xdedb, 0xdedb, 0xdedb, 0xdedb, 0xdedb, 0xdedb, 0xdedb, 0xdedb, 0xdedb, 0xdedb, 0xdedb, 0xdedb,
			0xdedb, 0xdedb, 0xdedb, 0xdedb, 0xdedb, 0xdedb, 0xdedb, 0xdedb, 0xdedb, 0xdedb, 0xdedb, 0xdedb, 0xdedb, 0xdedb, 0xdedb, 0xdedb,
			0xdedb, 0xdedb, 0xdedb, 0xdedb, 0xdedb, 0xdedb, 0xdedb, 0xdedb, 0xdedb, 0xdedb, 0xdedb, 0xdedb, 0xdedb, 0xdedb, 0xdedb, 0xdedb,
			0xdedb, 0xdedb, 0xdedb, 0xdedb, 0xdedb, 0xdedb, 0xdedb, 0xdedb, 0xdedb, 0xdedb, 0xdedb, 0xdedb, 0xdedb, 0xdedb, 0xdedb, 0xdedb,
			0xdedb, 0xdedb, 0xdedb, 0xdedb, 0xdedb, 0xdedb, 0xdedb, 0xdedb, 0xdedb, 0xdedb, 0xdedb, 0xdedb, 0xdedb, 0xdedb, 0xdedb, 0xdedb,
			0xdedb, 0xdedb, 0xdedb, 0xdedb, 0xdedb, 0xdedb, 0xdedb, 0xdedb, 0xdedb, 0xdedb, 0xdedb, 0xdedb, 0xdedb, 0xdedb, 0xdedb, 0xdedb,
			0xdedb, 0xdedb, 0xdedb, 0xdedb, 0xdedb, 0xdedb, 0xdedb, 0xdedb, 0xdedb, 0xdedb, 0xdedb, 0xdedb, 0xdedb, 0xdedb, 0xdedb, 0xdedb,
			0xc618, 0xdedb, 0xdedb, 0xdedb, 0xdedb, 0xdedb, 0xdedb, 0xdedb, 0xdedb, 0xdedb, 0xdedb, 0xdedb, 0xdedb, 0xdedb, 0xdedb, 0xdedb,
			0xdedb, 0xdedb, 0xdedb, 0xdedb, 0xdedb, 0xdedb, 0xdedb, 0xdedb, 0xdedb, 0xdedb, 0xdedb, 0xdedb, 0xdedb, 0xdedb, 0xdedb, 0xdedb,
			0xdedb, 0xdedb, 0xdedb, 0xdedb, 0xdedb, 0xdedb, 0xdedb, 0xdedb, 0xdedb, 0xdedb, 0xdedb, 0xdedb, 0xdedb, 0xdedb, 0xdedb, 0xdedb,
			0xdedb, 0xdedb, 0xdedb, 0xdedb, 0xdedb, 0xdedb, 0xdedb, 0xdedb, 0xdedb, 0xdedb, 0xdedb, 0xdedb, 0xdedb, 0xdedb, 0xdedb, 0xdedb,
			0xdedb, 0xdedb, 0xdedb, 0xdedb, 0xdedb, 0xdedb, 0xdedb, 0xdedb, 0xdedb, 0xdedb, 0xdedb, 0xdedb, 0xdedb, 0xdedb, 0xdedb, 0xdedb,
			0xdedb, 0xdedb, 0xdedb, 0xdedb, 0xdedb, 0xdedb, 0xdedb, 0xdedb, 0xdedb, 0xdedb, 0xdedb, 0xdedb, 0xdedb, 0xdedb, 0xdedb, 0xdedb,
			0xdedb, 0xdedb, 0xdedb, 0xdedb, 0xdedb, 0xdedb, 0xdedb, 0xdedb, 0xdedb, 0xdedb, 0xdedb, 0xdedb, 0xdedb, 0xdedb, 0xdedb, 0xdedb,
			0xdedb, 0xdedb, 0xdedb, 0xdedb, 0xdedb, 0xdedb, 0xdedb, 0xdedb, 0xc618, 0xdedb, 0xdedb, 0xdedb, 0xdedb, 0xdedb, 0xdedb, 0xdedb,
			0xdedb, 0xdedb, 0xdedb, 0xdedb, 0xdedb, 0xdedb, 0xdedb, 0xdedb, 0xdedb, 0xdedb, 0xdedb, 0xdedb, 0xdedb, 0xdedb, 0xdedb, 0xdedb,
			0xdedb, 0xdedb, 0xdedb, 0xdedb, 0xdedb, 0xdedb, 0xdedb, 0xdedb, 0xdedb, 0xdedb, 0xdedb, 0xdedb, 0xdedb, 0xdedb, 0xdedb, 0xdedb,
			0xdedb, 0xdedb, 0xdedb, 0xdedb, 0xdedb, 0xdedb, 0xdedb, 0xdedb, 0xdedb, 0xdedb, 0xdedb, 0xdedb, 0xdedb, 0xdedb, 0xdedb, 0xdedb,
			0xdedb, 0xdedb, 0xdedb, 0xdedb, 0xdedb, 0xdedb, 0xdedb, 0xdedb, 0xdedb, 0xdedb, 0xdedb, 0xdedb, 0xdedb, 0xdedb, 0xdedb, 0xdedb,
			0xdedb, 0xdedb, 0xdedb, 0xdedb, 0xdedb, 0xdedb, 0xdedb, 0xdedb, 0xdedb, 0xdedb, 0xdedb, 0xdedb, 0xdedb, 0xdedb, 0xdedb, 0xdedb,
			0xdedb, 0xdedb, 0xdedb, 0xdedb, 0xdedb, 0xdedb, 0xdedb, 0xdedb, 0xdedb, 0xdedb, 0xdedb, 0xdedb, 0xdedb, 0xdedb, 0xdedb, 0xdedb,
			0xdedb, 0xdedb, 0xdedb, 0xdedb, 0xdedb, 0xdedb, 0xdedb, 0xdedb, 0xdedb, 0xdedb, 0xdedb, 0xdedb, 0xdedb, 0xdedb, 0xdedb, 0xdedb,
			0xc618, 0xdedb, 0xdedb, 0xdedb, 0xdedb, 0xdedb, 0xdedb, 0xdedb, 0xdedb, 0xdedb, 0xdedb, 0xdedb, 0xdedb, 0xdedb, 0xdedb, 0xdedb,
			0xdedb, 0xdedb, 0xdedb, 0xdedb, 0xdedb, 0xdedb, 0xdedb, 0xdedb, 0xdedb, 0xdedb, 0xdedb, 0xdedb, 0xdedb, 0xdedb, 0xdedb, 0xdedb,
			0xdedb, 0xdedb, 0xdedb, 0xdedb, 0xdedb, 0xdedb, 0xdedb, 0xdedb, 0xdedb, 0xdedb, 0xdedb, 0xdedb, 0xdedb, 0xdedb, 0xdedb, 0xdedb,
			0xdedb, 0xdedb, 0xdedb, 0xdedb, 0xdedb, 0xdedb, 0xdedb, 0xdedb, 0xdedb, 0xdedb, 0xdedb, 0xdedb, 0xdedb, 0xdedb, 0xdedb, 0xdedb,
			0xdedb, 0xdedb, 0xdedb, 0xdedb, 0xdedb, 0xdedb, 0xdedb, 0xdedb, 0xdedb, 0xdedb, 0xdedb, 0xdedb, 0xdedb, 0xdedb, 0xdedb, 0xdedb,
			0xdedb, 0xdedb, 0xdedb, 0xdedb, 0xdedb, 0xdedb, 0xdedb, 0xdedb, 0xdedb, 0xdedb, 0xdedb, 0xdedb, 0xdedb, 0xdedb, 0xdedb, 0xdedb,
			0xdedb, 0xdedb, 0xdedb, 0xdedb, 0xdedb, 0xdedb, 0xdedb, 0xdedb, 0xdedb, 0xdedb, 0xdedb, 0xdedb, 0xdedb, 0xdedb, 0xdedb, 0xdedb,
			0xdedb, 0xdedb, 0xdedb, 0xdedb, 0xdedb, 0xdedb, 0xdedb, 0xdedb, 0xc618, 0xdedb, 0xdedb, 0xdedb, 0xdedb, 0xdedb, 0xdedb, 0xdedb,
			0xdedb, 0xdedb, 0xdedb, 0xdedb, 0xdedb, 0xdedb, 0xdedb, 0xdedb, 0xdedb, 0xdedb, 0xdedb, 0xdedb, 0xdedb, 0xdedb, 0xdedb, 0xdedb,
			0xdedb, 0xdedb, 0xdedb, 0xdedb, 0xdedb, 0xdedb, 0xdedb, 0xdedb, 0xdedb, 0xdedb, 0xdedb, 0xdedb, 0xdedb, 0xdedb, 0xdedb, 0xdedb,
			0xdedb, 0xdedb, 0xdedb, 0xdedb, 0xdedb, 0xdedb, 0xdedb, 0xdedb, 0xdedb, 0xdedb, 0xdedb, 0xdedb, 0xdedb, 0xdedb, 0xdedb, 0xdedb,
			0xdedb, 0xdedb, 0xdedb, 0xdedb, 0xdedb, 0xdedb, 0xdedb, 0xdedb, 0xdedb, 0xdedb, 0xdedb, 0xdedb, 0xdedb, 0xdedb, 0xdedb, 0xdedb,
			0xdedb, 0xdedb, 0xdedb, 0xdedb, 0xdedb, 0xdedb, 0xdedb, 0xdedb, 0xdedb, 0xdedb, 0xdedb, 0xdedb, 0xdedb, 0xdedb, 0xdedb, 0xdedb,
			0xdedb, 0xdedb, 0xdedb, 0xdedb, 0xdedb, 0xdedb, 0xdedb, 0xdedb, 0xdedb, 0xdedb, 0xdedb, 0xdedb, 0xdedb, 0xdedb, 0xdedb, 0xdedb,
			0xdedb, 0xdedb, 0xdedb, 0xdedb, 0xdedb, 0xdedb, 0xdedb, 0xdedb, 0xdedb, 0xdedb, 0xdedb, 0xdedb, 0xdedb, 0xdedb, 0xdedb, 0xdedb,
			0xc618, 0xdedb, 0xdedb, 0xdedb, 0xdedb, 0xdedb, 0xdedb, 0xdedb, 0xdedb, 0xdedb, 0xdedb, 0xdedb, 0xdedb, 0xdedb, 0xdedb, 0xdedb,
			0xdedb, 0xdedb, 0xdedb, 0xdedb, 0xdedb, 0xdedb, 0xdedb, 0xdedb, 0xdedb, 0xdedb, 0xdedb, 0xdedb, 0xdedb, 0xdedb, 0xdedb, 0xdedb,
			0xdedb, 0xdedb, 0xdedb, 0xdedb, 0xdedb, 0xdedb, 0xdedb, 0xdedb, 0xdedb, 0xdedb, 0xdedb, 0xdedb, 0xdedb, 0xdedb, 0xdedb, 0xdedb,
			0xdedb, 0xdedb, 0xdedb, 0xdedb, 0xdedb, 0xdedb, 0xdedb, 0xdedb, 0xdedb, 0xdedb, 0xdedb, 0xdedb, 0xdedb, 0xdedb, 0xdedb, 0xdedb,
			0xdedb, 0xdedb, 0xdedb, 0xdedb, 0xdedb, 0xdedb, 0xdedb, 0xdedb, 0xdedb, 0xdedb, 0xdedb, 0xdedb, 0xdedb, 0xdedb, 0xdedb, 0xdedb,
			0xdedb, 0xdedb, 0xdedb, 0xdedb, 0xdedb, 0xdedb, 0xdedb, 0xdedb, 0xdedb, 0xdedb, 0xdedb, 0xdedb, 0xdedb, 0xdedb, 0xdedb, 0xdedb,
			0xdedb, 0xdedb, 0xdedb, 0xdedb, 0xdedb, 0xdedb, 0xdedb, 0xdedb, 0xdedb, 0xdedb, 0xdedb, 0xdedb, 0xdedb, 0xdedb, 0xdedb, 0xdedb,
			0xdedb, 0xdedb, 0xdedb, 0xdedb, 0xdedb, 0xdedb, 0xdedb, 0xdedb, 0xc618, 0xdedb, 0xdedb, 0xdedb, 0xdedb, 0xdedb, 0xdedb, 0xdedb,
			0xdedb, 0xdedb, 0xdedb, 0xdedb, 0xdedb, 0xdedb, 0xdedb, 0xdedb, 0xdedb, 0xdedb, 0xdedb, 0xdedb, 0xdedb, 0xdedb, 0xdedb, 0xdedb,
			0xdedb, 0xdedb, 0xdedb, 0xdedb, 0xdedb, 0xdedb, 0xdedb, 0xdedb, 0xdedb, 0xdedb, 0xdedb, 0xdedb, 0xdedb, 0xdedb, 0xdedb, 0xdedb,
			0xdedb, 0xdedb, 0xdedb, 0xdedb, 0xdedb, 0xdedb, 0xdedb, 0xdedb, 0xdedb, 0xdedb, 0xdedb, 0xdedb, 0xdedb, 0xdedb, 0xdedb, 0xdedb,
			0xdedb, 0xdedb, 0xdedb, 0xdedb, 0xdedb, 0xdedb, 0xdedb, 0xdedb, 0xdedb, 0xdedb, 0xdedb, 0xdedb, 0xdedb, 0xdedb, 0xdedb, 0xdedb,
			0xdedb, 0xdedb, 0xdedb, 0xdedb, 0xdedb, 0xdedb, 0xdedb, 0xdedb, 0xdedb, 0xdedb, 0xdedb, 0xdedb, 0xdedb, 0xdedb, 0xdedb, 0xdedb,
			0xdedb, 0xdedb, 0xdedb, 0xdedb, 0xdedb, 0xdedb, 0xdedb, 0xdedb, 0xdedb, 0xdedb, 0xdedb, 0xdedb, 0xdedb, 0xdedb, 0xdedb, 0xdedb,
			0xdedb, 0xdedb, 0xdedb, 0xdedb, 0xdedb, 0xdedb, 0xdedb, 0xdedb, 0xdedb, 0xdedb, 0xdedb, 0xdedb, 0xdedb, 0xdedb, 0xdedb, 0xdedb,
			0xc618, 0xdedb, 0xdedb, 0xdedb, 0xdedb, 0xdedb, 0xdedb, 0xdedb, 0xdedb, 0xdedb, 0xdedb, 0xdedb, 0xdedb, 0xdedb, 0xdedb, 0xdedb,
			0xdedb, 0xdedb, 0xdedb, 0xdedb, 0xdedb, 0xdedb, 0xdedb, 0xdedb, 0xdedb, 0xdedb, 0xdedb, 0xdedb, 0xdedb, 0xdedb, 0xdedb, 0xdedb,
			0xdedb, 0xdedb, 0xdedb, 0xdedb, 0xdedb, 0xdedb, 0xdedb, 0xdedb, 0xdedb, 0xdedb, 0xdedb, 0xdedb, 0xdedb, 0xdedb, 0xdedb, 0xdedb,
			0xdedb, 0xdedb, 0xdedb, 0xdedb, 0xdedb, 0xdedb, 0xdedb, 0xdedb, 0xdedb, 0xdedb, 0xdedb, 0xdedb, 0xdedb, 0xdedb, 0xdedb, 0xdedb,
			0xdedb, 0xdedb, 0xdedb, 0xdedb, 0xdedb, 0xdedb, 0xdedb, 0xdedb, 0xdedb, 0xdedb, 0xdedb, 0xdedb, 0xdedb, 0xdedb, 0xdedb, 0xdedb,
			0xdedb, 0xdedb, 0xdedb, 0xdedb, 0xdedb, 0xdedb, 0xdedb, 0xdedb, 0xdedb, 0xdedb, 0xdedb, 0xdedb, 0xdedb, 0xdedb, 0xdedb, 0xdedb,
			0xdedb, 0xdedb, 0xdedb, 0xdedb, 0xdedb, 0xdedb, 0xdedb, 0xdedb, 0xdedb, 0xdedb, 0xdedb, 0xdedb, 0xdedb, 0xdedb, 0xdedb, 0xdedb,
			0xdedb, 0xdedb, 0xdedb, 0xdedb, 0xdedb, 0xdedb, 0xdedb, 0xdedb, 0xc618, 0xdedb, 0xdedb, 0xdedb, 0xdedb, 0xdedb, 0xdedb, 0xdedb,
			0xdedb, 0xdedb, 0xdedb, 0xdedb, 0xdedb, 0xdedb, 0xdedb, 0xdedb, 0xdedb, 0xdedb, 0xdedb, 0xdedb, 0xdedb, 0xdedb, 0xdedb, 0xdedb,
			0xdedb, 0xdedb, 0xdedb, 0xdedb, 0xdedb, 0xdedb, 0xdedb, 0xdedb, 0xdedb, 0xdedb, 0xdedb, 0xdedb, 0xdedb, 0xdedb, 0xdedb, 0xdedb,
			0xdedb, 0xdedb, 0xdedb, 0xdedb, 0xdedb, 0xdedb, 0xdedb, 0xdedb, 0xdedb, 0xdedb, 0xdedb, 0xdedb, 0xdedb, 0xdedb, 0xdedb, 0xdedb,
			0xdedb, 0xdedb, 0xdedb, 0xdedb, 0xdedb, 0xdedb, 0xdedb, 0xdedb, 0xdedb, 0xdedb, 0xdedb, 0xdedb, 0xdedb, 0xdedb, 0xdedb, 0xdedb,
			0xdedb, 0xdedb, 0xdedb, 0xdedb, 0xdedb, 0xdedb, 0xdedb, 0xdedb, 0xdedb, 0xdedb, 0xdedb, 0xdedb, 0xdedb, 0xdedb, 0xdedb, 0xdedb,
			0xdedb, 0xdedb, 0xdedb, 0xdedb, 0xdedb, 0xdedb, 0xdedb, 0xdedb, 0xdedb, 0xdedb, 0xdedb, 0xdedb, 0xdedb, 0xdedb, 0xdedb, 0xdedb,
			0xdedb, 0xdedb, 0xdedb, 0xdedb, 0xdedb, 0xdedb, 0xdedb, 0xdedb, 0xdedb, 0xdedb, 0xdedb, 0xdedb, 0xdedb, 0xdedb, 0xdedb, 0xdedb,
			0xc618, 0xdedb, 0xdedb, 0xdedb, 0xdedb, 0xdedb, 0xdedb, 0xdedb, 0xdedb, 0xdedb, 0xdedb, 0xdedb, 0xdedb, 0xdedb, 0xdedb, 0xdedb,
			0xdedb, 0xdedb, 0xdedb, 0xdedb, 0xdedb, 0xdedb, 0xdedb, 0xdedb, 0xdedb, 0xdedb, 0xdedb, 0xdedb, 0xdedb, 0xdedb, 0xdedb, 0xdedb,
			0xdedb, 0xdedb, 0xdedb, 0xdedb, 0xdedb, 0xdedb, 0xdedb, 0xdedb, 0xdedb, 0xdedb, 0xdedb, 0xdedb, 0xdedb, 0xdedb, 0xdedb, 0xdedb,
			0xdedb, 0xdedb, 0xdedb, 0xdedb, 0xdedb, 0xdedb, 0xdedb, 0xdedb, 0xdedb, 0xdedb, 0xdedb, 0xdedb, 0xdedb, 0xdedb, 0xdedb, 0xdedb,
			0xdedb, 0xdedb, 0xdedb, 0xdedb, 0xdedb, 0xdedb, 0xdedb, 0xdedb, 0xdedb, 0xdedb, 0xdedb, 0xdedb, 0xdedb, 0xdedb, 0xdedb, 0xdedb,
			0xdedb, 0xdedb, 0xdedb, 0xdedb, 0xdedb, 0xdedb, 0xdedb, 0xdedb, 0xdedb, 0xdedb, 0xdedb, 0xdedb, 0xdedb, 0xdedb, 0xdedb, 0xdedb,
			0xdedb, 0xdedb, 0xdedb, 0xdedb, 0xdedb, 0xdedb, 0xdedb, 0xdedb, 0xdedb, 0xdedb, 0xdedb, 0xdedb, 0xdedb, 0xdedb, 0xdedb, 0xdedb,
			0xdedb, 0xdedb, 0xdedb, 0xdedb, 0xdedb, 0xdedb, 0xdedb, 0xdedb, 0xc618, 0xdedb, 0xdedb, 0xdedb, 0xdedb, 0xdedb, 0xdedb, 0xdedb,
			0xdedb, 0xdedb, 0xdedb, 0xdedb, 0xdedb, 0xdedb, 0xdedb, 0xdedb, 0xdedb, 0xdedb, 0xdedb, 0xdedb, 0xdedb, 0xdedb, 0xdedb, 0xdedb,
			0xdedb, 0xdedb, 0xdedb, 0xdedb, 0xdedb, 0xdedb, 0xdedb, 0xdedb, 0xdedb, 0xdedb, 0xdedb, 0xdedb, 0xdedb, 0xdedb, 0xdedb, 0xdedb,
			0xdedb, 0xdedb, 0xdedb, 0xdedb, 0xdedb, 0xdedb, 0xdedb, 0xdedb, 0xdedb, 0xdedb, 0xdedb, 0xdedb, 0xdedb, 0xdedb, 0xdedb, 0xdedb,
			0xdedb, 0xdedb, 0xdedb, 0xdedb, 0xdedb, 0xdedb, 0xdedb, 0xdedb, 0xdedb, 0xdedb, 0xdedb, 0xdedb, 0xdedb, 0xdedb, 0xdedb, 0xdedb,
			0xdedb, 0xdedb, 0xdedb, 0xdedb, 0xdedb, 0xdedb, 0xdedb, 0xdedb, 0xdedb, 0xdedb, 0xdedb, 0xdedb, 0xdedb, 0xdedb, 0xdedb, 0xdedb,
			0xdedb, 0xdedb, 0xdedb, 0xdedb, 0xdedb, 0xdedb, 0xdedb, 0xdedb, 0xdedb, 0xdedb, 0xdedb, 0xdedb, 0xdedb, 0xdedb, 0xdedb, 0xdedb,
			0xdedb, 0xdedb, 0xdedb, 0xdedb, 0xdedb, 0xdedb, 0xdedb, 0xdedb, 0xdedb, 0xdedb, 0xdedb, 0xdedb, 0xdedb, 0xdedb, 0xdedb, 0xdedb,
			0xc618, 0xdedb, 0xdedb, 0xdedb, 0xdedb, 0xdedb, 0xdedb, 0xdedb, 0xdedb, 0xdedb, 0xdedb, 0xdedb, 0xdedb, 0xdedb, 0xdedb, 0xdedb,
			0xdedb, 0xdedb, 0xdedb, 0xdedb, 0xdedb, 0xdedb, 0xdedb, 0xdedb, 0xdedb, 0xdedb, 0xdedb, 0xdedb, 0xdedb, 0xdedb, 0xdedb, 0xdedb,
			0xdedb, 0xdedb, 0xdedb, 0xdedb, 0xdedb, 0xdedb, 0xdedb, 0xdedb, 0xdedb, 0xdedb, 0xdedb, 0xdedb, 0xdedb, 0xdedb, 0xdedb, 0xdedb,
			0xdedb, 0xdedb, 0xdedb, 0xdedb, 0xdedb, 0xdedb, 0xdedb, 0xdedb, 0xdedb, 0xdedb, 0xdedb, 0xdedb, 0xdedb, 0xdedb, 0xdedb, 0xdedb,
			0xdedb, 0xdedb, 0xdedb, 0xdedb, 0xdedb, 0xdedb, 0xdedb, 0xdedb, 0xdedb, 0xdedb, 0xdedb, 0xdedb, 0xdedb, 0xdedb, 0xdedb, 0xdedb,
			0xdedb, 0xdedb, 0xdedb, 0xdedb, 0xdedb, 0xdedb, 0xdedb, 0xdedb, 0xdedb, 0xdedb, 0xdedb, 0xdedb, 0xdedb, 0xdedb, 0xdedb, 0xdedb,
			0xdedb, 0xdedb, 0xdedb, 0xdedb, 0xdedb, 0xdedb, 0xdedb, 0xdedb, 0xdedb, 0xdedb, 0xdedb, 0xdedb, 0xdedb, 0xdedb, 0xdedb, 0xdedb,
			0xdedb, 0xdedb, 0xdedb, 0xdedb, 0xdedb, 0xdedb, 0xdedb, 0xdedb, 0xc618, 0xdedb, 0xdedb, 0xdedb, 0xdedb, 0xdedb, 0xdedb, 0xdedb,
			0xdedb, 0xdedb, 0xdedb, 0xdedb, 0xdedb, 0xdedb, 0xdedb, 0xdedb, 0xdedb, 0xdedb, 0xdedb, 0xdedb, 0xdedb, 0xdedb, 0xdedb, 0xdedb,
			0xdedb, 0xdedb, 0xdedb, 0xdedb, 0xdedb, 0xdedb, 0xdedb, 0xdedb, 0xdedb, 0xdedb, 0xdedb, 0xdedb, 0xdedb, 0xdedb, 0xdedb, 0xdedb,
			0xdedb, 0xdedb, 0xdedb, 0xdedb, 0xdedb, 0xdedb, 0xdedb, 0xdedb, 0xdedb, 0xdedb, 0xdedb, 0xdedb, 0xdedb, 0xdedb, 0xdedb, 0xdedb,
			0xdedb, 0xdedb, 0xdedb, 0xdedb, 0xdedb, 0xdedb, 0xdedb, 0xdedb, 0xdedb, 0xdedb, 0xdedb, 0xdedb, 0xdedb, 0xdedb, 0xdedb, 0xdedb,
			0xdedb, 0xdedb, 0xdedb, 0xdedb, 0xdedb, 0xdedb, 0xdedb, 0xdedb, 0xdedb, 0xdedb, 0xdedb, 0xdedb, 0xdedb, 0xdedb, 0xdedb, 0xdedb,
			0xdedb, 0xdedb, 0xdedb, 0xdedb, 0xdedb, 0xdedb, 0xdedb, 0xdedb, 0xdedb, 0xdedb, 0xdedb, 0xdedb, 0xdedb, 0xdedb, 0xdedb, 0xdedb,
			0xdedb, 0xdedb, 0xdedb, 0xdedb, 0xdedb, 0xdedb, 0xdedb, 0xdedb, 0xdedb, 0xdedb, 0xdedb, 0xdedb, 0xdedb, 0xdedb, 0xdedb, 0xdedb,
			0xc618, 0xdedb, 0xdedb, 0xdedb, 0xdedb, 0xdedb, 0xdedb, 0xdedb, 0xdedb, 0xdedb, 0xdedb, 0xdedb, 0xdedb, 0xdedb, 0xdedb, 0xdedb,
			0xdedb, 0xdedb, 0xdedb, 0xdedb, 0xdedb, 0xdedb, 0xdedb, 0xdedb, 0xdedb, 0xdedb, 0xdedb, 0xdedb, 0xdedb, 0xdedb, 0xdedb, 0xdedb,
			0xdedb, 0xdedb, 0xdedb, 0xdedb, 0xdedb, 0xdedb, 0xdedb, 0xdedb, 0xdedb, 0xdedb, 0xdedb, 0xdedb, 0xdedb, 0xdedb, 0xdedb, 0xdedb,
			0xdedb, 0xdedb, 0xdedb, 0xdedb, 0xdedb, 0xdedb, 0xdedb, 0xdedb, 0xdedb, 0xdedb, 0xdedb, 0xdedb, 0xdedb, 0xdedb, 0xdedb, 0xdedb,
			0xdedb, 0xdedb, 0xdedb, 0xdedb, 0xdedb, 0xdedb, 0xdedb, 0xdedb, 0xdedb, 0xdedb, 0xdedb, 0xdedb, 0xdedb, 0xdedb, 0xdedb, 0xdedb,
			0xdedb, 0xdedb, 0xdedb, 0xdedb, 0xdedb, 0xdedb, 0xdedb, 0xdedb, 0xdedb, 0xdedb, 0xdedb, 0xdedb, 0xdedb, 0xdedb, 0xdedb, 0xdedb,
			0xdedb, 0xdedb, 0xdedb, 0xdedb, 0xdedb, 0xdedb, 0xdedb, 0xdedb, 0xdedb, 0xdedb, 0xdedb, 0xdedb, 0xdedb, 0xdedb, 0xdedb, 0xdedb,
			0xdedb, 0xdedb, 0xdedb, 0xdedb, 0xdedb, 0xdedb, 0xdedb, 0xdedb, 0xc618, 0xdedb, 0xdedb, 0xdedb, 0xdedb, 0xdedb, 0xdedb, 0xdedb,
			0xdedb, 0xdedb, 0xdedb, 0xdedb, 0xdedb, 0xdedb, 0xdedb, 0xdedb, 0xdedb, 0xdedb, 0xdedb, 0xdedb, 0xdedb, 0xdedb, 0xdedb, 0xdedb,
			0xdedb, 0xdedb, 0xdedb, 0xdedb, 0xdedb, 0xdedb, 0xdedb, 0xdedb, 0xdedb, 0xdedb, 0xdedb, 0xdedb, 0xdedb, 0xdedb, 0xdedb, 0xdedb,
			0xdedb, 0xdedb, 0xdedb, 0xdedb, 0xdedb, 0xdedb, 0xdedb, 0xdedb, 0xdedb, 0xdedb, 0xdedb, 0xdedb, 0xdedb, 0xdedb, 0xdedb, 0xdedb,
			0xdedb, 0xdedb, 0xdedb, 0xdedb, 0xdedb, 0xdedb, 0xdedb, 0xdedb, 0xdedb, 0xdedb, 0xdedb, 0xdedb, 0xdedb, 0xdedb, 0xdedb, 0xdedb,
			0xdedb, 0xdedb, 0xdedb, 0xdedb, 0xdedb, 0xdedb, 0xdedb, 0xdedb, 0xdedb, 0xdedb, 0xdedb, 0xdedb, 0xdedb, 0xdedb, 0xdedb, 0xdedb,
			0xdedb, 0xdedb, 0xdedb, 0xdedb, 0xdedb, 0xdedb, 0xdedb, 0xdedb, 0xdedb, 0xdedb, 0xdedb, 0xdedb, 0xdedb, 0xdedb, 0xdedb, 0xdedb,
			0xdedb, 0xdedb, 0xdedb, 0xdedb, 0xdedb, 0xdedb, 0xdedb, 0xdedb, 0xdedb, 0xdedb, 0xdedb, 0xdedb, 0xdedb, 0xdedb, 0xdedb, 0xdedb,
			0xc618, 0xdedb, 0xdedb, 0xdedb, 0xdedb, 0xdedb, 0xdedb, 0xdedb, 0xdedb, 0xdedb, 0xdedb, 0xdedb, 0xdedb, 0xdedb, 0xdedb, 0xdedb,
			0xdedb, 0xdedb, 0xdedb, 0xdedb, 0xdedb, 0xdedb, 0xdedb, 0xdedb, 0xdedb, 0xdedb, 0xdedb, 0xdedb, 0xdedb, 0xdedb, 0xdedb, 0xdedb,
			0xdedb, 0xdedb, 0xdedb, 0xdedb, 0xdedb, 0xdedb, 0xdedb, 0xdedb, 0xdedb, 0xdedb, 0xdedb, 0xdedb, 0xdedb, 0xdedb, 0xdedb, 0xdedb,
			0xdedb, 0xdedb, 0xdedb, 0xdedb, 0xdedb, 0xdedb, 0xdedb, 0xdedb, 0xdedb, 0xdedb, 0xdedb, 0xdedb, 0xdedb, 0xdedb, 0xdedb, 0xdedb,
			0xdedb, 0xdedb, 0xdedb, 0xdedb, 0xdedb, 0xdedb, 0xdedb, 0xdedb, 0xdedb, 0xdedb, 0xdedb, 0xdedb, 0xdedb, 0xdedb, 0xdedb, 0xdedb,
			0xdedb, 0xdedb, 0xdedb, 0xdedb, 0xdedb, 0xdedb, 0xdedb, 0xdedb, 0xdedb, 0xdedb, 0xdedb, 0xdedb, 0xdedb, 0xdedb, 0xdedb, 0xdedb,
			0xdedb, 0xdedb, 0xdedb, 0xdedb, 0xdedb, 0xdedb, 0xdedb, 0xdedb, 0xdedb, 0xdedb, 0xdedb, 0xdedb, 0xdedb, 0xdedb, 0xdedb, 0xdedb,
			0xdedb, 0xdedb, 0xdedb, 0xdedb, 0xdedb, 0xdedb, 0xdedb, 0xdedb, 0xc618, 0xdedb, 0xdedb, 0xdedb, 0xdedb, 0xdedb, 0xdedb, 0xdedb,
			0xdedb, 0xdedb, 0xdedb, 0xdedb, 0xdedb, 0xdedb, 0xdedb, 0xdedb, 0xdedb, 0xdedb, 0xdedb, 0xdedb, 0xdedb, 0xdedb, 0xdedb, 0xdedb,
			0xdedb, 0xdedb, 0xdedb, 0xdedb, 0xdedb, 0xdedb, 0xdedb, 0xdedb, 0xdedb, 0xdedb, 0xdedb, 0xdedb, 0xdedb, 0xdedb, 0xdedb, 0xdedb,
			0xdedb, 0xdedb, 0xdedb, 0xdedb, 0xdedb, 0xdedb, 0xdedb, 0xdedb, 0xdedb, 0xdedb, 0xdedb, 0xdedb, 0xdedb, 0xdedb, 0xdedb, 0xdedb,
			0xdedb, 0xdedb, 0xdedb, 0xdedb, 0xdedb, 0xdedb, 0xdedb, 0xdedb, 0xdedb, 0xdedb, 0xdedb, 0xdedb, 0xdedb, 0xdedb, 0xdedb, 0xdedb,
			0xdedb, 0xdedb, 0xdedb, 0xdedb, 0xdedb, 0xdedb, 0xdedb, 0xdedb, 0xdedb, 0xdedb, 0xdedb, 0xdedb, 0xdedb, 0xdedb, 0xdedb, 0xdedb,
			0xdedb, 0xdedb, 0xdedb, 0xdedb, 0xdedb, 0xdedb, 0xdedb, 0xdedb, 0xdedb, 0xdedb, 0xdedb, 0xdedb, 0xdedb, 0xdedb, 0xdedb, 0xdedb,
			0xdedb, 0xdedb, 0xdedb, 0xdedb, 0xdedb, 0xdedb, 0xdedb, 0xdedb, 0xdedb, 0xdedb, 0xdedb, 0xdedb, 0xdedb, 0xdedb, 0xdedb, 0xdedb,
			0xc618, 0xdedb, 0xdedb, 0xdedb, 0xdedb, 0xdedb, 0xdedb, 0xdedb, 0xdedb, 0xdedb, 0xdedb, 0xdedb, 0xdedb, 0xdedb, 0xdedb, 0xdedb,
			0xdedb, 0xdedb, 0xdedb, 0xdedb, 0xdedb, 0xdedb, 0xdedb, 0xdedb, 0xdedb, 0xdedb, 0xdedb, 0xdedb, 0xdedb, 0xdedb, 0xdedb, 0xdedb,
			0xdedb, 0xdedb, 0xdedb, 0xdedb, 0xdedb, 0xdedb, 0xdedb, 0xdedb, 0xdedb, 0xdedb, 0xdedb, 0xdedb, 0xdedb, 0xdedb, 0xdedb, 0xdedb,
			0xdedb, 0xdedb, 0xdedb, 0xdedb, 0xdedb, 0xdedb, 0xdedb, 0xdedb, 0xdedb, 0xdedb, 0xdedb, 0xdedb, 0xdedb, 0xdedb, 0xdedb, 0xdedb,
			0xdedb, 0xdedb, 0xdedb, 0xdedb, 0xdedb, 0xdedb, 0xdedb, 0xdedb, 0xdedb, 0xdedb, 0xdedb, 0xdedb, 0xdedb, 0xdedb, 0xdedb, 0xdedb,
			0xdedb, 0xdedb, 0xdedb, 0xdedb, 0xdedb, 0xdedb, 0xdedb, 0xdedb, 0xdedb, 0xdedb, 0xdedb, 0xdedb, 0xdedb, 0xdedb, 0xdedb, 0xdedb,
			0xdedb, 0xdedb, 0xdedb, 0xdedb, 0xdedb, 0xdedb, 0xdedb, 0xdedb, 0xdedb, 0xdedb, 0xdedb, 0xdedb, 0xdedb, 0xdedb, 0xdedb, 0xdedb,
			0xdedb, 0xdedb, 0xdedb, 0xdedb, 0xdedb, 0xdedb, 0xdedb, 0xdedb, 0xc618, 0xdedb, 0xdedb, 0xdedb, 0xdedb, 0xdedb, 0xdedb, 0xdedb,
			0xdedb, 0xdedb, 0xdedb, 0xdedb, 0xdedb, 0xdedb, 0xdedb, 0xdedb, 0xdedb, 0xdedb, 0xdedb, 0xdedb, 0xdedb, 0xdedb, 0xdedb, 0xdedb,
			0xdedb, 0xdedb, 0xdedb, 0xdedb, 0xdedb, 0xdedb, 0xdedb, 0xdedb, 0xdedb, 0xdedb, 0xdedb, 0xdedb, 0xdedb, 0xdedb, 0xdedb, 0xdedb,
			0xdedb, 0xdedb, 0xdedb, 0xdedb, 0xdedb, 0xdedb, 0xdedb, 0xdedb, 0xdedb, 0xdedb, 0xdedb, 0xdedb, 0xdedb, 0xdedb, 0xdedb, 0xdedb,
			0xdedb, 0xdedb, 0xdedb, 0xdedb, 0xdedb, 0xdedb, 0xdedb, 0xdedb, 0xdedb, 0xdedb, 0xdedb, 0xdedb, 0xdedb, 0xdedb, 0xdedb, 0xdedb,
			0xdedb, 0xdedb, 0xdedb, 0xdedb, 0xdedb, 0xdedb, 0xdedb, 0xdedb, 0xdedb, 0xdedb, 0xdedb, 0xdedb, 0xdedb, 0xdedb, 0xdedb, 0xdedb,
			0xdedb, 0xdedb, 0xdedb, 0xdedb, 0xdedb, 0xdedb, 0xdedb, 0xdedb, 0xdedb, 0xdedb, 0xdedb, 0xdedb, 0xdedb, 0xdedb, 0xdedb, 0xdedb,
			0xdedb, 0xdedb, 0xdedb, 0xdedb, 0xdedb, 0xdedb, 0xdedb, 0xdedb, 0xdedb, 0xdedb, 0xdedb, 0xdedb, 0xdedb, 0xdedb, 0xdedb, 0xdedb,
			0xc618, 0xdedb, 0xdedb, 0xdedb, 0xdedb, 0xdedb, 0xdedb, 0xdedb, 0xdedb, 0xdedb, 0xdedb, 0xdedb, 0xdedb, 0xdedb, 0xdedb, 0xdedb,
			0xdedb, 0xdedb, 0xdedb, 0xdedb, 0xdedb, 0xdedb, 0xdedb, 0xdedb, 0xdedb, 0xdedb, 0xdedb, 0xdedb, 0xdedb, 0xdedb, 0xdedb, 0xdedb,
			0xdedb, 0xdedb, 0xdedb, 0xdedb, 0xdedb, 0xdedb, 0xdedb, 0xdedb, 0xdedb, 0xdedb, 0xdedb, 0xdedb, 0xdedb, 0xdedb, 0xdedb, 0xdedb,
			0xdedb, 0xdedb, 0xdedb, 0xdedb, 0xdedb, 0xdedb, 0xdedb, 0xdedb, 0xdedb, 0xdedb, 0xdedb, 0xdedb, 0xdedb, 0xdedb, 0xdedb, 0xdedb,
			0xdedb, 0xdedb, 0xdedb, 0xdedb, 0xdedb, 0xdedb, 0xdedb, 0xdedb, 0xdedb, 0xdedb, 0xdedb, 0xdedb, 0xdedb, 0xdedb, 0xdedb, 0xdedb,
			0xdedb, 0xdedb, 0xdedb, 0xdedb, 0xdedb, 0xdedb, 0xdedb, 0xdedb, 0xdedb, 0xdedb, 0xdedb, 0xdedb, 0xdedb, 0xdedb, 0xdedb, 0xdedb,
			0xdedb, 0xdedb, 0xdedb, 0xdedb, 0xdedb, 0xdedb, 0xdedb, 0xdedb, 0xdedb, 0xdedb, 0xdedb, 0xdedb, 0xdedb, 0xdedb, 0xdedb, 0xdedb,
			0xdedb, 0xdedb, 0xdedb, 0xdedb, 0xdedb, 0xdedb, 0xdedb, 0xdedb, 0xc618, 0xdedb, 0xdedb, 0xdedb, 0xdedb, 0xdedb, 0xdedb, 0xdedb,
			0xdedb, 0xdedb, 0xdedb, 0xdedb, 0xdedb, 0xdedb, 0xdedb, 0xdedb, 0xdedb, 0xdedb, 0xdedb, 0xdedb, 0xdedb, 0xdedb, 0xdedb, 0xdedb,
			0xdedb, 0xdedb, 0xdedb, 0xdedb, 0xdedb, 0xdedb, 0xdedb, 0xdedb, 0xdedb, 0xdedb, 0xdedb, 0xdedb, 0xdedb, 0xdedb, 0xdedb, 0xdedb,
			0xdedb, 0xdedb, 0xdedb, 0xdedb, 0xdedb, 0xdedb, 0xdedb, 0xdedb, 0xdedb, 0xdedb, 0xdedb, 0xdedb, 0xdedb, 0xdedb, 0xdedb, 0xdedb,
			0xdedb, 0xdedb, 0xdedb, 0xdedb, 0xdedb, 0xdedb, 0xdedb, 0xdedb, 0xdedb, 0xdedb, 0xdedb, 0xdedb, 0xdedb, 0xdedb, 0xdedb, 0xdedb,
			0xdedb, 0xdedb, 0xdedb, 0xdedb, 0xdedb, 0xdedb, 0xdedb, 0xdedb, 0xdedb, 0xdedb, 0xdedb, 0xdedb, 0xdedb, 0xdedb, 0xdedb, 0xdedb,
			0xdedb, 0xdedb, 0xdedb, 0xdedb, 0xdedb, 0xdedb, 0xdedb, 0xdedb, 0xdedb, 0xdedb, 0xdedb, 0xdedb, 0xdedb, 0xdedb, 0xdedb, 0xdedb,
			0xdedb, 0xdedb, 0xdedb, 0xdedb, 0xdedb, 0xdedb, 0xdedb, 0xdedb, 0xdedb, 0xdedb, 0xdedb, 0xdedb, 0xdedb, 0xdedb, 0xdedb, 0xdedb,
			0xc618, 0xdedb, 0xdedb, 0xdedb, 0xdedb, 0xdedb, 0xdedb, 0xdedb, 0xdedb, 0xdedb, 0xdedb, 0xdedb, 0xdedb, 0xdedb, 0xdedb, 0xdedb,
			0xdedb, 0xdedb, 0xdedb, 0xdedb, 0xdedb, 0xdedb, 0xdedb, 0xdedb, 0xdedb, 0xdedb, 0xdedb, 0xdedb, 0xdedb, 0xdedb, 0xdedb, 0xdedb,
			0xdedb, 0xdedb, 0xdedb, 0xdedb, 0xdedb, 0xdedb, 0xdedb, 0xdedb, 0xdedb, 0xdedb, 0xdedb, 0xdedb, 0xdedb, 0xdedb, 0xdedb, 0xdedb,
			0xdedb, 0xdedb, 0xdedb, 0xdedb, 0xdedb, 0xdedb, 0xdedb, 0xdedb, 0xdedb, 0xdedb, 0xdedb, 0xdedb, 0xdedb, 0xdedb, 0xdedb, 0xdedb,
			0xdedb, 0xdedb, 0xdedb, 0xdedb, 0xdedb, 0xdedb, 0xdedb, 0xdedb, 0xdedb, 0xdedb, 0xdedb, 0xdedb, 0xdedb, 0xdedb, 0xdedb, 0xdedb,
			0xdedb, 0xdedb, 0xdedb, 0xdedb, 0xdedb, 0xdedb, 0xdedb, 0xdedb, 0xdedb, 0xdedb, 0xdedb, 0xdedb, 0xdedb, 0xdedb, 0xdedb, 0xdedb,
			0xdedb, 0xdedb, 0xdedb, 0xdedb, 0xdedb, 0xdedb, 0xdedb, 0xdedb, 0xdedb, 0xdedb, 0xdedb, 0xdedb, 0xdedb, 0xdedb, 0xdedb, 0xdedb,
			0xdedb, 0xdedb, 0xdedb, 0xdedb, 0xdedb, 0xdedb, 0xdedb, 0xdedb, 0xc618, 0xdedb, 0xdedb, 0xdedb, 0xdedb, 0xdedb, 0xdedb, 0xdedb,
			0xdedb, 0xdedb, 0xdedb, 0xdedb, 0xdedb, 0xdedb, 0xdedb, 0xdedb, 0xdedb, 0xdedb, 0xdedb, 0xdedb, 0xdedb, 0xdedb, 0xdedb, 0xdedb,
			0xdedb, 0xdedb, 0xdedb, 0xdedb, 0xdedb, 0xdedb, 0xdedb, 0xdedb, 0xdedb, 0xdedb, 0xdedb, 0xdedb, 0xdedb, 0xdedb, 0xdedb, 0xdedb,
			0xdedb, 0xdedb, 0xdedb, 0xdedb, 0xdedb, 0xdedb, 0xdedb, 0xdedb, 0xdedb, 0xdedb, 0xdedb, 0xdedb, 0xdedb, 0xdedb, 0xdedb, 0xdedb,
			0xdedb, 0xdedb, 0xdedb, 0xdedb, 0xdedb, 0xdedb, 0xdedb, 0xdedb, 0xdedb, 0xdedb, 0xdedb, 0xdedb, 0xdedb, 0xdedb, 0xdedb, 0xdedb,
			0xdedb, 0xdedb, 0xdedb, 0xdedb, 0xdedb, 0xdedb, 0xdedb, 0xdedb, 0xdedb, 0xdedb, 0xdedb, 0xdedb, 0xdedb, 0xdedb, 0xdedb, 0xdedb,
			0xdedb, 0xdedb, 0xdedb, 0xdedb, 0xdedb, 0xdedb, 0xdedb, 0xdedb, 0xdedb, 0xdedb, 0xdedb, 0xdedb, 0xdedb, 0xdedb, 0xdedb, 0xdedb,
			0xdedb, 0xdedb, 0xdedb, 0xdedb, 0xdedb, 0xdedb, 0xdedb, 0xdedb, 0xdedb, 0xdedb, 0xdedb, 0xdedb, 0xdedb, 0xdedb, 0xdedb, 0xdedb,
			0xc618, 0xdedb, 0xdedb, 0xdedb, 0xdedb, 0xdedb, 0xdedb, 0xdedb, 0xdedb, 0xdedb, 0xdedb, 0xdedb, 0xdedb, 0xdedb, 0xdedb, 0xdedb,
			0xdedb, 0xdedb, 0xdedb, 0xdedb, 0xdedb, 0xdedb, 0xdedb, 0xdedb, 0xdedb, 0xdedb, 0xdedb, 0xdedb, 0xdedb, 0xdedb, 0xdedb, 0xdedb,
			0xdedb, 0xdedb, 0xdedb, 0xdedb, 0xdedb, 0xdedb, 0xdedb, 0xdedb, 0xdedb, 0xdedb, 0xdedb, 0xdedb, 0xdedb, 0xdedb, 0xdedb, 0xdedb,
			0xdedb, 0xdedb, 0xdedb, 0xdedb, 0xdedb, 0xdedb, 0xdedb, 0xdedb, 0xdedb, 0xdedb, 0xdedb, 0xdedb, 0xdedb, 0xdedb, 0xdedb, 0xdedb,
			0xdedb, 0xdedb, 0xdedb, 0xdedb, 0xdedb, 0xdedb, 0xdedb, 0xdedb, 0xdedb, 0xdedb, 0xdedb, 0xdedb, 0xdedb, 0xdedb, 0xdedb, 0xdedb,
			0xdedb, 0xdedb, 0xdedb, 0xdedb, 0xdedb, 0xdedb, 0xdedb, 0xdedb, 0xdedb, 0xdedb, 0xdedb, 0xdedb, 0xdedb, 0xdedb, 0xdedb, 0xdedb,
			0xdedb, 0xdedb, 0xdedb, 0xdedb, 0xdedb, 0xdedb, 0xdedb, 0xdedb, 0xdedb, 0xdedb, 0xdedb, 0xdedb, 0xdedb, 0xdedb, 0xdedb, 0xdedb,
			0xdedb, 0xdedb, 0xdedb, 0xdedb, 0xdedb, 0xdedb, 0xdedb, 0xdedb, 0xc618, 0xdedb, 0xdedb, 0xdedb, 0xdedb, 0xdedb, 0xdedb, 0xdedb,
			0xdedb, 0xdedb, 0xdedb, 0xdedb, 0xdedb, 0xdedb, 0xdedb, 0xdedb, 0xdedb, 0xdedb, 0xdedb, 0xdedb, 0xdedb, 0xdedb, 0xdedb, 0xdedb,
			0xdedb, 0xdedb, 0xdedb, 0xdedb, 0xdedb, 0xdedb, 0xdedb, 0xdedb, 0xdedb, 0xdedb, 0xdedb, 0xdedb, 0xdedb, 0xdedb, 0xdedb, 0xdedb,
			0xdedb, 0xdedb, 0xdedb, 0xdedb, 0xdedb, 0xdedb, 0xdedb, 0xdedb, 0xdedb, 0xdedb, 0xdedb, 0xdedb, 0xdedb, 0xdedb, 0xdedb, 0xdedb,
			0xdedb, 0xdedb, 0xdedb, 0xdedb, 0xdedb, 0xdedb, 0xdedb, 0xdedb, 0xdedb, 0xdedb, 0xdedb, 0xdedb, 0xdedb, 0xdedb, 0xdedb, 0xdedb,
			0xdedb, 0xdedb, 0xdedb, 0xdedb, 0xdedb, 0xdedb, 0xdedb, 0xdedb, 0xdedb, 0xdedb, 0xdedb, 0xdedb, 0xdedb, 0xdedb, 0xdedb, 0xdedb,
			0xdedb, 0xdedb, 0xdedb, 0xdedb, 0xdedb, 0xdedb, 0xdedb, 0xdedb, 0xdedb, 0xdedb, 0xdedb, 0xdedb, 0xdedb, 0xdedb, 0xdedb, 0xdedb,
			0xdedb, 0xdedb, 0xdedb, 0xdedb, 0xdedb, 0xdedb, 0xdedb, 0xdedb, 0xdedb, 0xdedb, 0xdedb, 0xdedb, 0xdedb, 0xdedb, 0xdedb, 0xdedb,
			0xc618, 0xdedb, 0xdedb, 0xdedb, 0xdedb, 0xdedb, 0xdedb, 0xdedb, 0xdedb, 0xdedb, 0xdedb, 0xdedb, 0xdedb, 0xdedb, 0xdedb, 0xdedb,
			0xdedb, 0xdedb, 0xdedb, 0xdedb, 0xdedb, 0xdedb, 0xdedb, 0xdedb, 0xdedb, 0xdedb, 0xdedb, 0xdedb, 0xdedb, 0xdedb, 0xdedb, 0xdedb,
			0xdedb, 0xdedb, 0xdedb, 0xdedb, 0xdedb, 0xdedb, 0xdedb, 0xdedb, 0xdedb, 0xdedb, 0xdedb, 0xdedb, 0xdedb, 0xdedb, 0xdedb, 0xdedb,
			0xdedb, 0xdedb, 0xdedb, 0xdedb, 0xdedb, 0xdedb, 0xdedb, 0xdedb, 0xdedb, 0xdedb, 0xdedb, 0xdedb, 0xdedb, 0xdedb, 0xdedb, 0xdedb,
			0xdedb, 0xdedb, 0xdedb, 0xdedb, 0xdedb, 0xdedb, 0xdedb, 0xdedb, 0xdedb, 0xdedb, 0xdedb, 0xdedb, 0xdedb, 0xdedb, 0xdedb, 0xdedb,
			0xdedb, 0xdedb, 0xdedb, 0xdedb, 0xdedb, 0xdedb, 0xdedb, 0xdedb, 0xdedb, 0xdedb, 0xdedb, 0xdedb, 0xdedb, 0xdedb, 0xdedb, 0xdedb,
			0xdedb, 0xdedb, 0xdedb, 0xdedb, 0xdedb, 0xdedb, 0xdedb, 0xdedb, 0xdedb, 0xdedb, 0xdedb, 0xdedb, 0xdedb, 0xdedb, 0xdedb, 0xdedb,
			0xdedb, 0xdedb, 0xdedb, 0xdedb, 0xdedb, 0xdedb, 0xdedb, 0xdedb, 0xc618, 0xdedb, 0xdedb, 0xdedb, 0xdedb, 0xdedb, 0xdedb, 0xdedb,
			0xdedb, 0xdedb, 0xdedb, 0xdedb, 0xdedb, 0xdedb, 0xdedb, 0xdedb, 0xdedb, 0xdedb, 0xdedb, 0xdedb, 0xdedb, 0xdedb, 0xdedb, 0xdedb,
			0xdedb, 0xdedb, 0xdedb, 0xdedb, 0xdedb, 0xdedb, 0xdedb, 0xdedb, 0xdedb, 0xdedb, 0xdedb, 0xdedb, 0xdedb, 0xdedb, 0xdedb, 0xdedb,
			0xdedb, 0xdedb, 0xdedb, 0xdedb, 0xdedb, 0xdedb, 0xdedb, 0xdedb, 0xdedb, 0xdedb, 0xdedb, 0xdedb, 0xdedb, 0xdedb, 0xdedb, 0xdedb,
			0xdedb, 0xdedb, 0xdedb, 0xdedb, 0xdedb, 0xdedb, 0xdedb, 0xdedb, 0xdedb, 0xdedb, 0xdedb, 0xdedb, 0xdedb, 0xdedb, 0xdedb, 0xdedb,
			0xdedb, 0xdedb, 0xdedb, 0xdedb, 0xdedb, 0xdedb, 0xdedb, 0xdedb, 0xdedb, 0xdedb, 0xdedb, 0xdedb, 0xdedb, 0xdedb, 0xdedb, 0xdedb,
			0xdedb, 0xdedb, 0xdedb, 0xdedb, 0xdedb, 0xdedb, 0xdedb, 0xdedb, 0xdedb, 0xdedb, 0xdedb, 0xdedb, 0xdedb, 0xdedb, 0xdedb, 0xdedb,
			0xdedb, 0xdedb, 0xdedb, 0xdedb, 0xdedb, 0xdedb, 0xdedb, 0xdedb, 0xdedb, 0xdedb, 0xdedb, 0xdedb, 0xdedb, 0xdedb, 0xdedb, 0xdedb,
			0xc618, 0xdedb, 0xdedb, 0xdedb, 0xdedb, 0xdedb, 0xdedb, 0xdedb, 0xdedb, 0xdedb, 0xdedb, 0xdedb, 0xdedb, 0xdedb, 0xdedb, 0xdedb,
			0xdedb, 0xdedb, 0xdedb, 0xdedb, 0xdedb, 0xdedb, 0xdedb, 0xdedb, 0xdedb, 0xdedb, 0xdedb, 0xdedb, 0xdedb, 0xdedb, 0xdedb, 0xdedb,
			0xdedb, 0xdedb, 0xdedb, 0xdedb, 0xdedb, 0xdedb, 0xdedb, 0xdedb, 0xdedb, 0xdedb, 0xdedb, 0xdedb, 0xdedb, 0xdedb, 0xdedb, 0xdedb,
			0xdedb, 0xdedb, 0xdedb, 0xdedb, 0xdedb, 0xdedb, 0xdedb, 0xdedb, 0xdedb, 0xdedb, 0xdedb, 0xdedb, 0xdedb, 0xdedb, 0xdedb, 0xdedb,
			0xdedb, 0xdedb, 0xdedb, 0xdedb, 0xdedb, 0xdedb, 0xdedb, 0xdedb, 0xdedb, 0xdedb, 0xdedb, 0xdedb, 0xdedb, 0xdedb, 0xdedb, 0xdedb,
			0xdedb, 0xdedb, 0xdedb, 0xdedb, 0xdedb, 0xdedb, 0xdedb, 0xdedb, 0xdedb, 0xdedb, 0xdedb, 0xdedb, 0xdedb, 0xdedb, 0xdedb, 0xdedb,
			0xdedb, 0xdedb, 0xdedb, 0xdedb, 0xdedb, 0xdedb, 0xdedb, 0xdedb, 0xdedb, 0xdedb, 0xdedb, 0xdedb, 0xdedb, 0xdedb, 0xdedb, 0xdedb,
			0xdedb, 0xdedb, 0xdedb, 0xdedb, 0xdedb, 0xdedb, 0xdedb, 0xdedb, 0xc618, 0xdedb, 0xdedb, 0xdedb, 0xdedb, 0xdedb, 0xdedb, 0xdedb,
			0xdedb, 0xdedb, 0xdedb, 0xdedb, 0xdedb, 0xdedb, 0xdedb, 0xdedb, 0xdedb, 0xdedb, 0xdedb, 0xdedb, 0xdedb, 0xdedb, 0xdedb, 0xdedb,
			0xdedb, 0xdedb, 0xdedb, 0xdedb, 0xdedb, 0xdedb, 0xdedb, 0xdedb, 0xdedb, 0xdedb, 0xdedb, 0xdedb, 0xdedb, 0xdedb, 0xdedb, 0xdedb,
			0xdedb, 0xdedb, 0xdedb, 0xdedb, 0xdedb, 0xdedb, 0xdedb, 0xdedb, 0xdedb, 0xdedb, 0xdedb, 0xdedb, 0xdedb, 0xdedb, 0xdedb, 0xdedb,
			0xdedb, 0xdedb, 0xdedb, 0xdedb, 0xdedb, 0xdedb, 0xdedb, 0xdedb, 0xdedb, 0xdedb, 0xdedb, 0xdedb, 0xdedb, 0xdedb, 0xdedb, 0xdedb,
			0xdedb, 0xdedb, 0xdedb, 0xdedb, 0xdedb, 0xdedb, 0xdedb, 0xdedb, 0xdedb, 0xdedb, 0xdedb, 0xdedb, 0xdedb, 0xdedb, 0xdedb, 0xdedb,
			0xdedb, 0xdedb, 0xdedb, 0xdedb, 0xdedb, 0xdedb, 0xdedb, 0xdedb, 0xdedb, 0xdedb, 0xdedb, 0xdedb, 0xdedb, 0xdedb, 0xdedb, 0xdedb,
			0xdedb, 0xdedb, 0xdedb, 0xdedb, 0xdedb, 0xdedb, 0xdedb, 0xdedb, 0xdedb, 0xdedb, 0xdedb, 0xdedb, 0xdedb, 0xdedb, 0xdedb, 0xdedb,
			0xc618, 0xdedb, 0xdedb, 0xdedb, 0xdedb, 0xdedb, 0xdedb, 0xdedb, 0xdedb, 0xdedb, 0xdedb, 0xdedb, 0xdedb, 0xdedb, 0xdedb, 0xdedb,
			0xdedb, 0xdedb, 0xdedb, 0xdedb, 0xdedb, 0xdedb, 0xdedb, 0xdedb, 0xdedb, 0xdedb, 0xdedb, 0xdedb, 0xdedb, 0xdedb, 0xdedb, 0xdedb,
			0xdedb, 0xdedb, 0xdedb, 0xdedb, 0xdedb, 0xdedb, 0xdedb, 0xdedb, 0xdedb, 0xdedb, 0xdedb, 0xdedb, 0xdedb, 0xdedb, 0xdedb, 0xdedb,
			0xdedb, 0xdedb, 0xdedb, 0xdedb, 0xdedb, 0xdedb, 0xdedb, 0xdedb, 0xdedb, 0xdedb, 0xdedb, 0xdedb, 0xdedb, 0xdedb, 0xdedb, 0xdedb,
			0xdedb, 0xdedb, 0xdedb, 0xdedb, 0xdedb, 0xdedb, 0xdedb, 0xdedb, 0xdedb, 0xdedb, 0xdedb, 0xdedb, 0xdedb, 0xdedb, 0xdedb, 0xdedb,
			0xdedb, 0xdedb, 0xdedb, 0xdedb, 0xdedb, 0xdedb, 0xdedb, 0xdedb, 0xdedb, 0xdedb, 0xdedb, 0xdedb, 0xdedb, 0xdedb, 0xdedb, 0xdedb,
			0xdedb, 0xdedb, 0xdedb, 0xdedb, 0xdedb, 0xdedb, 0xdedb, 0xdedb, 0xdedb, 0xdedb, 0xdedb, 0xdedb, 0xdedb, 0xdedb, 0xdedb, 0xdedb,
			0xdedb, 0xdedb, 0xdedb, 0xdedb, 0xdedb, 0xdedb, 0xdedb, 0xdedb, 0xc618, 0xdedb, 0xdedb, 0xdedb, 0xdedb, 0xdedb, 0xdedb, 0xdedb,
			0xdedb, 0xdedb, 0xdedb, 0xdedb, 0xdedb, 0xdedb, 0xdedb, 0xdedb, 0xdedb, 0xdedb, 0xdedb, 0xdedb, 0xdedb, 0xdedb, 0xdedb, 0xdedb,
			0xdedb, 0xdedb, 0xbdd7, 0x4228, 0x4228, 0x8c51, 0xdedb, 0xdedb, 0xdedb, 0xdedb, 0xdedb, 0xdedb, 0xdedb, 0xdedb, 0xd6ba, 0x5acb,
			0x4228, 0x5aeb, 0xdedb, 0xdedb, 0xdedb, 0xdedb, 0xdedb, 0xdedb, 0xdedb, 0xdedb, 0xdedb, 0xdedb, 0xdedb, 0xdedb, 0xdedb, 0xdedb,
			0xdedb, 0xdedb, 0xdedb, 0xdedb, 0xdedb, 0xdedb, 0xdedb, 0xdedb, 0xdedb, 0xdedb, 0xdedb, 0xdedb, 0xdedb, 0xdedb, 0xdedb, 0xdedb,
			0xdedb, 0xdedb, 0xdedb, 0xdedb, 0xdedb, 0xdedb, 0xdedb, 0xdedb, 0xdedb, 0xdedb, 0xdedb, 0xdedb, 0xdedb, 0xdedb, 0xdedb, 0xdedb,
			0xdedb, 0xdedb, 0xdedb, 0xdedb, 0xdedb, 0xdedb, 0xdedb, 0xdedb, 0xdedb, 0xdedb, 0xdedb, 0xdedb, 0xdedb, 0xdedb, 0xdedb, 0xdedb,
			0xdedb, 0xdedb, 0xdedb, 0xdedb, 0xdedb, 0xdedb, 0xdedb, 0xdedb, 0xdedb, 0xdedb, 0xdedb, 0xdedb, 0xdedb, 0xdedb, 0xdedb, 0xdedb,
			0xc618, 0xdedb, 0xdedb, 0xdedb, 0xdedb, 0xdedb, 0xdedb, 0xdedb, 0xdedb, 0xdedb, 0xdedb, 0xdedb, 0xdedb, 0xdedb, 0xdedb, 0xdedb,
			0xdedb, 0xdedb, 0xdedb, 0xdedb, 0xdedb, 0xdedb, 0xdedb, 0xdedb, 0xdedb, 0xdedb, 0xad75, 0x0000, 0x0000, 0x18e3, 0xd6ba, 0xdedb,
			0xdedb, 0xdedb, 0xdedb, 0xdedb, 0xdedb, 0xdedb, 0xa534, 0x0000, 0x0000, 0x2104, 0xdedb, 0xdedb, 0xdedb, 0xdedb, 0xdedb, 0xdedb,
			0xdedb, 0xdedb, 0xdedb, 0xdedb, 0xdedb, 0xdedb, 0xdedb, 0xdedb, 0xdedb, 0xdedb, 0xdedb, 0xbdf7, 0x632c, 0xdedb, 0xdedb, 0xdedb,
			0xdedb, 0xdedb, 0xdedb, 0xdedb, 0xdedb, 0xdedb, 0xdedb, 0xdedb, 0xdedb, 0xdedb, 0xdedb, 0xdedb, 0xdedb, 0xdedb, 0xdedb, 0xdedb,
			0xdedb, 0xdedb, 0xdedb, 0xdedb, 0xdedb, 0xdedb, 0xdedb, 0xdedb, 0xdedb, 0xdedb, 0xdedb, 0xdedb, 0xdedb, 0xdedb, 0xdedb, 0xdedb,
			0xdedb, 0xdedb, 0xdedb, 0xdedb, 0xdedb, 0xdedb, 0xdedb, 0xdedb, 0xdedb, 0xdedb, 0xdedb, 0xdedb, 0xdedb, 0xdedb, 0xdedb, 0xdedb,
			0xdedb, 0xdedb, 0xdedb, 0xdedb, 0xdedb, 0xdedb, 0xdedb, 0xdedb, 0xc618, 0xdedb, 0xdedb, 0xdedb, 0xdedb, 0xdedb, 0xdedb, 0xdedb,
			0xdedb, 0xdedb, 0xdedb, 0xdedb, 0xdedb, 0xdedb, 0xdedb, 0xdedb, 0xdedb, 0xdedb, 0xdedb, 0xdedb, 0xdedb, 0xdedb, 0xdedb, 0xdedb,
			0xdedb, 0xdedb, 0xad75, 0x0000, 0x31a6, 0x0000, 0xa514, 0xdedb, 0xdedb, 0xdedb, 0xdedb, 0xdedb, 0xdedb, 0xdedb, 0x4a69, 0x0861,
			0x2124, 0x2104, 0xdedb, 0xdedb, 0xdedb, 0xdedb, 0xdedb, 0xdedb, 0xdedb, 0xdedb, 0xdedb, 0xdedb, 0xdedb, 0xdedb, 0xdedb, 0xdedb,
			0xdedb, 0xdedb, 0xdedb, 0x73ae, 0x2124, 0xdedb, 0xdedb, 0xdedb, 0xdedb, 0xdedb, 0xdedb, 0xdedb, 0xdedb, 0xdedb, 0xdedb, 0xdedb,
			0xdedb, 0xdedb, 0xdedb, 0xdedb, 0xdedb, 0xdedb, 0xdedb, 0xdedb, 0xdedb, 0xdedb, 0xdedb, 0xdedb, 0xdedb, 0xdedb, 0xdedb, 0xdedb,
			0xdedb, 0xdedb, 0xdedb, 0xdedb, 0xdedb, 0xdedb, 0xdedb, 0xdedb, 0xdedb, 0xdedb, 0xdedb, 0xdedb, 0xdedb, 0xdedb, 0xdedb, 0xdedb,
			0xdedb, 0xdedb, 0xdedb, 0xdedb, 0xdedb, 0xdedb, 0xdedb, 0xdedb, 0xdedb, 0xdedb, 0xdedb, 0xdedb, 0xdedb, 0xdedb, 0xdedb, 0xdedb,
			0xc618, 0xdedb, 0xdedb, 0xdedb, 0xdedb, 0xdedb, 0xdedb, 0xdedb, 0xdedb, 0xdedb, 0xdedb, 0xdedb, 0xdedb, 0xdedb, 0xdedb, 0xdedb,
			0xdedb, 0xdedb, 0xdedb, 0xdedb, 0xdedb, 0xdedb, 0xdedb, 0xdedb, 0xdedb, 0xdedb, 0xad75, 0x0000, 0x7bef, 0x0020, 0x4a69, 0xdedb,
			0xdedb, 0xdedb, 0xdedb, 0xdedb, 0xdedb, 0xc638, 0x0861, 0x5acb, 0x2124, 0x2104, 0xdedb, 0xdedb, 0xdedb, 0xdedb, 0xdedb, 0xdedb,
			0xd6ba, 0xb5b6, 0xad55, 0xb596, 0xd69a, 0xdedb, 0xdedb, 0xdedb, 0xdedb, 0xdedb, 0xd6ba, 0x3186, 0x2124, 0xdedb, 0xdedb, 0xdedb,
			0xdedb, 0xdedb, 0xdedb, 0xdedb, 0xdedb, 0xce79, 0xad75, 0xad55, 0xbdf7, 0xdedb, 0xdedb, 0xdedb, 0xdedb, 0xdedb, 0xdedb, 0xdedb,
			0xdedb, 0xdedb, 0xdedb, 0xce79, 0xad75, 0xad75, 0xd6ba, 0xdedb, 0xdedb, 0xdedb, 0xbdf7, 0xad55, 0xad75, 0xc618, 0xdedb, 0xdedb,
			0xdedb, 0xdedb, 0xdedb, 0xdedb, 0xdedb, 0xdedb, 0xdedb, 0xdedb, 0xdedb, 0xdedb, 0xdedb, 0xdedb, 0xdedb, 0xdedb, 0xdedb, 0xdedb,
			0xdedb, 0xdedb, 0xdedb, 0xdedb, 0xdedb, 0xdedb, 0xdedb, 0xdedb, 0xc618, 0xdedb, 0xdedb, 0xdedb, 0xdedb, 0xdedb, 0xdedb, 0xdedb,
			0xdedb, 0xdedb, 0xdedb, 0xdedb, 0xdedb, 0xdedb, 0xdedb, 0xdedb, 0xdedb, 0xdedb, 0xdedb, 0xdedb, 0xdedb, 0xdedb, 0xdedb, 0xdedb,
			0xdedb, 0xdedb, 0xad75, 0x0000, 0x8c71, 0x39e7, 0x0841, 0xce59, 0xdedb, 0xdedb, 0xdedb, 0xdedb, 0xdedb, 0x8410, 0x0000, 0xad75,
			0x18e3, 0x2104, 0xdedb, 0xdedb, 0xdedb, 0xdedb, 0xdedb, 0x9492, 0x18c3, 0x0000, 0x0000, 0x0000, 0x1082, 0x8430, 0xd6ba, 0xdedb,
			0xdedb, 0xa534, 0x2104, 0x0000, 0x0000, 0x0841, 0x0841, 0x0861, 0xbdf7, 0xdedb, 0xdedb, 0xce79, 0x630c, 0x0841, 0x0000, 0x0000,
			0x0020, 0x3186, 0xb596, 0xdedb, 0xdedb, 0xdedb, 0xdedb, 0x8430, 0x1082, 0xce79, 0x8c71, 0x0861, 0x0000, 0x0861, 0xc638, 0xdedb,
			0xad75, 0x2945, 0x0020, 0x0000, 0x0000, 0x0020, 0x18e3, 0xad55, 0xdedb, 0xdedb, 0xdedb, 0xdedb, 0xdedb, 0xdedb, 0xdedb, 0xdedb,
			0xdedb, 0xdedb, 0xdedb, 0xdedb, 0xdedb, 0xdedb, 0xdedb, 0xdedb, 0xdedb, 0xdedb, 0xdedb, 0xdedb, 0xdedb, 0xdedb, 0xdedb, 0xdedb,
			0xc618, 0xdedb, 0xdedb, 0xdedb, 0xdedb, 0xdedb, 0xdedb, 0xdedb, 0xdedb, 0xdedb, 0xdedb, 0xdedb, 0xdedb, 0xdedb, 0xdedb, 0xdedb,
			0xdedb, 0xdedb, 0xdedb, 0xdedb, 0xdedb, 0xdedb, 0xdedb, 0xdedb, 0xdedb, 0xdedb, 0xad75, 0x0000, 0x8c71, 0x9492, 0x0000, 0x7bef,
			0xdedb, 0xdedb, 0xdedb, 0xdedb, 0xd6ba, 0x2945, 0x2945, 0xd6ba, 0x18e3, 0x2104, 0xdedb, 0xdedb, 0xdedb, 0xdedb, 0x8430, 0x0000,
			0x2124, 0x8c51, 0xb5b6, 0x9492, 0x3186, 0x0000, 0x738e, 0xdedb, 0xdedb, 0xa514, 0x6b4d, 0x1082, 0x1082, 0x6b4d, 0x6b4d, 0x6b4d,
			0xce59, 0xdedb, 0xd69a, 0x39e7, 0x0000, 0x4a49, 0xa514, 0xb5b6, 0x738e, 0x1082, 0x0861, 0xb5b6, 0xdedb, 0xdedb, 0xdedb, 0x8410,
			0x0000, 0x7bcf, 0x0841, 0x52aa, 0x8c51, 0x8410, 0xd6ba, 0xc638, 0x1082, 0x18c3, 0x8430, 0xbdf7, 0xad75, 0x738e, 0x39c7, 0xc638,
			0xdedb, 0xdedb, 0xdedb, 0xdedb, 0xdedb, 0xdedb, 0xdedb, 0xdedb, 0xdedb, 0xdedb, 0xdedb, 0xdedb, 0xdedb, 0xdedb, 0xdedb, 0xdedb,
			0xdedb, 0xdedb, 0xdedb, 0xdedb, 0xdedb, 0xdedb, 0xdedb, 0xdedb, 0xc618, 0xdedb, 0xdedb, 0xdedb, 0xdedb, 0xdedb, 0xdedb, 0xdedb,
			0xdedb, 0xdedb, 0xdedb, 0xdedb, 0xdedb, 0xdedb, 0xdedb, 0xdedb, 0xdedb, 0xdedb, 0xdedb, 0xdedb, 0xdedb, 0xdedb, 0xdedb, 0xdedb,
			0xdedb, 0xdedb, 0xad75, 0x0000, 0x8c71, 0xd69a, 0x10a2, 0x2965, 0xdedb, 0xdedb, 0xdedb, 0xdedb, 0xad75, 0x0020, 0x8410, 0xdedb,
			0x18e3, 0x2104, 0xdedb, 0xdedb, 0xdedb, 0xc638, 0x0861, 0x2104, 0xce59, 0xdedb, 0xdedb, 0xdedb, 0xd69a, 0x31a6, 0x0841, 0xbdd7,
			0xdedb, 0xdedb, 0xd6ba, 0x2104, 0x2124, 0xdedb, 0xdedb, 0xdedb, 0xdedb, 0xdedb, 0x8c51, 0x0000, 0x632c, 0xdedb, 0xdedb, 0xdedb,
			0xdedb, 0xb596, 0x0020, 0x31a6, 0xd6ba, 0xdedb, 0xdedb, 0x8410, 0x0000, 0x0841, 0x9cd3, 0xdedb, 0xdedb, 0xdedb, 0xdedb, 0x94b2,
			0x0000, 0x8c71, 0xdedb, 0xdedb, 0xdedb, 0xdedb, 0xdedb, 0xdedb, 0xdedb, 0xdedb, 0xdedb, 0xdedb, 0xdedb, 0xdedb, 0xdedb, 0xdedb,
			0xdedb, 0xdedb, 0xdedb, 0xdedb, 0xdedb, 0xdedb, 0xdedb, 0xdedb, 0xdedb, 0xdedb, 0xdedb, 0xdedb, 0xdedb, 0xdedb, 0xdedb, 0xdedb,
			0xc618, 0xdedb, 0xdedb, 0xdedb, 0xdedb, 0xdedb, 0xdedb, 0xdedb, 0xdedb, 0xdedb, 0xdedb, 0xdedb, 0xdedb, 0xdedb, 0xdedb, 0xdedb,
			0xdedb, 0xdedb, 0xdedb, 0xdedb, 0xdedb, 0xdedb, 0xdedb, 0xdedb, 0xdedb, 0xdedb, 0xad75, 0x0000, 0x8c71, 0xdedb, 0x630c, 0x0000,
			0xb5b6, 0xdedb, 0xdedb, 0xdedb, 0x5acb, 0x0861, 0xc638, 0xdedb, 0x18e3, 0x2104, 0xdedb, 0xdedb, 0xdedb, 0x8c51, 0x0000, 0x8410,
			0xdedb, 0xdedb, 0xdedb, 0xdedb, 0xdedb, 0x9cf3, 0x0000, 0x632c, 0xdedb, 0xdedb, 0xd6ba, 0x2104, 0x2124, 0xdedb, 0xdedb, 0xdedb,
			0xdedb, 0xd6ba, 0x3186, 0x0841, 0xc638, 0xdedb, 0xdedb, 0xdedb, 0xdedb, 0xdedb, 0x4a49, 0x0020, 0xbdd7, 0xdedb, 0xdedb, 0x8410,
			0x0000, 0x4a49, 0xdedb, 0xdedb, 0xdedb, 0xdedb, 0xdedb, 0xa514, 0x0000, 0x630c, 0xd6ba, 0xdedb, 0xdedb, 0xdedb, 0xdedb, 0xdedb,
			0xdedb, 0xdedb, 0xdedb, 0xdedb, 0xdedb, 0xdedb, 0xdedb, 0xdedb, 0xdedb, 0xdedb, 0xdedb, 0xdedb, 0xdedb, 0xdedb, 0xdedb, 0xdedb,
			0xdedb, 0xdedb, 0xdedb, 0xdedb, 0xdedb, 0xdedb, 0xdedb, 0xdedb, 0xc618, 0xdedb, 0xdedb, 0xdedb, 0xdedb, 0xdedb, 0xdedb, 0xdedb,
			0xdedb, 0xdedb, 0xdedb, 0xdedb, 0xdedb, 0xdedb, 0xdedb, 0xdedb, 0xdedb, 0xdedb, 0xdedb, 0xdedb, 0xdedb, 0xdedb, 0xdedb, 0xdedb,
			0xdedb, 0xdedb, 0xad75, 0x0000, 0x8c71, 0xdedb, 0xb596, 0x0000, 0x5aeb, 0xdedb, 0xdedb, 0xce59, 0x1082, 0x4a49, 0xdedb, 0xdedb,
			0x18e3, 0x2104, 0xdedb, 0xdedb, 0xdedb, 0x5acb, 0x0020, 0xb596, 0xdedb, 0xdedb, 0xdedb, 0xdedb, 0xdedb, 0xc638, 0x0020, 0x39c7,
			0xdedb, 0xdedb, 0xd6ba, 0x2104, 0x2124, 0xdedb, 0xdedb, 0xdedb, 0xdedb, 0xce79, 0x1082, 0x2104, 0xd6ba, 0xdedb, 0xdedb, 0xdedb,
			0xdedb, 0xdedb, 0x8410, 0x0000, 0x9492, 0xdedb, 0xdedb, 0x8410, 0x0000, 0x8430, 0xdedb, 0xdedb, 0xdedb, 0xdedb, 0xdedb, 0xd69a,
			0x2965, 0x0000, 0x31a6, 0x9cf3, 0xd6ba, 0xdedb, 0xdedb, 0xdedb, 0xdedb, 0xdedb, 0xdedb, 0xdedb, 0xdedb, 0xdedb, 0xdedb, 0xdedb,
			0xdedb, 0xdedb, 0xdedb, 0xdedb, 0xdedb, 0xdedb, 0xdedb, 0xdedb, 0xdedb, 0xdedb, 0xdedb, 0xdedb, 0xdedb, 0xdedb, 0xdedb, 0xdedb,
			0xc618, 0xdedb, 0xdedb, 0xdedb, 0xdedb, 0xdedb, 0xdedb, 0xdedb, 0xdedb, 0xdedb, 0xdedb, 0xdedb, 0xdedb, 0xdedb, 0xdedb, 0xdedb,
			0xdedb, 0xdedb, 0xdedb, 0xdedb, 0xdedb, 0xdedb, 0xdedb, 0xdedb, 0xdedb, 0xdedb, 0xad75, 0x0000, 0x8c71, 0xdedb, 0xd6ba, 0x2945,
			0x18c3, 0xd69a, 0xdedb, 0x8c71, 0x0000, 0xa534, 0xdedb, 0xdedb, 0x18e3, 0x2104, 0xdedb, 0xdedb, 0xdedb, 0x4228, 0x0841, 0xc618,
			0xdedb, 0xdedb, 0xdedb, 0xdedb, 0xdedb, 0xce59, 0x0841, 0x2124, 0xd6ba, 0xdedb, 0xd6ba, 0x2104, 0x2124, 0xdedb, 0xdedb, 0xdedb,
			0xdedb, 0xc638, 0x0841, 0x31a6, 0xdedb, 0xdedb, 0xdedb, 0xdedb, 0xdedb, 0xdedb, 0x9492, 0x0000, 0x7bcf, 0xdedb, 0xdedb, 0x8410,
			0x0000, 0x9cd3, 0xdedb, 0xdedb, 0xdedb, 0xdedb, 0xdedb, 0xdedb, 0xce79, 0x632c, 0x0841, 0x0000, 0x18c3, 0x73ae, 0xd69a, 0xdedb,
			0xdedb, 0xdedb, 0xdedb, 0xdedb, 0xdedb, 0xdedb, 0xdedb, 0xdedb, 0xdedb, 0xdedb, 0xdedb, 0xdedb, 0xdedb, 0xdedb, 0xdedb, 0xdedb,
			0xdedb, 0xdedb, 0xdedb, 0xdedb, 0xdedb, 0xdedb, 0xdedb, 0xdedb, 0xc618, 0xdedb, 0xdedb, 0xdedb, 0xdedb, 0xdedb, 0xdedb, 0xdedb,
			0xdedb, 0xdedb, 0xdedb, 0xdedb, 0xdedb, 0xdedb, 0xdedb, 0xdedb, 0xdedb, 0xdedb, 0xdedb, 0xdedb, 0xdedb, 0xdedb, 0xdedb, 0xdedb,
			0xdedb, 0xdedb, 0xad75, 0x0000, 0x8c71, 0xdedb, 0xdedb, 0x7bef, 0x0000, 0x94b2, 0xd6ba, 0x3186, 0x2104, 0xd69a, 0xdedb, 0xdedb,
			0x18e3, 0x2104, 0xdedb, 0xdedb, 0xdedb, 0x4a49, 0x0020, 0xbdf7, 0xdedb, 0xdedb, 0xdedb, 0xdedb, 0xdedb, 0xce59, 0x0841, 0x2945,
			0xd6ba, 0xdedb, 0xd6ba, 0x2104, 0x2124, 0xdedb, 0xdedb, 0xdedb, 0xdedb, 0xce59, 0x0841, 0x3186, 0xdedb, 0xdedb, 0xdedb, 0xdedb,
			0xdedb, 0xdedb, 0x8c71, 0x0000, 0x7bef, 0xdedb, 0xdedb, 0x8410, 0x0000, 0x9cd3, 0xdedb, 0xdedb, 0xdedb, 0xdedb, 0xdedb, 0xdedb,
			0xdedb, 0xdedb, 0xce79, 0x7bef, 0x2104, 0x0000, 0x2124, 0xc638, 0xdedb, 0xdedb, 0xdedb, 0xdedb, 0xdedb, 0xdedb, 0xdedb, 0xdedb,
			0xdedb, 0xdedb, 0xdedb, 0xdedb, 0xdedb, 0xdedb, 0xdedb, 0xdedb, 0xdedb, 0xdedb, 0xdedb, 0xdedb, 0xdedb, 0xdedb, 0xdedb, 0xdedb,
			0xc618, 0xdedb, 0xdedb, 0xdedb, 0xdedb, 0xdedb, 0xdedb, 0xdedb, 0xdedb, 0xdedb, 0xdedb, 0xdedb, 0xdedb, 0xdedb, 0xdedb, 0xdedb,
			0xdedb, 0xdedb, 0xdedb, 0xdedb, 0xdedb, 0xdedb, 0xdedb, 0xdedb, 0xdedb, 0xdedb, 0xad75, 0x0000, 0x8c71, 0xdedb, 0xdedb, 0xc638,
			0x0841, 0x39e7, 0xb5b6, 0x0020, 0x738e, 0xdedb, 0xdedb, 0xdedb, 0x18e3, 0x2104, 0xdedb, 0xdedb, 0xdedb, 0x6b6d, 0x0000, 0xa534,
			0xdedb, 0xdedb, 0xdedb, 0xdedb, 0xdedb, 0xbdd7, 0x0020, 0x4228, 0xdedb, 0xdedb, 0xd6ba, 0x2104, 0x2124, 0xdedb, 0xdedb, 0xdedb,
			0xdedb, 0xd69a, 0x18c3, 0x18c3, 0xd6ba, 0xdedb, 0xdedb, 0xdedb, 0xdedb, 0xdedb, 0x738e, 0x0000, 0xa514, 0xdedb, 0xdedb, 0x8410,
			0x0000, 0x9cd3, 0xdedb, 0xdedb, 0xdedb, 0xdedb, 0xdedb, 0xdedb, 0xdedb, 0xdedb, 0xdedb, 0xdedb, 0xd6ba, 0x6b6d, 0x0000, 0x5acb,
			0xdedb, 0xdedb, 0xdedb, 0xdedb, 0xdedb, 0xdedb, 0xdedb, 0xdedb, 0xdedb, 0xdedb, 0xdedb, 0xdedb, 0xdedb, 0xdedb, 0xdedb, 0xdedb,
			0xdedb, 0xdedb, 0xdedb, 0xdedb, 0xdedb, 0xdedb, 0xdedb, 0xdedb, 0xc618, 0xdedb, 0xdedb, 0xdedb, 0xdedb, 0xdedb, 0xdedb, 0xdedb,
			0xdedb, 0xdedb, 0xdedb, 0xdedb, 0xdedb, 0xdedb, 0xdedb, 0xdedb, 0xdedb, 0xdedb, 0xdedb, 0xdedb, 0xdedb, 0xdedb, 0xdedb, 0xdedb,
			0xdedb, 0xdedb, 0xad75, 0x0000, 0x8c71, 0xdedb, 0xdedb, 0xdedb, 0x4a69, 0x0841, 0x4a69, 0x0841, 0xc618, 0xdedb, 0xdedb, 0xdedb,
			0x18e3, 0x2104, 0xdedb, 0xdedb, 0xdedb, 0xad55, 0x0000, 0x5acb, 0xdedb, 0xdedb, 0xdedb, 0xdedb, 0xdedb, 0x7bef, 0x0000, 0x8410,
			0xdedb, 0xdedb, 0xd6ba, 0x2104, 0x18e3, 0xdedb, 0xdedb, 0xdedb, 0xdedb, 0xdedb, 0x52aa, 0x0020, 0xad55, 0xdedb, 0xdedb, 0xdedb,
			0xdedb, 0xd6ba, 0x2945, 0x0861, 0xce59, 0xdedb, 0xdedb, 0x8410, 0x0000, 0x9cd3, 0xdedb, 0xdedb, 0xdedb, 0xdedb, 0xdedb, 0xdedb,
			0xdedb, 0xdedb, 0xdedb, 0xdedb, 0xdedb, 0xce79, 0x0841, 0x39c7, 0xdedb, 0xdedb, 0xdedb, 0xdedb, 0xdedb, 0xdedb, 0xdedb, 0xdedb,
			0xdedb, 0xdedb, 0xdedb, 0xdedb, 0xdedb, 0xdedb, 0xdedb, 0xdedb, 0xdedb, 0xdedb, 0xdedb, 0xdedb, 0xdedb, 0xdedb, 0xdedb, 0xdedb,
			0xc618, 0xdedb, 0xdedb, 0xdedb, 0xdedb, 0xdedb, 0xdedb, 0xdedb, 0xdedb, 0xdedb, 0xdedb, 0xdedb, 0xdedb, 0xdedb, 0xdedb, 0xdedb,
			0xdedb, 0xdedb, 0xdedb, 0xdedb, 0xdedb, 0xdedb, 0xdedb, 0xdedb, 0xdedb, 0xdedb, 0xad75, 0x0000, 0x8c71, 0xdedb, 0xdedb, 0xdedb,
			0xa514, 0x0000, 0x0000, 0x4208, 0xdedb, 0xdedb, 0xdedb, 0xdedb, 0x18e3, 0x2104, 0xdedb, 0xdedb, 0xdedb, 0xd6ba, 0x31a6, 0x0020,
			0x9cd3, 0xdedb, 0xdedb, 0xdedb, 0xad75, 0x1082, 0x18e3, 0xce79, 0xdedb, 0xdedb, 0xdedb, 0x39c7, 0x0020, 0xb5b6, 0xdedb, 0xdedb,
			0xdedb, 0xdedb, 0xb5b6, 0x0841, 0x2945, 0xc638, 0xdedb, 0xdedb, 0xd6ba, 0x738e, 0x0000, 0x5aeb, 0xdedb, 0xdedb, 0xdedb, 0x8410,
			0x0000, 0x9cd3, 0xdedb, 0xdedb, 0xdedb, 0xdedb, 0xdedb, 0xbdf7, 0xb596, 0xd6ba, 0xdedb, 0xdedb, 0xdedb, 0xa534, 0x0020, 0x5acb,
			0xdedb, 0xdedb, 0xdedb, 0xdedb, 0xdedb, 0xdedb, 0xdedb, 0xdedb, 0xdedb, 0xdedb, 0xdedb, 0xdedb, 0xdedb, 0xdedb, 0xdedb, 0xdedb,
			0xdedb, 0xdedb, 0xdedb, 0xdedb, 0xdedb, 0xdedb, 0xdedb, 0xdedb, 0xc618, 0xdedb, 0xdedb, 0xdedb, 0xdedb, 0xdedb, 0xdedb, 0xdedb,
			0xdedb, 0xdedb, 0xdedb, 0xdedb, 0xdedb, 0xdedb, 0xdedb, 0xdedb, 0xdedb, 0xdedb, 0xdedb, 0xdedb, 0xdedb, 0xdedb, 0xdedb, 0xdedb,
			0xdedb, 0xdedb, 0xad75, 0x0000, 0x8c71, 0xdedb, 0xdedb, 0xdedb, 0xd69a, 0x18c3, 0x0000, 0x9cf3, 0xdedb, 0xdedb, 0xdedb, 0xdedb,
			0x18e3, 0x2104, 0xdedb, 0xdedb, 0xdedb, 0xdedb, 0xc618, 0x2124, 0x0000, 0x2965, 0x630c, 0x39e7, 0x0020, 0x10a2, 0xad75, 0xdedb,
			0xdedb, 0xdedb, 0xdedb, 0x8c71, 0x0000, 0x1082, 0x5aeb, 0x528a, 0xbdd7, 0xdedb, 0xdedb, 0x8c71, 0x0841, 0x0841, 0x4a49, 0x5aeb,
			0x2104, 0x0000, 0x39e7, 0xd69a, 0xdedb, 0xdedb, 0xdedb, 0x8410, 0x0000, 0x9cd3, 0xdedb, 0xdedb, 0xdedb, 0xdedb, 0xdedb, 0x9cd3,
			0x0000, 0x18c3, 0x52aa, 0x630c, 0x39e7, 0x0020, 0x18c3, 0xc618, 0xdedb, 0xdedb, 0xdedb, 0xdedb, 0xdedb, 0xdedb, 0xdedb, 0xdedb,
			0xdedb, 0xdedb, 0xdedb, 0xdedb, 0xdedb, 0xdedb, 0xdedb, 0xdedb, 0xdedb, 0xdedb, 0xdedb, 0xdedb, 0xdedb, 0xdedb, 0xdedb, 0xdedb,
			0xc618, 0xdedb, 0xdedb, 0xdedb, 0xdedb, 0xdedb, 0xdedb, 0xdedb, 0xdedb, 0xdedb, 0xdedb, 0xdedb, 0xdedb, 0xdedb, 0xdedb, 0xdedb,
			0xdedb, 0xdedb, 0xdedb, 0xdedb, 0xdedb, 0xdedb, 0xdedb, 0xdedb, 0xdedb, 0xdedb, 0xc618, 0x632c, 0xb596, 0xdedb, 0xdedb, 0xdedb,
			0xdedb, 0x94b2, 0x738e, 0xd69a, 0xdedb, 0xdedb, 0xdedb, 0xdedb, 0x73ae, 0x7bcf, 0xdedb, 0xdedb, 0xdedb, 0xdedb, 0xdedb, 0xce79,
			0x7bcf, 0x2965, 0x18e3, 0x2945, 0x632c, 0xc638, 0xdedb, 0xdedb, 0xdedb, 0xdedb, 0xdedb, 0xdedb, 0x8c71, 0x2965, 0x18e3, 0x31a6,
			0xc618, 0xdedb, 0xdedb, 0xdedb, 0xbdd7, 0x52aa, 0x2104, 0x18e3, 0x39c7, 0x8c51, 0xd6ba, 0xdedb, 0xdedb, 0xdedb, 0xdedb, 0xad55,
			0x632c, 0xb5b6, 0xdedb, 0xdedb, 0xdedb, 0xdedb, 0xdedb, 0xd69a, 0x73ae, 0x39c7, 0x18e3, 0x18e3, 0x3186, 0x6b6d, 0xce59, 0xdedb,
			0xdedb, 0xdedb, 0xdedb, 0xdedb, 0xdedb, 0xdedb, 0xdedb, 0xdedb, 0xdedb, 0xdedb, 0xdedb, 0xdedb, 0xdedb, 0xdedb, 0xdedb, 0xdedb,
			0xdedb, 0xdedb, 0xdedb, 0xdedb, 0xdedb, 0xdedb, 0xdedb, 0xdedb, 0xc618, 0xdedb, 0xdedb, 0xdedb, 0xdedb, 0xdedb, 0xdedb, 0xdedb,
			0xdedb, 0xdedb, 0xdedb, 0xdedb, 0xdedb, 0xdedb, 0xdedb, 0xdedb, 0xdedb, 0xdedb, 0xdedb, 0xdedb, 0xdedb, 0xdedb, 0xdedb, 0xdedb,
			0xdedb, 0xdedb, 0xdedb, 0xdedb, 0xdedb, 0xdedb, 0xdedb, 0xdedb, 0xdedb, 0xdedb, 0xdedb, 0xdedb, 0xdedb, 0xdedb, 0xdedb, 0xdedb,
			0xdedb, 0xdedb, 0xdedb, 0xdedb, 0xdedb, 0xdedb, 0xdedb, 0xdedb, 0xdedb, 0xdedb, 0xdedb, 0xdedb, 0xdedb, 0xdedb, 0xdedb, 0xdedb,
			0xdedb, 0xdedb, 0xdedb, 0xdedb, 0xdedb, 0xdedb, 0xdedb, 0xdedb, 0xdedb, 0xdedb, 0xdedb, 0xdedb, 0xdedb, 0xdedb, 0xdedb, 0xdedb,
			0xdedb, 0xdedb, 0xdedb, 0xdedb, 0xdedb, 0xdedb, 0xdedb, 0xdedb, 0xdedb, 0xdedb, 0xdedb, 0xdedb, 0xdedb, 0xdedb, 0xdedb, 0xdedb,
			0xdedb, 0xdedb, 0xdedb, 0xdedb, 0xdedb, 0xdedb, 0xdedb, 0xdedb, 0xdedb, 0xdedb, 0xdedb, 0xdedb, 0xdedb, 0xdedb, 0xdedb, 0xdedb,
			0xdedb, 0xdedb, 0xdedb, 0xdedb, 0xdedb, 0xdedb, 0xdedb, 0xdedb, 0xdedb, 0xdedb, 0xdedb, 0xdedb, 0xdedb, 0xdedb, 0xdedb, 0xdedb,
			0xc618, 0xdedb, 0xdedb, 0xdedb, 0xdedb, 0xdedb, 0xdedb, 0xdedb, 0xdedb, 0xdedb, 0xdedb, 0xdedb, 0xdedb, 0xdedb, 0xdedb, 0xdedb,
			0xdedb, 0xdedb, 0xdedb, 0xdedb, 0xdedb, 0xdedb, 0xdedb, 0xdedb, 0xdedb, 0xdedb, 0xdedb, 0xdedb, 0xdedb, 0xdedb, 0xdedb, 0xdedb,
			0xdedb, 0xdedb, 0xdedb, 0xdedb, 0xdedb, 0xdedb, 0xdedb, 0xdedb, 0xdedb, 0xdedb, 0xdedb, 0xdedb, 0xdedb, 0xdedb, 0xdedb, 0xdedb,
			0xdedb, 0xdedb, 0xdedb, 0xdedb, 0xdedb, 0xdedb, 0xdedb, 0xdedb, 0xdedb, 0xdedb, 0xdedb, 0xdedb, 0xdedb, 0xdedb, 0xdedb, 0xdedb,
			0xdedb, 0xdedb, 0xdedb, 0xdedb, 0xdedb, 0xdedb, 0xdedb, 0xdedb, 0xdedb, 0xdedb, 0xdedb, 0xdedb, 0xdedb, 0xdedb, 0xdedb, 0xdedb,
			0xdedb, 0xdedb, 0xdedb, 0xdedb, 0xdedb, 0xdedb, 0xdedb, 0xdedb, 0xdedb, 0xdedb, 0xdedb, 0xdedb, 0xdedb, 0xdedb, 0xdedb, 0xdedb,
			0xdedb, 0xdedb, 0xdedb, 0xdedb, 0xdedb, 0xdedb, 0xdedb, 0xdedb, 0xdedb, 0xdedb, 0xdedb, 0xdedb, 0xdedb, 0xdedb, 0xdedb, 0xdedb,
			0xdedb, 0xdedb, 0xdedb, 0xdedb, 0xdedb, 0xdedb, 0xdedb, 0xdedb, 0xc618, 0xdedb, 0xdedb, 0xdedb, 0xdedb, 0xdedb, 0xdedb, 0xdedb,
			0xdedb, 0xdedb, 0xdedb, 0xdedb, 0xdedb, 0xdedb, 0xdedb, 0xdedb, 0xdedb, 0xdedb, 0xdedb, 0xdedb, 0xdedb, 0xdedb, 0xdedb, 0xdedb,
			0xdedb, 0xdedb, 0xdedb, 0xdedb, 0xdedb, 0xdedb, 0xdedb, 0xdedb, 0xdedb, 0xdedb, 0xdedb, 0xdedb, 0xdedb, 0xdedb, 0xdedb, 0xdedb,
			0xdedb, 0xdedb, 0xdedb, 0xdedb, 0xdedb, 0xdedb, 0xdedb, 0xdedb, 0xdedb, 0xdedb, 0xdedb, 0xdedb, 0xdedb, 0xdedb, 0xdedb, 0xdedb,
			0xdedb, 0xdedb, 0xdedb, 0xdedb, 0xdedb, 0xdedb, 0xdedb, 0xdedb, 0xdedb, 0xdedb, 0xdedb, 0xdedb, 0xdedb, 0xdedb, 0xdedb, 0xdedb,
			0xdedb, 0xdedb, 0xdedb, 0xdedb, 0xdedb, 0xdedb, 0xdedb, 0xdedb, 0xdedb, 0xdedb, 0xdedb, 0xdedb, 0xdedb, 0xdedb, 0xdedb, 0xdedb,
			0xdedb, 0xdedb, 0xdedb, 0xdedb, 0xdedb, 0xdedb, 0xdedb, 0xdedb, 0xdedb, 0xdedb, 0xdedb, 0xdedb, 0xdedb, 0xdedb, 0xdedb, 0xdedb,
			0xdedb, 0xdedb, 0xdedb, 0xdedb, 0xdedb, 0xdedb, 0xdedb, 0xdedb, 0xdedb, 0xdedb, 0xdedb, 0xdedb, 0xdedb, 0xdedb, 0xdedb, 0xdedb,
			0xc618, 0xdedb, 0xdedb, 0xdedb, 0xdedb, 0xdedb, 0xdedb, 0xdedb, 0xdedb, 0xdedb, 0xdedb, 0xdedb, 0xdedb, 0xdedb, 0xdedb, 0xdedb,
			0xdedb, 0xdedb, 0xdedb, 0xdedb, 0xdedb, 0xdedb, 0xdedb, 0xdedb, 0xdedb, 0xdedb, 0xdedb, 0xdedb, 0xdedb, 0xdedb, 0xdedb, 0xdedb,
			0xdedb, 0xdedb, 0xdedb, 0xdedb, 0xdedb, 0xdedb, 0xdedb, 0xdedb, 0xdedb, 0xdedb, 0xdedb, 0xdedb, 0xdedb, 0xdedb, 0xdedb, 0xdedb,
			0xdedb, 0xdedb, 0xdedb, 0xdedb, 0xdedb, 0xdedb, 0xdedb, 0xdedb, 0xdedb, 0xdedb, 0xdedb, 0xdedb, 0xdedb, 0xdedb, 0xdedb, 0xdedb,
			0xdedb, 0xdedb, 0xdedb, 0xdedb, 0xdedb, 0xdedb, 0xdedb, 0xdedb, 0xdedb, 0xdedb, 0xdedb, 0xdedb, 0xdedb, 0xdedb, 0xdedb, 0xdedb,
			0xdedb, 0xdedb, 0xdedb, 0xdedb, 0xdedb, 0xdedb, 0xdedb, 0xdedb, 0xdedb, 0xdedb, 0xdedb, 0xdedb, 0xdedb, 0xdedb, 0xdedb, 0xdedb,
			0xdedb, 0xdedb, 0xdedb, 0xdedb, 0xdedb, 0xdedb, 0xdedb, 0xdedb, 0xdedb, 0xdedb, 0xdedb, 0xdedb, 0xdedb, 0xdedb, 0xdedb, 0xdedb,
			0xdedb, 0xdedb, 0xdedb, 0xdedb, 0xdedb, 0xdedb, 0xdedb, 0xdedb, 0xc618, 0xdedb, 0xdedb, 0xdedb, 0xdedb, 0xdedb, 0xdedb, 0xdedb,
			0xdedb, 0xdedb, 0xdedb, 0xdedb, 0xdedb, 0xdedb, 0xdedb, 0xdedb, 0xdedb, 0xdedb, 0xdedb, 0xdedb, 0xdedb, 0xdedb, 0xdedb, 0xdedb,
			0xdedb, 0xdedb, 0xdedb, 0xdedb, 0xdedb, 0xdedb, 0xdedb, 0xdedb, 0xdedb, 0xdedb, 0xdedb, 0xdedb, 0xdedb, 0xdedb, 0xdedb, 0xdedb,
			0xdedb, 0xdedb, 0xdedb, 0xdedb, 0xdedb, 0xdedb, 0xdedb, 0xdedb, 0xdedb, 0xdedb, 0xdedb, 0xdedb, 0xdedb, 0xdedb, 0xdedb, 0xdedb,
			0xdedb, 0xdedb, 0xdedb, 0xdedb, 0xdedb, 0xdedb, 0xdedb, 0xdedb, 0xdedb, 0xdedb, 0xdedb, 0xdedb, 0xdedb, 0xdedb, 0xdedb, 0xdedb,
			0xdedb, 0xdedb, 0xdedb, 0xdedb, 0xdedb, 0xdedb, 0xdedb, 0xdedb, 0xdedb, 0xdedb, 0xdedb, 0xdedb, 0xdedb, 0xdedb, 0xdedb, 0xdedb,
			0xdedb, 0xdedb, 0xdedb, 0xdedb, 0xdedb, 0xdedb, 0xdedb, 0xdedb, 0xdedb, 0xdedb, 0xdedb, 0xdedb, 0xdedb, 0xdedb, 0xdedb, 0xdedb,
			0xdedb, 0xdedb, 0xdedb, 0xdedb, 0xdedb, 0xdedb, 0xdedb, 0xdedb, 0xdedb, 0xdedb, 0xdedb, 0xdedb, 0xdedb, 0xdedb, 0xdedb, 0xdedb,
			0xc618, 0xdedb, 0xdedb, 0xdedb, 0xdedb, 0xdedb, 0xdedb, 0xdedb, 0xdedb, 0xdedb, 0xdedb, 0xdedb, 0xdedb, 0xdedb, 0xdedb, 0xdedb,
			0xdedb, 0xdedb, 0xdedb, 0xdedb, 0xdedb, 0xdedb, 0xdedb, 0xdedb, 0xdedb, 0xdedb, 0xdedb, 0xdedb, 0xdedb, 0xdedb, 0xdedb, 0xdedb,
			0xdedb, 0xdedb, 0xdedb, 0xdedb, 0xdedb, 0xdedb, 0xdedb, 0xdedb, 0xdedb, 0xdedb, 0xdedb, 0xdedb, 0xdedb, 0xdedb, 0xdedb, 0xdedb,
			0xdedb, 0xdedb, 0xdedb, 0xdedb, 0xdedb, 0xdedb, 0xdedb, 0xdedb, 0xdedb, 0xdedb, 0xdedb, 0xdedb, 0xdedb, 0xdedb, 0xdedb, 0xdedb,
			0xdedb, 0xdedb, 0xdedb, 0xdedb, 0xdedb, 0xdedb, 0xdedb, 0xdedb, 0xdedb, 0xdedb, 0xdedb, 0xdedb, 0xdedb, 0xdedb, 0xdedb, 0xdedb,
			0xdedb, 0xdedb, 0xdedb, 0xdedb, 0xdedb, 0xdedb, 0xdedb, 0xdedb, 0xdedb, 0xdedb, 0xdedb, 0xdedb, 0xdedb, 0xdedb, 0xdedb, 0xdedb,
			0xdedb, 0xdedb, 0xdedb, 0xdedb, 0xdedb, 0xdedb, 0xdedb, 0xdedb, 0xdedb, 0xdedb, 0xdedb, 0xdedb, 0xdedb, 0xdedb, 0xdedb, 0xdedb,
			0xdedb, 0xdedb, 0xdedb, 0xdedb, 0xdedb, 0xdedb, 0xdedb, 0xdedb, 0xc618, 0xdedb, 0xdedb, 0xdedb, 0xdedb, 0xdedb, 0xdedb, 0xdedb,
			0xdedb, 0xdedb, 0xdedb, 0xdedb, 0xdedb, 0xdedb, 0xdedb, 0xdedb, 0xdedb, 0xdedb, 0xdedb, 0xdedb, 0xdedb, 0xdedb, 0xdedb, 0xdedb,
			0xdedb, 0xdedb, 0xdedb, 0xdedb, 0xdedb, 0xdedb, 0xdedb, 0xdedb, 0xdedb, 0xdedb, 0xdedb, 0xdedb, 0xdedb, 0xdedb, 0xdedb, 0xdedb,
			0xdedb, 0xdedb, 0xdedb, 0xdedb, 0xdedb, 0xdedb, 0xdedb, 0xdedb, 0xdedb, 0xdedb, 0xdedb, 0xdedb, 0xdedb, 0xdedb, 0xdedb, 0xdedb,
			0xdedb, 0xdedb, 0xdedb, 0xdedb, 0xdedb, 0xdedb, 0xdedb, 0xdedb, 0xdedb, 0xdedb, 0xdedb, 0xdedb, 0xdedb, 0xdedb, 0xdedb, 0xdedb,
			0xdedb, 0xdedb, 0xdedb, 0xdedb, 0xdedb, 0xdedb, 0xdedb, 0xdedb, 0xdedb, 0xdedb, 0xdedb, 0xdedb, 0xdedb, 0xdedb, 0xdedb, 0xdedb,
			0xdedb, 0xdedb, 0xdedb, 0xdedb, 0xdedb, 0xdedb, 0xdedb, 0xdedb, 0xdedb, 0xdedb, 0xdedb, 0xdedb, 0xdedb, 0xdedb, 0xdedb, 0xdedb,
			0xdedb, 0xdedb, 0xdedb, 0xdedb, 0xdedb, 0xdedb, 0xdedb, 0xdedb, 0xdedb, 0xdedb, 0xdedb, 0xdedb, 0xdedb, 0xdedb, 0xdedb, 0xdedb,
			0xc618, 0xdedb, 0xdedb, 0xdedb, 0xdedb, 0xdedb, 0xdedb, 0xdedb, 0xdedb, 0xdedb, 0xdedb, 0xdedb, 0xdedb, 0xdedb, 0xdedb, 0xdedb,
			0xdedb, 0xdedb, 0xdedb, 0xdedb, 0xdedb, 0xdedb, 0xdedb, 0xdedb, 0xdedb, 0xdedb, 0xdedb, 0xdedb, 0xdedb, 0xdedb, 0xdedb, 0xdedb,
			0xdedb, 0xdedb, 0xdedb, 0xdedb, 0xdedb, 0xdedb, 0xdedb, 0xdedb, 0xdedb, 0xdedb, 0xdedb, 0xdedb, 0xdedb, 0xdedb, 0xdedb, 0xdedb,
			0xdedb, 0xdedb, 0xdedb, 0xdedb, 0xdedb, 0xdedb, 0xdedb, 0xdedb, 0xdedb, 0xdedb, 0xdedb, 0xdedb, 0xdedb, 0xdedb, 0xdedb, 0xdedb,
			0xdedb, 0xdedb, 0xdedb, 0xdedb, 0xdedb, 0xdedb, 0xdedb, 0xdedb, 0xdedb, 0xdedb, 0xdedb, 0xdedb, 0xdedb, 0xdedb, 0xdedb, 0xdedb,
			0xdedb, 0xdedb, 0xdedb, 0xdedb, 0xdedb, 0xdedb, 0xdedb, 0xdedb, 0xdedb, 0xdedb, 0xdedb, 0xdedb, 0xdedb, 0xdedb, 0xdedb, 0xdedb,
			0xdedb, 0xdedb, 0xdedb, 0xdedb, 0xdedb, 0xdedb, 0xdedb, 0xdedb, 0xdedb, 0xdedb, 0xdedb, 0xdedb, 0xdedb, 0xdedb, 0xdedb, 0xdedb,
			0xdedb, 0xdedb, 0xdedb, 0xdedb, 0xdedb, 0xdedb, 0xdedb, 0xdedb, 0xc618, 0xdedb, 0xdedb, 0xdedb, 0xdedb, 0xdedb, 0xdedb, 0xdedb,
			0xdedb, 0xdedb, 0xdedb, 0xdedb, 0xdedb, 0xdedb, 0xdedb, 0xdedb, 0xdedb, 0xdedb, 0xdedb, 0xdedb, 0xdedb, 0xdedb, 0xdedb, 0xdedb,
			0xdedb, 0xdedb, 0xdedb, 0xdedb, 0xdedb, 0xdedb, 0xdedb, 0xdedb, 0xdedb, 0xdedb, 0xdedb, 0xdedb, 0xdedb, 0xdedb, 0xdedb, 0xdedb,
			0xdedb, 0xdedb, 0xdedb, 0xdedb, 0xdedb, 0xdedb, 0xdedb, 0xdedb, 0xdedb, 0xdedb, 0xdedb, 0xdedb, 0xdedb, 0xdedb, 0xdedb, 0xdedb,
			0xdedb, 0xdedb, 0xdedb, 0xdedb, 0xdedb, 0xdedb, 0xdedb, 0xdedb, 0xdedb, 0xdedb, 0xdedb, 0xdedb, 0xdedb, 0xdedb, 0xdedb, 0xdedb,
			0xdedb, 0xdedb, 0xdedb, 0xdedb, 0xdedb, 0xdedb, 0xdedb, 0xdedb, 0xdedb, 0xdedb, 0xdedb, 0xdedb, 0xdedb, 0xdedb, 0xdedb, 0xdedb,
			0xdedb, 0xdedb, 0xdedb, 0xdedb, 0xdedb, 0xdedb, 0xdedb, 0xdedb, 0xdedb, 0xdedb, 0xdedb, 0xdedb, 0xdedb, 0xdedb, 0xdedb, 0xdedb,
			0xdedb, 0xdedb, 0xdedb, 0xdedb, 0xdedb, 0xdedb, 0xdedb, 0xdedb, 0xdedb, 0xdedb, 0xdedb, 0xdedb, 0xdedb, 0xdedb, 0xdedb, 0xdedb,
			0xc618, 0xdedb, 0xdedb, 0xdedb, 0xdedb, 0xdedb, 0xdedb, 0xdedb, 0xdedb, 0xdedb, 0xdedb, 0xdedb, 0xdedb, 0xdedb, 0xdedb, 0xdedb,
			0xdedb, 0xdedb, 0xdedb, 0xdedb, 0xdedb, 0xdedb, 0xdedb, 0xdedb, 0xdedb, 0xdedb, 0xdedb, 0xdedb, 0xdedb, 0xdedb, 0xdedb, 0xdedb,
			0xdedb, 0xdedb, 0xdedb, 0xdedb, 0xdedb, 0xdedb, 0xdedb, 0xdedb, 0xdedb, 0xdedb, 0xdedb, 0xdedb, 0xdedb, 0xdedb, 0xdedb, 0xdedb,
			0xdedb, 0xdedb, 0xdedb, 0xdedb, 0xdedb, 0xdedb, 0xdedb, 0xdedb, 0xdedb, 0xdedb, 0xdedb, 0xdedb, 0xdedb, 0xdedb, 0xdedb, 0xdedb,
			0xdedb, 0xdedb, 0xdedb, 0xdedb, 0xdedb, 0xdedb, 0xdedb, 0xdedb, 0xdedb, 0xdedb, 0xdedb, 0xdedb, 0xdedb, 0xdedb, 0xdedb, 0xdedb,
			0xdedb, 0xdedb, 0xdedb, 0xdedb, 0xdedb, 0xdedb, 0xdedb, 0xdedb, 0xdedb, 0xdedb, 0xdedb, 0xdedb, 0xdedb, 0xdedb, 0xdedb, 0xdedb,
			0xdedb, 0xdedb, 0xdedb, 0xdedb, 0xdedb, 0xdedb, 0xdedb, 0xdedb, 0xdedb, 0xdedb, 0xdedb, 0xdedb, 0xdedb, 0xdedb, 0xdedb, 0xdedb,
			0xdedb, 0xdedb, 0xdedb, 0xdedb, 0xdedb, 0xdedb, 0xdedb, 0xdedb, 0xc618, 0xdedb, 0xdedb, 0xdedb, 0xdedb, 0xdedb, 0xdedb, 0xdedb,
			0xdedb, 0xdedb, 0xdedb, 0xdedb, 0xdedb, 0xdedb, 0xdedb, 0xdedb, 0xdedb, 0xdedb, 0xdedb, 0xdedb, 0xdedb, 0xdedb, 0xdedb, 0xdedb,
			0xdedb, 0xdedb, 0xdedb, 0xdedb, 0xdedb, 0xdedb, 0xdedb, 0xdedb, 0xdedb, 0xdedb, 0xdedb, 0xdedb, 0xdedb, 0xdedb, 0xdedb, 0xdedb,
			0xdedb, 0xdedb, 0xdedb, 0xdedb, 0xdedb, 0xdedb, 0xdedb, 0xdedb, 0xdedb, 0xdedb, 0xdedb, 0xdedb, 0xdedb, 0xdedb, 0xdedb, 0xdedb,
			0xdedb, 0xdedb, 0xdedb, 0xdedb, 0xdedb, 0xdedb, 0xdedb, 0xdedb, 0xdedb, 0xdedb, 0xdedb, 0xdedb, 0xdedb, 0xdedb, 0xdedb, 0xdedb,
			0xdedb, 0xdedb, 0xdedb, 0xdedb, 0xdedb, 0xdedb, 0xdedb, 0xdedb, 0xdedb, 0xdedb, 0xdedb, 0xdedb, 0xdedb, 0xdedb, 0xdedb, 0xdedb,
			0xdedb, 0xdedb, 0xdedb, 0xdedb, 0xdedb, 0xdedb, 0xdedb, 0xdedb, 0xdedb, 0xdedb, 0xdedb, 0xdedb, 0xdedb, 0xdedb, 0xdedb, 0xdedb,
			0xdedb, 0xdedb, 0xdedb, 0xdedb, 0xdedb, 0xdedb, 0xdedb, 0xdedb, 0xdedb, 0xdedb, 0xdedb, 0xdedb, 0xdedb, 0xdedb, 0xdedb, 0xdedb,
			0xc618, 0xdedb, 0xdedb, 0xdedb, 0xdedb, 0xdedb, 0xdedb, 0xdedb, 0xdedb, 0xdedb, 0xdedb, 0xdedb, 0xdedb, 0xdedb, 0xdedb, 0xdedb,
			0xdedb, 0xdedb, 0xdedb, 0xdedb, 0xdedb, 0xdedb, 0xdedb, 0xdedb, 0xdedb, 0xdedb, 0xdedb, 0xdedb, 0xdedb, 0xdedb, 0xdedb, 0xdedb,
			0xdedb, 0xdedb, 0xdedb, 0xdedb, 0xdedb, 0xdedb, 0xdedb, 0xdedb, 0xdedb, 0xdedb, 0xdedb, 0xdedb, 0xdedb, 0xdedb, 0xdedb, 0xdedb,
			0xdedb, 0xdedb, 0xdedb, 0xdedb, 0xdedb, 0xdedb, 0xdedb, 0xdedb, 0xdedb, 0xdedb, 0xdedb, 0xdedb, 0xdedb, 0xdedb, 0xdedb, 0xdedb,
			0xdedb, 0xdedb, 0xdedb, 0xdedb, 0xdedb, 0xdedb, 0xdedb, 0xdedb, 0xdedb, 0xdedb, 0xdedb, 0xdedb, 0xdedb, 0xdedb, 0xdedb, 0xdedb,
			0xdedb, 0xdedb, 0xdedb, 0xdedb, 0xdedb, 0xdedb, 0xdedb, 0xdedb, 0xdedb, 0xdedb, 0xdedb, 0xdedb, 0xdedb, 0xdedb, 0xdedb, 0xdedb,
			0xdedb, 0xdedb, 0xdedb, 0xdedb, 0xdedb, 0xdedb, 0xdedb, 0xdedb, 0xdedb, 0xdedb, 0xdedb, 0xdedb, 0xdedb, 0xdedb, 0xdedb, 0xdedb,
			0xdedb, 0xdedb, 0xdedb, 0xdedb, 0xdedb, 0xdedb, 0xdedb, 0xdedb, 0xc618, 0xdedb, 0xdedb, 0xdedb, 0xdedb, 0xdedb, 0xdedb, 0xdedb,
			0xdedb, 0xdedb, 0xdedb, 0xdedb, 0xdedb, 0xdedb, 0xdedb, 0xdedb, 0xdedb, 0xdedb, 0xdedb, 0xdedb, 0xdedb, 0xdedb, 0xdedb, 0xdedb,
			0xdedb, 0xdedb, 0xdedb, 0xdedb, 0xdedb, 0xdedb, 0xdedb, 0xdedb, 0xdedb, 0xdedb, 0xdedb, 0xdedb, 0xdedb, 0xdedb, 0xdedb, 0xdedb,
			0xdedb, 0xdedb, 0xdedb, 0xdedb, 0xdedb, 0xdedb, 0xdedb, 0xdedb, 0xdedb, 0xdedb, 0xdedb, 0xdedb, 0xdedb, 0xdedb, 0xdedb, 0xdedb,
			0xdedb, 0xdedb, 0xdedb, 0xdedb, 0xdedb, 0xdedb, 0xdedb, 0xdedb, 0xdedb, 0xdedb, 0xdedb, 0xdedb, 0xdedb, 0xdedb, 0xdedb, 0xdedb,
			0xdedb, 0xdedb, 0xdedb, 0xdedb, 0xdedb, 0xdedb, 0xdedb, 0xdedb, 0xdedb, 0xdedb, 0xdedb, 0xdedb, 0xdedb, 0xdedb, 0xdedb, 0xdedb,
			0xdedb, 0xdedb, 0xdedb, 0xdedb, 0xdedb, 0xdedb, 0xdedb, 0xdedb, 0xdedb, 0xdedb, 0xdedb, 0xdedb, 0xdedb, 0xdedb, 0xdedb, 0xdedb,
			0xdedb, 0xdedb, 0xdedb, 0xdedb, 0xdedb, 0xdedb, 0xdedb, 0xdedb, 0xdedb, 0xdedb, 0xdedb, 0xdedb, 0xdedb, 0xdedb, 0xdedb, 0xdedb,
			0xc618, 0xdedb, 0xdedb, 0xdedb, 0xdedb, 0xdedb, 0xdedb, 0xdedb, 0xdedb, 0xdedb, 0xdedb, 0xdedb, 0xdedb, 0xdedb, 0xdedb, 0xdedb,
			0xdedb, 0xdedb, 0xdedb, 0xdedb, 0xdedb, 0xdedb, 0xdedb, 0xdedb, 0xdedb, 0xdedb, 0xdedb, 0xdedb, 0xdedb, 0xdedb, 0xdedb, 0xdedb,
			0xdedb, 0xdedb, 0xdedb, 0xdedb, 0xdedb, 0xdedb, 0xdedb, 0xdedb, 0xdedb, 0xdedb, 0xdedb, 0xdedb, 0xdedb, 0xdedb, 0xdedb, 0xdedb,
			0xdedb, 0xdedb, 0xdedb, 0xdedb, 0xdedb, 0xdedb, 0xdedb, 0xdedb, 0xdedb, 0xdedb, 0xdedb, 0xdedb, 0xdedb, 0xdedb, 0xdedb, 0xdedb,
			0xdedb, 0xdedb, 0xdedb, 0xdedb, 0xdedb, 0xdedb, 0xdedb, 0xdedb, 0xdedb, 0xdedb, 0xdedb, 0xdedb, 0xdedb, 0xdedb, 0xdedb, 0xdedb,
			0xdedb, 0xdedb, 0xdedb, 0xdedb, 0xdedb, 0xdedb, 0xdedb, 0xdedb, 0xdedb, 0xdedb, 0xdedb, 0xdedb, 0xdedb, 0xdedb, 0xdedb, 0xdedb,
			0xdedb, 0xdedb, 0xdedb, 0xdedb, 0xdedb, 0xdedb, 0xdedb, 0xdedb, 0xdedb, 0xdedb, 0xdedb, 0xdedb, 0xdedb, 0xdedb, 0xdedb, 0xdedb,
			0xdedb, 0xdedb, 0xdedb, 0xdedb, 0xdedb, 0xdedb, 0xdedb, 0xdedb, 0xc618, 0xdedb, 0xdedb, 0xdedb, 0xdedb, 0xdedb, 0xdedb, 0xdedb,
			0xdedb, 0xdedb, 0xdedb, 0xdedb, 0xdedb, 0xdedb, 0xdedb, 0xdedb, 0xdedb, 0xdedb, 0xdedb, 0xdedb, 0xdedb, 0xdedb, 0xdedb, 0xdedb,
			0xdedb, 0xdedb, 0xdedb, 0xdedb, 0xdedb, 0xdedb, 0xdedb, 0xdedb, 0xdedb, 0xdedb, 0xdedb, 0xdedb, 0xdedb, 0xdedb, 0xdedb, 0xdedb,
			0xdedb, 0xdedb, 0xdedb, 0xdedb, 0xdedb, 0xdedb, 0xdedb, 0xdedb, 0xdedb, 0xdedb, 0xdedb, 0xdedb, 0xdedb, 0xdedb, 0xdedb, 0xdedb,
			0xdedb, 0xdedb, 0xdedb, 0xdedb, 0xdedb, 0xdedb, 0xdedb, 0xdedb, 0xdedb, 0xdedb, 0xdedb, 0xdedb, 0xdedb, 0xdedb, 0xdedb, 0xdedb,
			0xdedb, 0xdedb, 0xdedb, 0xdedb, 0xdedb, 0xdedb, 0xdedb, 0xdedb, 0xdedb, 0xdedb, 0xdedb, 0xdedb, 0xdedb, 0xdedb, 0xdedb, 0xdedb,
			0xdedb, 0xdedb, 0xdedb, 0xdedb, 0xdedb, 0xdedb, 0xdedb, 0xdedb, 0xdedb, 0xdedb, 0xdedb, 0xdedb, 0xdedb, 0xdedb, 0xdedb, 0xdedb,
			0xdedb, 0xdedb, 0xdedb, 0xdedb, 0xdedb, 0xdedb, 0xdedb, 0xdedb, 0xdedb, 0xdedb, 0xdedb, 0xdedb, 0xdedb, 0xdedb, 0xdedb, 0xdedb,
			0xc618, 0xdedb, 0xdedb, 0xdedb, 0xdedb, 0xdedb, 0xdedb, 0xdedb, 0xdedb, 0xdedb, 0xdedb, 0xdedb, 0xdedb, 0xdedb, 0xdedb, 0xdedb,
			0xdedb, 0xdedb, 0xdedb, 0x7bef, 0x5acb, 0xce79, 0xdedb, 0xdedb, 0xdedb, 0xdedb, 0xdedb, 0xdedb, 0xdedb, 0xdedb, 0xdedb, 0xdedb,
			0xdedb, 0xdedb, 0xdedb, 0xdedb, 0xdedb, 0xdedb, 0xdedb, 0xdedb, 0xdedb, 0xdedb, 0xdedb, 0xdedb, 0xdedb, 0xdedb, 0xdedb, 0xdedb,
			0xdedb, 0xdedb, 0xdedb, 0xdedb, 0xdedb, 0xdedb, 0xdedb, 0xdedb, 0xdedb, 0xdedb, 0xdedb, 0xdedb, 0xdedb, 0xdedb, 0xdedb, 0xdedb,
			0xdedb, 0xdedb, 0xdedb, 0xdedb, 0xdedb, 0xdedb, 0xdedb, 0xdedb, 0xdedb, 0xdedb, 0xdedb, 0xdedb, 0xdedb, 0xdedb, 0xdedb, 0xdedb,
			0xdedb, 0xdedb, 0xdedb, 0xdedb, 0xdedb, 0xdedb, 0xdedb, 0xdedb, 0xdedb, 0xdedb, 0xdedb, 0xdedb, 0xdedb, 0xdedb, 0xdedb, 0xdedb,
			0xdedb, 0xdedb, 0xdedb, 0xdedb, 0xdedb, 0xdedb, 0xdedb, 0xdedb, 0xdedb, 0xdedb, 0xdedb, 0xdedb, 0xdedb, 0xdedb, 0xdedb, 0xdedb,
			0xdedb, 0xdedb, 0xdedb, 0xdedb, 0xdedb, 0xdedb, 0xdedb, 0xdedb, 0xc618, 0xdedb, 0xdedb, 0xdedb, 0xdedb, 0xdedb, 0xdedb, 0xdedb,
			0xdedb, 0xdedb, 0xdedb, 0xdedb, 0xdedb, 0xdedb, 0xdedb, 0xdedb, 0xdedb, 0xdedb, 0xdedb, 0x4208, 0x0000, 0xce59, 0xdedb, 0xdedb,
			0xdedb, 0xdedb, 0xdedb, 0xdedb, 0xdedb, 0xdedb, 0xdedb, 0xdedb, 0xdedb, 0xdedb, 0xdedb, 0xdedb, 0xdedb, 0xdedb, 0xdedb, 0xdedb,
			0xdedb, 0xdedb, 0xdedb, 0xdedb, 0xdedb, 0xdedb, 0xdedb, 0xdedb, 0xdedb, 0xdedb, 0xdedb, 0xdedb, 0xdedb, 0xdedb, 0xdedb, 0xdedb,
			0xdedb, 0xdedb, 0xdedb, 0xdedb, 0xdedb, 0xdedb, 0xdedb, 0xdedb, 0xdedb, 0xdedb, 0xdedb, 0xdedb, 0xdedb, 0xdedb, 0xb5b6, 0x7bef,
			0xdedb, 0xdedb, 0xdedb, 0xdedb, 0xdedb, 0xdedb, 0xdedb, 0xdedb, 0xdedb, 0xdedb, 0xdedb, 0xdedb, 0xdedb, 0xdedb, 0xdedb, 0xdedb,
			0xdedb, 0xdedb, 0xdedb, 0xdedb, 0xdedb, 0xdedb, 0xdedb, 0xdedb, 0xdedb, 0xdedb, 0xdedb, 0xdedb, 0xdedb, 0xdedb, 0xdedb, 0xdedb,
			0xdedb, 0xdedb, 0xdedb, 0xdedb, 0xdedb, 0xdedb, 0xdedb, 0xdedb, 0xdedb, 0xdedb, 0xdedb, 0xdedb, 0xdedb, 0xdedb, 0xdedb, 0xdedb,
			0xc618, 0xdedb, 0xdedb, 0xdedb, 0xdedb, 0xdedb, 0xdedb, 0xdedb, 0xdedb, 0xdedb, 0xdedb, 0xdedb, 0xdedb, 0xdedb, 0xdedb, 0xdedb,
			0xdedb, 0xdedb, 0xdedb, 0x4208, 0x0000, 0xce59, 0xdedb, 0xdedb, 0xdedb, 0xdedb, 0xdedb, 0xdedb, 0xdedb, 0xdedb, 0xdedb, 0xdedb,
			0xdedb, 0xdedb, 0xdedb, 0xdedb, 0xdedb, 0xdedb, 0xdedb, 0xdedb, 0xdedb, 0xdedb, 0xdedb, 0xdedb, 0xdedb, 0xdedb, 0xdedb, 0xdedb,
			0xdedb, 0xdedb, 0xdedb, 0xdedb, 0xdedb, 0xdedb, 0xdedb, 0xdedb, 0xdedb, 0xdedb, 0xdedb, 0xdedb, 0xdedb, 0xdedb, 0xdedb, 0xdedb,
			0xdedb, 0xdedb, 0xdedb, 0xdedb, 0xdedb, 0xdedb, 0x6b4d, 0x3186, 0xdedb, 0xdedb, 0xdedb, 0xdedb, 0xdedb, 0xdedb, 0xdedb, 0xdedb,
			0xdedb, 0xdedb, 0xdedb, 0xdedb, 0xdedb, 0xdedb, 0xdedb, 0xdedb, 0xdedb, 0xdedb, 0xdedb, 0xdedb, 0xdedb, 0xdedb, 0xdedb, 0xdedb,
			0xdedb, 0xdedb, 0xdedb, 0xdedb, 0xdedb, 0xdedb, 0xdedb, 0xdedb, 0xdedb, 0xdedb, 0xdedb, 0xdedb, 0xdedb, 0xdedb, 0xdedb, 0xdedb,
			0xdedb, 0xdedb, 0xdedb, 0xdedb, 0xdedb, 0xdedb, 0xdedb, 0xdedb, 0xc618, 0xdedb, 0xdedb, 0xdedb, 0xdedb, 0xdedb, 0xdedb, 0xdedb,
			0xdedb, 0xdedb, 0xdedb, 0xdedb, 0xdedb, 0xdedb, 0xdedb, 0xdedb, 0xdedb, 0xdedb, 0xdedb, 0x4208, 0x0000, 0xce59, 0xdedb, 0xdedb,
			0xdedb, 0xdedb, 0xdedb, 0xdedb, 0xd6ba, 0xc618, 0xbdd7, 0xc618, 0xd6ba, 0xdedb, 0xdedb, 0xdedb, 0xdedb, 0xdedb, 0xdedb, 0xdedb,
			0xdedb, 0xdedb, 0xdedb, 0xdedb, 0xdedb, 0xdedb, 0xdedb, 0xdedb, 0xdedb, 0xdedb, 0xdedb, 0xd6ba, 0xc618, 0xbdd7, 0xc618, 0xdedb,
			0xdedb, 0xdedb, 0xdedb, 0xdedb, 0xdedb, 0xdedb, 0xdedb, 0xdedb, 0xdedb, 0xc638, 0xbdd7, 0xc638, 0xdedb, 0xd6ba, 0x2945, 0x3186,
			0xdedb, 0xdedb, 0xdedb, 0xdedb, 0xdedb, 0xdedb, 0xdedb, 0xdedb, 0xce59, 0xbdd7, 0xbdf7, 0xd69a, 0xdedb, 0xdedb, 0xdedb, 0xdedb,
			0xdedb, 0xdedb, 0xdedb, 0xdedb, 0xdedb, 0xd69a, 0xbdd7, 0xbdf7, 0xd6ba, 0xdedb, 0xdedb, 0xdedb, 0xce59, 0xbdd7, 0xbdd7, 0xc638,
			0xd6ba, 0xdedb, 0xdedb, 0xdedb, 0xdedb, 0xdedb, 0xdedb, 0xdedb, 0xdedb, 0xdedb, 0xdedb, 0xdedb, 0xdedb, 0xdedb, 0xdedb, 0xdedb,
			0xc618, 0xdedb, 0xdedb, 0xdedb, 0xdedb, 0xdedb, 0xdedb, 0xdedb, 0xdedb, 0xdedb, 0xdedb, 0xdedb, 0xdedb, 0xdedb, 0xdedb, 0xdedb,
			0xdedb, 0xdedb, 0xdedb, 0x4208, 0x0000, 0xce59, 0xdedb, 0xdedb, 0xce79, 0x2124, 0x73ae, 0xad75, 0x2965, 0x0020, 0x0000, 0x0020,
			0x2124, 0xad55, 0xdedb, 0xdedb, 0x94b2, 0x18c3, 0x8410, 0xdedb, 0xdedb, 0xdedb, 0xdedb, 0xdedb, 0xd6ba, 0x39c7, 0x2124, 0xce59,
			0xdedb, 0xdedb, 0xad75, 0x2965, 0x0020, 0x0000, 0x0020, 0x3186, 0xbdd7, 0xdedb, 0xdedb, 0xdedb, 0xdedb, 0x31a6, 0x632c, 0xce79,
			0x528a, 0x0841, 0x0000, 0x4a69, 0xa514, 0x2124, 0x0000, 0x0020, 0x18c3, 0x18c3, 0x2104, 0xce59, 0xdedb, 0xdedb, 0xce79, 0x630c,
			0x0861, 0x0000, 0x0000, 0x10a2, 0x7bef, 0xd6ba, 0xdedb, 0xdedb, 0xdedb, 0x8c51, 0x18e3, 0xce79, 0x9cd3, 0x10a2, 0x0000, 0x0861,
			0xc638, 0xdedb, 0xc618, 0x4208, 0x0861, 0x0000, 0x0000, 0x0841, 0x2104, 0x9cd3, 0xdedb, 0xdedb, 0xdedb, 0xdedb, 0xdedb, 0xdedb,
			0xdedb, 0xdedb, 0xdedb, 0xdedb, 0xdedb, 0xdedb, 0xdedb, 0xdedb, 0xc618, 0xdedb, 0xdedb, 0xdedb, 0xdedb, 0xdedb, 0xdedb, 0xdedb,
			0xdedb, 0xdedb, 0xdedb, 0xdedb, 0xdedb, 0xdedb, 0xdedb, 0xdedb, 0xdedb, 0xdedb, 0xdedb, 0x4208, 0x0000, 0xce59, 0xdedb, 0xdedb,
			0xce79, 0x0861, 0x2104, 0x10a2, 0x4a49, 0x94b2, 0xa534, 0x630c, 0x0020, 0x1082, 0xc638, 0xdedb, 0xc638, 0x0861, 0x2945, 0xd6ba,
			0xdedb, 0xdedb, 0xdedb, 0xdedb, 0xb5b6, 0x0020, 0x4208, 0xdedb, 0xdedb, 0xad55, 0x0841, 0x18e3, 0x8410, 0xad55, 0x738e, 0x0861,
			0x10a2, 0xbdf7, 0xdedb, 0xdedb, 0xdedb, 0x18e3, 0x39e7, 0x4208, 0x10a2, 0x632c, 0x7bcf, 0x9cd3, 0x9492, 0x5acb, 0x0841, 0x10a2,
			0x5acb, 0x5acb, 0x630c, 0xce79, 0xdedb, 0xd69a, 0x39e7, 0x0000, 0x52aa, 0xa534, 0x9cd3, 0x31a6, 0x0000, 0x6b6d, 0xdedb, 0xdedb,
			0xdedb, 0x8410, 0x0000, 0x8430, 0x0841, 0x4228, 0x7bcf, 0x73ae, 0xd6ba, 0xd69a, 0x2124, 0x0841, 0x6b6d, 0xad55, 0xa514, 0x6b4d,
			0x2945, 0xad75, 0xdedb, 0xdedb, 0xdedb, 0xdedb, 0xdedb, 0xdedb, 0xdedb, 0xdedb, 0xdedb, 0xdedb, 0xdedb, 0xdedb, 0xdedb, 0xdedb,
			0xc618, 0xdedb, 0xdedb, 0xdedb, 0xdedb, 0xdedb, 0xdedb, 0xdedb, 0xdedb, 0xdedb, 0xdedb, 0xdedb, 0xdedb, 0xdedb, 0xdedb, 0xdedb,
			0xdedb, 0xdedb, 0xdedb, 0x4208, 0x0000, 0xce59, 0xdedb, 0xdedb, 0xce79, 0x0861, 0x0000, 0x73ae, 0xdedb, 0xdedb, 0xdedb, 0xdedb,
			0x7bcf, 0x0000, 0x7bef, 0xdedb, 0xdedb, 0x4a69, 0x0000, 0xb596, 0xdedb, 0xdedb, 0xdedb, 0xdedb, 0x6b6d, 0x0000, 0x9cf3, 0xdedb,
			0xd6ba, 0x2945, 0x10a2, 0xc638, 0xdedb, 0xdedb, 0xdedb, 0xa514, 0x0000, 0x528a, 0xdedb, 0xdedb, 0xdedb, 0x18e3, 0x0020, 0x2945,
			0xce59, 0xdedb, 0xdedb, 0xdedb, 0xdedb, 0xd6ba, 0x1082, 0x3186, 0xdedb, 0xdedb, 0xdedb, 0xdedb, 0xdedb, 0x8430, 0x0000, 0x7bcf,
			0xdedb, 0xdedb, 0xdedb, 0xd69a, 0x2965, 0x0861, 0xc618, 0xdedb, 0xdedb, 0x8410, 0x0000, 0x0841, 0x8c51, 0xdedb, 0xdedb, 0xdedb,
			0xdedb, 0xb596, 0x0000, 0x738e, 0xdedb, 0xdedb, 0xdedb, 0xdedb, 0xdedb, 0xdedb, 0xdedb, 0xdedb, 0xdedb, 0xdedb, 0xdedb, 0xdedb,
			0xdedb, 0xdedb, 0xdedb, 0xdedb, 0xdedb, 0xdedb, 0xdedb, 0xdedb, 0xc618, 0xdedb, 0xdedb, 0xdedb, 0xdedb, 0xdedb, 0xdedb, 0xdedb,
			0xdedb, 0xdedb, 0xdedb, 0xdedb, 0xdedb, 0xdedb, 0xdedb, 0xdedb, 0xdedb, 0xdedb, 0xdedb, 0x4208, 0x0000, 0xce59, 0xdedb, 0xdedb,
			0xce79, 0x0861, 0x0861, 0xce59, 0xdedb, 0xdedb, 0xdedb, 0xdedb, 0xb596, 0x0000, 0x5acb, 0xdedb, 0xdedb, 0xa534, 0x0000, 0x632c,
			0xdedb, 0xdedb, 0xdedb, 0xd69a, 0x18c3, 0x18c3, 0xd69a, 0xdedb, 0xad55, 0x0000, 0x6b4d, 0xdedb, 0xdedb, 0xdedb, 0xdedb, 0xd69a,
			0x18c3, 0x1082, 0xd69a, 0xdedb, 0xdedb, 0x18e3, 0x0000, 0xa534, 0xdedb, 0xdedb, 0xdedb, 0xdedb, 0xdedb, 0xd6ba, 0x1082, 0x3186,
			0xdedb, 0xdedb, 0xdedb, 0xdedb, 0xd6ba, 0x2945, 0x1082, 0xd69a, 0xdedb, 0xdedb, 0xdedb, 0xdedb, 0x8410, 0x0000, 0x8c51, 0xdedb,
			0xdedb, 0x8410, 0x0000, 0x4208, 0xdedb, 0xdedb, 0xdedb, 0xdedb, 0xdedb, 0xb5b6, 0x0000, 0x528a, 0xdedb, 0xdedb, 0xdedb, 0xdedb,
			0xdedb, 0xdedb, 0xdedb, 0xdedb, 0xdedb, 0xdedb, 0xdedb, 0xdedb, 0xdedb, 0xdedb, 0xdedb, 0xdedb, 0xdedb, 0xdedb, 0xdedb, 0xdedb,
			0xc618, 0xdedb, 0xdedb, 0xdedb, 0xdedb, 0xdedb, 0xdedb, 0xdedb, 0xdedb, 0xdedb, 0xdedb, 0xdedb, 0xdedb, 0xdedb, 0xdedb, 0xdedb,
			0xdedb, 0xdedb, 0xdedb, 0x4208, 0x0000, 0xce59, 0xdedb, 0xdedb, 0xce79, 0x0861, 0x2124, 0xd6ba, 0xdedb, 0xdedb, 0xdedb, 0xdedb,
			0xbdd7, 0x0000, 0x5acb, 0xdedb, 0xdedb, 0xd69a, 0x18e3, 0x18c3, 0xd6ba, 0xdedb, 0xdedb, 0xa534, 0x0000, 0x630c, 0xdedb, 0xdedb,
			0x7bcf, 0x0000, 0x632c, 0x94b2, 0x94b2, 0x94b2, 0x94b2, 0x94b2, 0x2104, 0x0841, 0xc618, 0xdedb, 0xdedb, 0x18e3, 0x18c3, 0xd6ba,
			0xdedb, 0xdedb, 0xdedb, 0xdedb, 0xdedb, 0xd6ba, 0x1082, 0x3186, 0xdedb, 0xdedb, 0xdedb, 0xdedb, 0xce59, 0x0861, 0x2124, 0x94b2,
			0x94b2, 0x94b2, 0x94b2, 0x94b2, 0x6b6d, 0x0000, 0x632c, 0xdedb, 0xdedb, 0x8410, 0x0000, 0x8410, 0xdedb, 0xdedb, 0xdedb, 0xdedb,
			0xdedb, 0xd6ba, 0x39c7, 0x0000, 0x39e7, 0xa514, 0xdedb, 0xdedb, 0xdedb, 0xdedb, 0xdedb, 0xdedb, 0xdedb, 0xdedb, 0xdedb, 0xdedb,
			0xdedb, 0xdedb, 0xdedb, 0xdedb, 0xdedb, 0xdedb, 0xdedb, 0xdedb, 0xc618, 0xdedb, 0xdedb, 0xdedb, 0xdedb, 0xdedb, 0xdedb, 0xdedb,
			0xdedb, 0xdedb, 0xdedb, 0xdedb, 0xdedb, 0xdedb, 0xdedb, 0xdedb, 0xdedb, 0xdedb, 0xdedb, 0x4208, 0x0000, 0xce59, 0xdedb, 0xdedb,
			0xce79, 0x0861, 0x3186, 0xdedb, 0xdedb, 0xdedb, 0xdedb, 0xdedb, 0xbdd7, 0x0000, 0x5acb, 0xdedb, 0xdedb, 0xdedb, 0x6b6d, 0x0000,
			0x9cf3, 0xdedb, 0xdedb, 0x5acb, 0x0020, 0xbdd7, 0xdedb, 0xdedb, 0x5aeb, 0x0000, 0x0000, 0x0000, 0x0000, 0x0000, 0x0000, 0x0000,
			0x0000, 0x0841, 0xc618, 0xdedb, 0xdedb, 0x18e3, 0x2124, 0xd6ba, 0xdedb, 0xdedb, 0xdedb, 0xdedb, 0xdedb, 0xd6ba, 0x1082, 0x3186,
			0xdedb, 0xdedb, 0xdedb, 0xdedb, 0xbdf7, 0x0020, 0x0000, 0x0000, 0x0000, 0x0000, 0x0000, 0x0000, 0x0000, 0x0000, 0x632c, 0xdedb,
			0xdedb, 0x8410, 0x0000, 0x9cd3, 0xdedb, 0xdedb, 0xdedb, 0xdedb, 0xdedb, 0xdedb, 0xd69a, 0x630c, 0x0861, 0x0000, 0x18e3, 0x7bcf,
			0xce79, 0xdedb, 0xdedb, 0xdedb, 0xdedb, 0xdedb, 0xdedb, 0xdedb, 0xdedb, 0xdedb, 0xdedb, 0xdedb, 0xdedb, 0xdedb, 0xdedb, 0xdedb,
			0xc618, 0xdedb, 0xdedb, 0xdedb, 0xdedb, 0xdedb, 0xdedb, 0xdedb, 0xdedb, 0xdedb, 0xdedb, 0xdedb, 0xdedb, 0xdedb, 0xdedb, 0xdedb,
			0xdedb, 0xdedb, 0xdedb, 0x4208, 0x0000, 0xce59, 0xdedb, 0xdedb, 0xce79, 0x0861, 0x3186, 0xdedb, 0xdedb, 0xdedb, 0xdedb, 0xdedb,
			0xbdd7, 0x0000, 0x5acb, 0xdedb, 0xdedb, 0xdedb, 0xc618, 0x0020, 0x4a69, 0xdedb, 0xce79, 0x0861, 0x3186, 0xd6ba, 0xdedb, 0xdedb,
			0x630c, 0x0000, 0xa514, 0xd6ba, 0xd6ba, 0xd6ba, 0xd6ba, 0xd6ba, 0xd6ba, 0xd6ba, 0xdedb, 0xdedb, 0xdedb, 0x18e3, 0x2124, 0xd6ba,
			0xdedb, 0xdedb, 0xdedb, 0xdedb, 0xdedb, 0xd6ba, 0x1082, 0x3186, 0xdedb, 0xdedb, 0xdedb, 0xdedb, 0xbdf7, 0x0020, 0x4208, 0xd6ba,
			0xd6ba, 0xd6ba, 0xd6ba, 0xd6ba, 0xd6ba, 0xd6ba, 0xd6ba, 0xdedb, 0xdedb, 0x8410, 0x0000, 0x9cd3, 0xdedb, 0xdedb, 0xdedb, 0xdedb,
			0xdedb, 0xdedb, 0xdedb, 0xdedb, 0xce79, 0x7bcf, 0x2104, 0x0000, 0x2104, 0xbdf7, 0xdedb, 0xdedb, 0xdedb, 0xdedb, 0xdedb, 0xdedb,
			0xdedb, 0xdedb, 0xdedb, 0xdedb, 0xdedb, 0xdedb, 0xdedb, 0xdedb, 0xc618, 0xdedb, 0xdedb, 0xdedb, 0xdedb, 0xdedb, 0xdedb, 0xdedb,
			0xdedb, 0xdedb, 0xdedb, 0xdedb, 0xdedb, 0xdedb, 0xdedb, 0xdedb, 0xdedb, 0xdedb, 0xdedb, 0x4208, 0x0000, 0xce59, 0xdedb, 0xdedb,
			0xce79, 0x0861, 0x3186, 0xdedb, 0xdedb, 0xdedb, 0xdedb, 0xdedb, 0xbdd7, 0x0000, 0x5acb, 0xdedb, 0xdedb, 0xdedb, 0xd6ba, 0x39e7,
			0x0861, 0xce79, 0x94b2, 0x0000, 0x8430, 0xdedb, 0xdedb, 0xdedb, 0x7bcf, 0x0000, 0x8410, 0xdedb, 0xdedb, 0xdedb, 0xdedb, 0xdedb,
			0xdedb, 0xdedb, 0xdedb, 0xdedb, 0xdedb, 0x18e3, 0x2124, 0xd6ba, 0xdedb, 0xdedb, 0xdedb, 0xdedb, 0xdedb, 0xd6ba, 0x1082, 0x3186,
			0xdedb, 0xdedb, 0xdedb, 0xdedb, 0xce59, 0x0861, 0x2104, 0xd6ba, 0xdedb, 0xdedb, 0xdedb, 0xdedb, 0xdedb, 0xdedb, 0xdedb, 0xdedb,
			0xdedb, 0x8410, 0x0000, 0x9cd3, 0xdedb, 0xdedb, 0xdedb, 0xdedb, 0xdedb, 0xdedb, 0xdedb, 0xdedb, 0xdedb, 0xdedb, 0xd6ba, 0x73ae,
			0x0000, 0x4228, 0xdedb, 0xdedb, 0xdedb, 0xdedb, 0xdedb, 0xdedb, 0xdedb, 0xdedb, 0xdedb, 0xdedb, 0xdedb, 0xdedb, 0xdedb, 0xdedb,
			0xc618, 0xdedb, 0xdedb, 0xdedb, 0xdedb, 0xdedb, 0xdedb, 0xdedb, 0xdedb, 0xdedb, 0xdedb, 0xdedb, 0xdedb, 0xdedb, 0xdedb, 0xdedb,
			0xdedb, 0xdedb, 0xdedb, 0x4208, 0x0000, 0xce59, 0xdedb, 0xdedb, 0xce79, 0x0861, 0x3186, 0xdedb, 0xdedb, 0xdedb, 0xdedb, 0xdedb,
			0xbdd7, 0x0000, 0x5acb, 0xdedb, 0xdedb, 0xdedb, 0xdedb, 0x9492, 0x0000, 0x8c71, 0x4a49, 0x1082, 0xce79, 0xdedb, 0xdedb, 0xdedb,
			0xb5b6, 0x0000, 0x39c7, 0xdedb, 0xdedb, 0xdedb, 0xdedb, 0xdedb, 0xdedb, 0xdedb, 0xdedb, 0xdedb, 0xdedb, 0x18e3, 0x2124, 0xd6ba,
			0xdedb, 0xdedb, 0xdedb, 0xdedb, 0xdedb, 0xd6ba, 0x10a2, 0x2965, 0xdedb, 0xdedb, 0xdedb, 0xdedb, 0xd6ba, 0x31a6, 0x0020, 0xad75,
			0xdedb, 0xdedb, 0xdedb, 0xdedb, 0xdedb, 0xdedb, 0xdedb, 0xdedb, 0xdedb, 0x8410, 0x0000, 0x9cd3, 0xdedb, 0xdedb, 0xdedb, 0xdedb,
			0xdedb, 0xdedb, 0xdedb, 0xdedb, 0xdedb, 0xdedb, 0xdedb, 0xd6ba, 0x18e3, 0x2124, 0xd6ba, 0xdedb, 0xdedb, 0xdedb, 0xdedb, 0xdedb,
			0xdedb, 0xdedb, 0xdedb, 0xdedb, 0xdedb, 0xdedb, 0xdedb, 0xdedb, 0xc618, 0xdedb, 0xdedb, 0xdedb, 0xdedb, 0xdedb, 0xdedb, 0xdedb,
			0xdedb, 0xdedb, 0xdedb, 0xdedb, 0xdedb, 0xdedb, 0xdedb, 0xdedb, 0xdedb, 0xdedb, 0xdedb, 0x4208, 0x0000, 0xce59, 0xdedb, 0xdedb,
			0xce79, 0x0861, 0x3186, 0xdedb, 0xdedb, 0xdedb, 0xdedb, 0xdedb, 0xbdd7, 0x0000, 0x5acb, 0xdedb, 0xdedb, 0xdedb, 0xdedb, 0xd69a,
			0x10a2, 0x4208, 0x0841, 0x4a69, 0xdedb, 0xdedb, 0xdedb, 0xdedb, 0xd6ba, 0x4208, 0x0000, 0x73ae, 0xd6ba, 0xdedb, 0xdedb, 0xdedb,
			0xce79, 0xbdd7, 0xdedb, 0xdedb, 0xdedb, 0x18e3, 0x2124, 0xd6ba, 0xdedb, 0xdedb, 0xdedb, 0xdedb, 0xdedb, 0xdedb, 0x2945, 0x1082,
			0xce59, 0xdedb, 0xdedb, 0xdedb, 0xdedb, 0x9cf3, 0x0020, 0x2124, 0xbdf7, 0xdedb, 0xdedb, 0xdedb, 0xd6ba, 0xbdd7, 0xd6ba, 0xdedb,
			0xdedb, 0x8410, 0x0000, 0x9cd3, 0xdedb, 0xdedb, 0xdedb, 0xdedb, 0xdedb, 0xce59, 0xb5b6, 0xd6ba, 0xdedb, 0xdedb, 0xdedb, 0xbdf7,
			0x0861, 0x39e7, 0xdedb, 0xdedb, 0xdedb, 0xdedb, 0xdedb, 0xdedb, 0xdedb, 0xdedb, 0xdedb, 0xdedb, 0xdedb, 0xdedb, 0xdedb, 0xdedb,
			0xc618, 0xdedb, 0xdedb, 0xdedb, 0xdedb, 0xdedb, 0xdedb, 0xdedb, 0xdedb, 0xdedb, 0xdedb, 0xdedb, 0xdedb, 0xdedb, 0xdedb, 0xdedb,
			0xdedb, 0xdedb, 0xdedb, 0x4208, 0x0000, 0xce59, 0xdedb, 0xdedb, 0xce79, 0x0861, 0x3186, 0xdedb, 0xdedb, 0xdedb, 0xdedb, 0xdedb,
			0xbdd7, 0x0000, 0x5acb, 0xdedb, 0xdedb, 0xdedb, 0xdedb, 0xdedb, 0x630c, 0x0000, 0x0000, 0xa534, 0xdedb, 0xdedb, 0xdedb, 0xdedb,
			0xdedb, 0xce59, 0x2945, 0x0000, 0x18e3, 0x528a, 0x52aa, 0x2965, 0x0861, 0x4a69, 0xdedb, 0xdedb, 0xdedb, 0x18e3, 0x2124, 0xd6ba,
			0xdedb, 0xdedb, 0xdedb, 0xdedb, 0xdedb, 0xdedb, 0x73ae, 0x0000, 0x2104, 0x6b6d, 0x630c, 0xc638, 0xdedb, 0xdedb, 0x73ae, 0x0020,
			0x0841, 0x39e7, 0x5acb, 0x4208, 0x18c3, 0x0861, 0xce59, 0xdedb, 0xdedb, 0x8410, 0x0000, 0x9cd3, 0xdedb, 0xdedb, 0xdedb, 0xdedb,
			0xdedb, 0xb596, 0x0020, 0x2104, 0x5aeb, 0x738e, 0x52aa, 0x0861, 0x0861, 0xad55, 0xdedb, 0xdedb, 0xdedb, 0xdedb, 0xdedb, 0xdedb,
			0xdedb, 0xdedb, 0xdedb, 0xdedb, 0xdedb, 0xdedb, 0xdedb, 0xdedb, 0xc618, 0xdedb, 0xdedb, 0xdedb, 0xdedb, 0xdedb, 0xdedb, 0xdedb,
			0xdedb, 0xdedb, 0xdedb, 0xdedb, 0xdedb, 0xdedb, 0xdedb, 0xdedb, 0xdedb, 0xdedb, 0xdedb, 0x7bef, 0x5acb, 0xce79, 0xdedb, 0xdedb,
			0xd69a, 0x630c, 0x73ae, 0xdedb, 0xdedb, 0xdedb, 0xdedb, 0xdedb, 0xc638, 0x5acb, 0x8c71, 0xdedb, 0xdedb, 0xdedb, 0xdedb, 0xdedb,
			0xb5b6, 0x5acb, 0x632c, 0xd6ba, 0xdedb, 0xdedb, 0xdedb, 0xdedb, 0xdedb, 0xdedb, 0xce79, 0x7bcf, 0x2965, 0x0861, 0x0861, 0x2104,
			0x5acb, 0xb5b6, 0xdedb, 0xdedb, 0xdedb, 0x6b4d, 0x6b6d, 0xdedb, 0xdedb, 0xdedb, 0xdedb, 0xdedb, 0xdedb, 0xdedb, 0xd6ba, 0x738e,
			0x18e3, 0x0861, 0x2965, 0xce59, 0xdedb, 0xdedb, 0xdedb, 0xad55, 0x4a49, 0x10a2, 0x0861, 0x10a2, 0x4208, 0x8c51, 0xd6ba, 0xdedb,
			0xdedb, 0xa534, 0x5acb, 0xb596, 0xdedb, 0xdedb, 0xdedb, 0xdedb, 0xdedb, 0xd69a, 0x738e, 0x3186, 0x1082, 0x0861, 0x18e3, 0x52aa,
			0xbdd7, 0xdedb, 0xdedb, 0xdedb, 0xdedb, 0xdedb, 0xdedb, 0xdedb, 0xdedb, 0xdedb, 0xdedb, 0xdedb, 0xdedb, 0xdedb, 0xdedb, 0xdedb,
			0xc618, 0xdedb, 0xdedb, 0xdedb, 0xdedb, 0xdedb, 0xdedb, 0xdedb, 0xdedb, 0xdedb, 0xdedb, 0xdedb, 0xdedb, 0xdedb, 0xdedb, 0xdedb,
			0xdedb, 0xdedb, 0xdedb, 0xdedb, 0xdedb, 0xdedb, 0xdedb, 0xdedb, 0xdedb, 0xdedb, 0xdedb, 0xdedb, 0xdedb, 0xdedb, 0xdedb, 0xdedb,
			0xdedb, 0xdedb, 0xdedb, 0xdedb, 0xdedb, 0xdedb, 0xdedb, 0xdedb, 0xdedb, 0xdedb, 0xdedb, 0xdedb, 0xdedb, 0xdedb, 0xdedb, 0xdedb,
			0xdedb, 0xdedb, 0xdedb, 0xdedb, 0xdedb, 0xdedb, 0xdedb, 0xdedb, 0xdedb, 0xdedb, 0xdedb, 0xdedb, 0xdedb, 0xdedb, 0xdedb, 0xdedb,
			0xdedb, 0xdedb, 0xdedb, 0xdedb, 0xdedb, 0xdedb, 0xdedb, 0xdedb, 0xdedb, 0xdedb, 0xdedb, 0xdedb, 0xdedb, 0xdedb, 0xdedb, 0xdedb,
			0xdedb, 0xdedb, 0xdedb, 0xdedb, 0xdedb, 0xdedb, 0xdedb, 0xdedb, 0xdedb, 0xdedb, 0xdedb, 0xdedb, 0xdedb, 0xdedb, 0xdedb, 0xdedb,
			0xdedb, 0xdedb, 0xdedb, 0xdedb, 0xdedb, 0xdedb, 0xdedb, 0xdedb, 0xdedb, 0xdedb, 0xdedb, 0xdedb, 0xdedb, 0xdedb, 0xdedb, 0xdedb,
			0xdedb, 0xdedb, 0xdedb, 0xdedb, 0xdedb, 0xdedb, 0xdedb, 0xdedb, 0xc618, 0xdedb, 0xdedb, 0xdedb, 0xdedb, 0xdedb, 0xdedb, 0xdedb,
			0xdedb, 0xdedb, 0xdedb, 0xdedb, 0xdedb, 0xdedb, 0xdedb, 0xdedb, 0xdedb, 0xdedb, 0xdedb, 0xdedb, 0xdedb, 0xdedb, 0xdedb, 0xdedb,
			0xdedb, 0xdedb, 0xdedb, 0xdedb, 0xdedb, 0xdedb, 0xdedb, 0xdedb, 0xdedb, 0xdedb, 0xdedb, 0xdedb, 0xdedb, 0xdedb, 0xdedb, 0xdedb,
			0xdedb, 0xdedb, 0xdedb, 0xdedb, 0xdedb, 0xdedb, 0xdedb, 0xdedb, 0xdedb, 0xdedb, 0xdedb, 0xdedb, 0xdedb, 0xdedb, 0xdedb, 0xdedb,
			0xdedb, 0xdedb, 0xdedb, 0xdedb, 0xdedb, 0xdedb, 0xdedb, 0xdedb, 0xdedb, 0xdedb, 0xdedb, 0xdedb, 0xdedb, 0xdedb, 0xdedb, 0xdedb,
			0xdedb, 0xdedb, 0xdedb, 0xdedb, 0xdedb, 0xdedb, 0xdedb, 0xdedb, 0xdedb, 0xdedb, 0xdedb, 0xdedb, 0xdedb, 0xdedb, 0xdedb, 0xdedb,
			0xdedb, 0xdedb, 0xdedb, 0xdedb, 0xdedb, 0xdedb, 0xdedb, 0xdedb, 0xdedb, 0xdedb, 0xdedb, 0xdedb, 0xdedb, 0xdedb, 0xdedb, 0xdedb,
			0xdedb, 0xdedb, 0xdedb, 0xdedb, 0xdedb, 0xdedb, 0xdedb, 0xdedb, 0xdedb, 0xdedb, 0xdedb, 0xdedb, 0xdedb, 0xdedb, 0xdedb, 0xdedb,
			0xc618, 0xdedb, 0xdedb, 0xdedb, 0xdedb, 0xdedb, 0xdedb, 0xdedb, 0xdedb, 0xdedb, 0xdedb, 0xdedb, 0xdedb, 0xdedb, 0xdedb, 0xdedb,
			0xdedb, 0xdedb, 0xdedb, 0xdedb, 0xdedb, 0xdedb, 0xdedb, 0xdedb, 0xdedb, 0xdedb, 0xdedb, 0xdedb, 0xdedb, 0xdedb, 0xdedb, 0xdedb,
			0xdedb, 0xdedb, 0xdedb, 0xdedb, 0xdedb, 0xdedb, 0xdedb, 0xdedb, 0xdedb, 0xdedb, 0xdedb, 0xdedb, 0xdedb, 0xdedb, 0xdedb, 0xdedb,
			0xdedb, 0xdedb, 0xdedb, 0xdedb, 0xdedb, 0xdedb, 0xdedb, 0xdedb, 0xdedb, 0xdedb, 0xdedb, 0xdedb, 0xdedb, 0xdedb, 0xdedb, 0xdedb,
			0xdedb, 0xdedb, 0xdedb, 0xdedb, 0xdedb, 0xdedb, 0xdedb, 0xdedb, 0xdedb, 0xdedb, 0xdedb, 0xdedb, 0xdedb, 0xdedb, 0xdedb, 0xdedb,
			0xdedb, 0xdedb, 0xdedb, 0xdedb, 0xdedb, 0xdedb, 0xdedb, 0xdedb, 0xdedb, 0xdedb, 0xdedb, 0xdedb, 0xdedb, 0xdedb, 0xdedb, 0xdedb,
			0xdedb, 0xdedb, 0xdedb, 0xdedb, 0xdedb, 0xdedb, 0xdedb, 0xdedb, 0xdedb, 0xdedb, 0xdedb, 0xdedb, 0xdedb, 0xdedb, 0xdedb, 0xdedb,
			0xdedb, 0xdedb, 0xdedb, 0xdedb, 0xdedb, 0xdedb, 0xdedb, 0xdedb, 0xc618, 0xdedb, 0xdedb, 0xdedb, 0xdedb, 0xdedb, 0xdedb, 0xdedb,
			0xdedb, 0xdedb, 0xdedb, 0xdedb, 0xdedb, 0xdedb, 0xdedb, 0xdedb, 0xdedb, 0xdedb, 0xdedb, 0xdedb, 0xdedb, 0xdedb, 0xdedb, 0xdedb,
			0xdedb, 0xdedb, 0xdedb, 0xdedb, 0xdedb, 0xdedb, 0xdedb, 0xdedb, 0xdedb, 0xdedb, 0xdedb, 0xdedb, 0xdedb, 0xdedb, 0xdedb, 0xdedb,
			0xdedb, 0xdedb, 0xdedb, 0xdedb, 0xdedb, 0xdedb, 0xdedb, 0xdedb, 0xdedb, 0xdedb, 0xdedb, 0xdedb, 0xdedb, 0xdedb, 0xdedb, 0xdedb,
			0xdedb, 0xdedb, 0xdedb, 0xdedb, 0xdedb, 0xdedb, 0xdedb, 0xdedb, 0xdedb, 0xdedb, 0xdedb, 0xdedb, 0xdedb, 0xdedb, 0xdedb, 0xdedb,
			0xdedb, 0xdedb, 0xdedb, 0xdedb, 0xdedb, 0xdedb, 0xdedb, 0xdedb, 0xdedb, 0xdedb, 0xdedb, 0xdedb, 0xdedb, 0xdedb, 0xdedb, 0xdedb,
			0xdedb, 0xdedb, 0xdedb, 0xdedb, 0xdedb, 0xdedb, 0xdedb, 0xdedb, 0xdedb, 0xdedb, 0xdedb, 0xdedb, 0xdedb, 0xdedb, 0xdedb, 0xdedb,
			0xdedb, 0xdedb, 0xdedb, 0xdedb, 0xdedb, 0xdedb, 0xdedb, 0xdedb, 0xdedb, 0xdedb, 0xdedb, 0xdedb, 0xdedb, 0xdedb, 0xdedb, 0xdedb,
			0xc618, 0xdedb, 0xdedb, 0xdedb, 0xdedb, 0xdedb, 0xdedb, 0xdedb, 0xdedb, 0xdedb, 0xdedb, 0xdedb, 0xdedb, 0xdedb, 0xdedb, 0xdedb,
			0xdedb, 0xdedb, 0xdedb, 0xdedb, 0xdedb, 0xdedb, 0xdedb, 0xdedb, 0xdedb, 0xdedb, 0xdedb, 0xdedb, 0xdedb, 0xdedb, 0xdedb, 0xdedb,
			0xdedb, 0xdedb, 0xdedb, 0xdedb, 0xdedb, 0xdedb, 0xdedb, 0xdedb, 0xdedb, 0xdedb, 0xdedb, 0xdedb, 0xdedb, 0xdedb, 0xdedb, 0xdedb,
			0xdedb, 0xdedb, 0xdedb, 0xdedb, 0xdedb, 0xdedb, 0xdedb, 0xdedb, 0xdedb, 0xdedb, 0xdedb, 0xdedb, 0xdedb, 0xdedb, 0xdedb, 0xdedb,
			0xdedb, 0xdedb, 0xdedb, 0xdedb, 0xdedb, 0xdedb, 0xdedb, 0xdedb, 0xdedb, 0xdedb, 0xdedb, 0xdedb, 0xdedb, 0xdedb, 0xdedb, 0xdedb,
			0xdedb, 0xdedb, 0xdedb, 0xdedb, 0xdedb, 0xdedb, 0xdedb, 0xdedb, 0xdedb, 0xdedb, 0xdedb, 0xdedb, 0xdedb, 0xdedb, 0xdedb, 0xdedb,
			0xdedb, 0xdedb, 0xdedb, 0xdedb, 0xdedb, 0xdedb, 0xdedb, 0xdedb, 0xdedb, 0xdedb, 0xdedb, 0xdedb, 0xdedb, 0xdedb, 0xdedb, 0xdedb,
			0xdedb, 0xdedb, 0xdedb, 0xdedb, 0xdedb, 0xdedb, 0xdedb, 0xdedb, 0xc618, 0xdedb, 0xdedb, 0xdedb, 0xdedb, 0xdedb, 0xdedb, 0xdedb,
			0xdedb, 0xdedb, 0xdedb, 0xdedb, 0xdedb, 0xdedb, 0xdedb, 0xdedb, 0xdedb, 0xdedb, 0xdedb, 0xdedb, 0xdedb, 0xdedb, 0xdedb, 0xdedb,
			0xdedb, 0xdedb, 0xdedb, 0xdedb, 0xdedb, 0xdedb, 0xdedb, 0xdedb, 0xdedb, 0xdedb, 0xdedb, 0xdedb, 0xdedb, 0xdedb, 0xdedb, 0xdedb,
			0xdedb, 0xdedb, 0xdedb, 0xdedb, 0xdedb, 0xdedb, 0xdedb, 0xdedb, 0xdedb, 0xdedb, 0xdedb, 0xdedb, 0xdedb, 0xdedb, 0xdedb, 0xdedb,
			0xdedb, 0xdedb, 0xdedb, 0xdedb, 0xdedb, 0xdedb, 0xdedb, 0xdedb, 0xdedb, 0xdedb, 0xdedb, 0xdedb, 0xdedb, 0xdedb, 0xdedb, 0xdedb,
			0xdedb, 0xdedb, 0xdedb, 0xdedb, 0xdedb, 0xdedb, 0xdedb, 0xdedb, 0xdedb, 0xdedb, 0xdedb, 0xdedb, 0xdedb, 0xdedb, 0xdedb, 0xdedb,
			0xdedb, 0xdedb, 0xdedb, 0xdedb, 0xdedb, 0xdedb, 0xdedb, 0xdedb, 0xdedb, 0xdedb, 0xdedb, 0xdedb, 0xdedb, 0xdedb, 0xdedb, 0xdedb,
			0xdedb, 0xdedb, 0xdedb, 0xdedb, 0xdedb, 0xdedb, 0xdedb, 0xdedb, 0xdedb, 0xdedb, 0xdedb, 0xdedb, 0xdedb, 0xdedb, 0xdedb, 0xdedb,
			0xc618, 0xdedb, 0xdedb, 0xdedb, 0xdedb, 0xdedb, 0xdedb, 0xdedb, 0xdedb, 0xdedb, 0xdedb, 0xdedb, 0xdedb, 0xdedb, 0xdedb, 0xdedb,
			0xdedb, 0xdedb, 0xdedb, 0xdedb, 0xdedb, 0xdedb, 0xdedb, 0xdedb, 0xdedb, 0xdedb, 0xdedb, 0xdedb, 0xdedb, 0xdedb, 0xdedb, 0xdedb,
			0xdedb, 0xdedb, 0xdedb, 0xdedb, 0xdedb, 0xdedb, 0xdedb, 0xdedb, 0xdedb, 0xdedb, 0xdedb, 0xdedb, 0xdedb, 0xdedb, 0xdedb, 0xdedb,
			0xdedb, 0xdedb, 0xdedb, 0xdedb, 0xdedb, 0xdedb, 0xdedb, 0xdedb, 0xdedb, 0xdedb, 0xdedb, 0xdedb, 0xdedb, 0xdedb, 0xdedb, 0xdedb,
			0xdedb, 0xdedb, 0xdedb, 0xdedb, 0xdedb, 0xdedb, 0xdedb, 0xdedb, 0xdedb, 0xdedb, 0xdedb, 0xdedb, 0xdedb, 0xdedb, 0xdedb, 0xdedb,
			0xdedb, 0xdedb, 0xdedb, 0xdedb, 0xdedb, 0xdedb, 0xdedb, 0xdedb, 0xdedb, 0xdedb, 0xdedb, 0xdedb, 0xdedb, 0xdedb, 0xdedb, 0xdedb,
			0xdedb, 0xdedb, 0xdedb, 0xdedb, 0xdedb, 0xdedb, 0xdedb, 0xdedb, 0xdedb, 0xdedb, 0xdedb, 0xdedb, 0xdedb, 0xdedb, 0xdedb, 0xdedb,
			0xdedb, 0xdedb, 0xdedb, 0xdedb, 0xdedb, 0xdedb, 0xdedb, 0xdedb, 0xc618, 0xdedb, 0xdedb, 0xdedb, 0xdedb, 0xdedb, 0xdedb, 0xdedb,
			0xdedb, 0xdedb, 0xdedb, 0xdedb, 0xdedb, 0xdedb, 0xdedb, 0xdedb, 0xdedb, 0xdedb, 0xdedb, 0xdedb, 0xdedb, 0xdedb, 0xdedb, 0xdedb,
			0xdedb, 0xdedb, 0xdedb, 0xdedb, 0xdedb, 0xdedb, 0xdedb, 0xdedb, 0xdedb, 0xdedb, 0xdedb, 0xdedb, 0xdedb, 0xdedb, 0xdedb, 0xdedb,
			0xdedb, 0xdedb, 0xdedb, 0xdedb, 0xdedb, 0xdedb, 0xdedb, 0xdedb, 0xdedb, 0xdedb, 0xdedb, 0xdedb, 0xdedb, 0xdedb, 0xdedb, 0xdedb,
			0xdedb, 0xdedb, 0xdedb, 0xdedb, 0xdedb, 0xdedb, 0xdedb, 0xdedb, 0xdedb, 0xdedb, 0xdedb, 0xdedb, 0xdedb, 0xdedb, 0xdedb, 0xdedb,
			0xdedb, 0xdedb, 0xdedb, 0xdedb, 0xdedb, 0xdedb, 0xdedb, 0xdedb, 0xdedb, 0xdedb, 0xdedb, 0xdedb, 0xdedb, 0xdedb, 0xdedb, 0xdedb,
			0xdedb, 0xdedb, 0xdedb, 0xdedb, 0xdedb, 0xdedb, 0xdedb, 0xdedb, 0xdedb, 0xdedb, 0xdedb, 0xdedb, 0xdedb, 0xdedb, 0xdedb, 0xdedb,
			0xdedb, 0xdedb, 0xdedb, 0xdedb, 0xdedb, 0xdedb, 0xdedb, 0xdedb, 0xdedb, 0xdedb, 0xdedb, 0xdedb, 0xdedb, 0xdedb, 0xdedb, 0xdedb,
			0xc618, 0xdedb, 0xdedb, 0xdedb, 0xdedb, 0xdedb, 0xdedb, 0xdedb, 0xdedb, 0xdedb, 0xdedb, 0xdedb, 0xdedb, 0xdedb, 0xdedb, 0xdedb,
			0xdedb, 0xdedb, 0xdedb, 0xdedb, 0xdedb, 0xdedb, 0xdedb, 0xdedb, 0xdedb, 0xdedb, 0xdedb, 0xdedb, 0xdedb, 0xdedb, 0xdedb, 0xdedb,
			0xdedb, 0xdedb, 0xdedb, 0xdedb, 0xdedb, 0xdedb, 0xdedb, 0xdedb, 0xdedb, 0xdedb, 0xdedb, 0xdedb, 0xdedb, 0xdedb, 0xdedb, 0xdedb,
			0xdedb, 0xdedb, 0xdedb, 0xdedb, 0xdedb, 0xdedb, 0xdedb, 0xdedb, 0xdedb, 0xdedb, 0xdedb, 0xdedb, 0xdedb, 0xdedb, 0xdedb, 0xdedb,
			0xdedb, 0xdedb, 0xdedb, 0xdedb, 0xdedb, 0xdedb, 0xdedb, 0xdedb, 0xdedb, 0xdedb, 0xdedb, 0xdedb, 0xdedb, 0xdedb, 0xdedb, 0xdedb,
			0xdedb, 0xdedb, 0xdedb, 0xdedb, 0xdedb, 0xdedb, 0xdedb, 0xdedb, 0xdedb, 0xdedb, 0xdedb, 0xdedb, 0xdedb, 0xdedb, 0xdedb, 0xdedb,
			0xdedb, 0xdedb, 0xdedb, 0xdedb, 0xdedb, 0xdedb, 0xdedb, 0xdedb, 0xdedb, 0xdedb, 0xdedb, 0xdedb, 0xdedb, 0xdedb, 0xdedb, 0xdedb,
			0xdedb, 0xdedb, 0xdedb, 0xdedb, 0xdedb, 0xdedb, 0xdedb, 0xdedb, 0xc618, 0xdedb, 0xdedb, 0xdedb, 0xdedb, 0xdedb, 0xdedb, 0xdedb,
			0xdedb, 0xdedb, 0xdedb, 0xdedb, 0xdedb, 0xdedb, 0xdedb, 0xdedb, 0xdedb, 0xdedb, 0xdedb, 0xdedb, 0xdedb, 0xdedb, 0xdedb, 0xdedb,
			0xdedb, 0xdedb, 0xdedb, 0xdedb, 0xdedb, 0xdedb, 0xdedb, 0xdedb, 0xdedb, 0xdedb, 0xdedb, 0xdedb, 0xdedb, 0xdedb, 0xdedb, 0xdedb,
			0xdedb, 0xdedb, 0xdedb, 0xdedb, 0xdedb, 0xdedb, 0xdedb, 0xdedb, 0xdedb, 0xdedb, 0xdedb, 0xdedb, 0xdedb, 0xdedb, 0xdedb, 0xdedb,
			0xdedb, 0xdedb, 0xdedb, 0xdedb, 0xdedb, 0xdedb, 0xdedb, 0xdedb, 0xdedb, 0xdedb, 0xdedb, 0xdedb, 0xdedb, 0xdedb, 0xdedb, 0xdedb,
			0xdedb, 0xdedb, 0xdedb, 0xdedb, 0xdedb, 0xdedb, 0xdedb, 0xdedb, 0xdedb, 0xdedb, 0xdedb, 0xdedb, 0xdedb, 0xdedb, 0xdedb, 0xdedb,
			0xdedb, 0xdedb, 0xdedb, 0xdedb, 0xdedb, 0xdedb, 0xdedb, 0xdedb, 0xdedb, 0xdedb, 0xdedb, 0xdedb, 0xdedb, 0xdedb, 0xdedb, 0xdedb,
			0xdedb, 0xdedb, 0xdedb, 0xdedb, 0xdedb, 0xdedb, 0xdedb, 0xdedb, 0xdedb, 0xdedb, 0xdedb, 0xdedb, 0xdedb, 0xdedb, 0xdedb, 0xdedb,
			0xc618, 0xdedb, 0xdedb, 0xdedb, 0xdedb, 0xdedb, 0xdedb, 0xdedb, 0xdedb, 0xdedb, 0xdedb, 0xdedb, 0xdedb, 0xdedb, 0xdedb, 0xdedb,
			0xdedb, 0xdedb, 0xdedb, 0xdedb, 0xdedb, 0xdedb, 0xdedb, 0xdedb, 0xdedb, 0xdedb, 0xdedb, 0xdedb, 0xdedb, 0xdedb, 0xdedb, 0xdedb,
			0xdedb, 0xdedb, 0xdedb, 0xdedb, 0xdedb, 0xdedb, 0xdedb, 0xdedb, 0xdedb, 0xdedb, 0xdedb, 0xdedb, 0xdedb, 0xdedb, 0xdedb, 0xdedb,
			0xdedb, 0xdedb, 0xdedb, 0xdedb, 0xdedb, 0xdedb, 0xdedb, 0xdedb, 0xdedb, 0xdedb, 0xdedb, 0xdedb, 0xdedb, 0xdedb, 0xdedb, 0xdedb,
			0xdedb, 0xdedb, 0xdedb, 0xdedb, 0xdedb, 0xdedb, 0xdedb, 0xdedb, 0xdedb, 0xdedb, 0xdedb, 0xdedb, 0xdedb, 0xdedb, 0xdedb, 0xdedb,
			0xdedb, 0xdedb, 0xdedb, 0xdedb, 0xdedb, 0xdedb, 0xdedb, 0xdedb, 0xdedb, 0xdedb, 0xdedb, 0xdedb, 0xdedb, 0xdedb, 0xdedb, 0xdedb,
			0xdedb, 0xdedb, 0xdedb, 0xdedb, 0xdedb, 0xdedb, 0xdedb, 0xdedb, 0xdedb, 0xdedb, 0xdedb, 0xdedb, 0xdedb, 0xdedb, 0xdedb, 0xdedb,
			0xdedb, 0xdedb, 0xdedb, 0xdedb, 0xdedb, 0xdedb, 0xdedb, 0xdedb, 0xc618, 0xdedb, 0xdedb, 0xdedb, 0xdedb, 0xdedb, 0xdedb, 0xdedb,
			0xdedb, 0xdedb, 0xdedb, 0xdedb, 0xdedb, 0xdedb, 0xdedb, 0xdedb, 0xdedb, 0xdedb, 0xdedb, 0xdedb, 0xdedb, 0xdedb, 0xdedb, 0xdedb,
			0xdedb, 0xdedb, 0xdedb, 0xdedb, 0xdedb, 0xdedb, 0xdedb, 0xdedb, 0xdedb, 0xdedb, 0xdedb, 0xdedb, 0xdedb, 0xdedb, 0xdedb, 0xdedb,
			0xdedb, 0xdedb, 0xdedb, 0xdedb, 0xdedb, 0xdedb, 0xdedb, 0xdedb, 0xdedb, 0xdedb, 0xdedb, 0xdedb, 0xdedb, 0xdedb, 0xdedb, 0xdedb,
			0xdedb, 0xdedb, 0xdedb, 0xdedb, 0xdedb, 0xdedb, 0xdedb, 0xdedb, 0xdedb, 0xdedb, 0xdedb, 0xdedb, 0xdedb, 0xdedb, 0xdedb, 0xdedb,
			0xdedb, 0xdedb, 0xdedb, 0xdedb, 0xdedb, 0xdedb, 0xdedb, 0xdedb, 0xdedb, 0xdedb, 0xdedb, 0xdedb, 0xdedb, 0xdedb, 0xdedb, 0xdedb,
			0xdedb, 0xdedb, 0xdedb, 0xdedb, 0xdedb, 0xdedb, 0xdedb, 0xdedb, 0xdedb, 0xdedb, 0xdedb, 0xdedb, 0xdedb, 0xdedb, 0xdedb, 0xdedb,
			0xdedb, 0xdedb, 0xdedb, 0xdedb, 0xdedb, 0xdedb, 0xdedb, 0xdedb, 0xdedb, 0xdedb, 0xdedb, 0xdedb, 0xdedb, 0xdedb, 0xdedb, 0xdedb,
			0xc618, 0xdedb, 0xdedb, 0xdedb, 0xdedb, 0xdedb, 0xdedb, 0xdedb, 0xdedb, 0xdedb, 0xdedb, 0xdedb, 0xdedb, 0xdedb, 0xdedb, 0xdedb,
			0xdedb, 0xdedb, 0xdedb, 0xdedb, 0xdedb, 0xdedb, 0xdedb, 0xdedb, 0xdedb, 0xdedb, 0xdedb, 0xdedb, 0xdedb, 0xdedb, 0xdedb, 0xdedb,
			0xdedb, 0xdedb, 0xdedb, 0xdedb, 0xdedb, 0xdedb, 0xdedb, 0xdedb, 0xdedb, 0xdedb, 0xdedb, 0xdedb, 0xdedb, 0xdedb, 0xdedb, 0xdedb,
			0xdedb, 0xdedb, 0xdedb, 0xdedb, 0xdedb, 0xdedb, 0xdedb, 0xdedb, 0xdedb, 0xdedb, 0xdedb, 0xdedb, 0xdedb, 0xdedb, 0xdedb, 0xdedb,
			0xdedb, 0xdedb, 0xdedb, 0xdedb, 0xdedb, 0xdedb, 0xdedb, 0xdedb, 0xdedb, 0xdedb, 0xdedb, 0xdedb, 0xdedb, 0xdedb, 0xdedb, 0xdedb,
			0xdedb, 0xdedb, 0xdedb, 0xdedb, 0xdedb, 0xdedb, 0xdedb, 0xdedb, 0xdedb, 0xdedb, 0xdedb, 0xdedb, 0xdedb, 0xdedb, 0xdedb, 0xdedb,
			0xdedb, 0xdedb, 0xdedb, 0xdedb, 0xdedb, 0xdedb, 0xdedb, 0xdedb, 0xdedb, 0xdedb, 0xdedb, 0xdedb, 0xdedb, 0xdedb, 0xdedb, 0xdedb,
			0xdedb, 0xdedb, 0xdedb, 0xdedb, 0xdedb, 0xdedb, 0xdedb, 0xdedb, 0xc618, 0xdedb, 0xdedb, 0xdedb, 0xdedb, 0xdedb, 0xdedb, 0xdedb,
			0xdedb, 0xdedb, 0xdedb, 0xdedb, 0xdedb, 0xdedb, 0xdedb, 0xdedb, 0xdedb, 0xdedb, 0xdedb, 0xdedb, 0xdedb, 0xdedb, 0xdedb, 0xdedb,
			0xdedb, 0xdedb, 0xdedb, 0xdedb, 0xdedb, 0xdedb, 0xdedb, 0xdedb, 0xdedb, 0xdedb, 0xdedb, 0xdedb, 0xdedb, 0xdedb, 0xdedb, 0xdedb,
			0xdedb, 0xdedb, 0xdedb, 0xdedb, 0xdedb, 0xdedb, 0xdedb, 0xdedb, 0xdedb, 0xdedb, 0xdedb, 0xdedb, 0xdedb, 0xdedb, 0xdedb, 0xdedb,
			0xdedb, 0xdedb, 0xdedb, 0xdedb, 0xdedb, 0xdedb, 0xdedb, 0xdedb, 0xdedb, 0xdedb, 0xdedb, 0xdedb, 0xdedb, 0xdedb, 0xdedb, 0xdedb,
			0xdedb, 0xdedb, 0xdedb, 0xdedb, 0xdedb, 0xdedb, 0xdedb, 0xdedb, 0xdedb, 0xdedb, 0xdedb, 0xdedb, 0xdedb, 0xdedb, 0xdedb, 0xdedb,
			0xdedb, 0xdedb, 0xdedb, 0xdedb, 0xdedb, 0xdedb, 0xdedb, 0xdedb, 0xdedb, 0xdedb, 0xdedb, 0xdedb, 0xdedb, 0xdedb, 0xdedb, 0xdedb,
			0xdedb, 0xdedb, 0xdedb, 0xdedb, 0xdedb, 0xdedb, 0xdedb, 0xdedb, 0xdedb, 0xdedb, 0xdedb, 0xdedb, 0xdedb, 0xdedb, 0xdedb, 0xdedb,
			0xc618, 0xdedb, 0xdedb, 0xdedb, 0xdedb, 0xdedb, 0xdedb, 0xdedb, 0xdedb, 0xdedb, 0xdedb, 0xdedb, 0xdedb, 0xdedb, 0xdedb, 0xdedb,
			0xdedb, 0xdedb, 0xdedb, 0xdedb, 0xdedb, 0xdedb, 0xdedb, 0xdedb, 0xdedb, 0xdedb, 0xdedb, 0xdedb, 0xdedb, 0xdedb, 0xdedb, 0xdedb,
			0xdedb, 0xdedb, 0xdedb, 0xdedb, 0xdedb, 0xdedb, 0xdedb, 0xdedb, 0xdedb, 0xdedb, 0xdedb, 0xdedb, 0xdedb, 0xdedb, 0xdedb, 0xdedb,
			0xdedb, 0xdedb, 0xdedb, 0xdedb, 0xdedb, 0xdedb, 0xdedb, 0xdedb, 0xdedb, 0xdedb, 0xdedb, 0xdedb, 0xdedb, 0xdedb, 0xdedb, 0xdedb,
			0xdedb, 0xdedb, 0xdedb, 0xdedb, 0xdedb, 0xdedb, 0xdedb, 0xdedb, 0xdedb, 0xdedb, 0xdedb, 0xdedb, 0xdedb, 0xdedb, 0xdedb, 0xdedb,
			0xdedb, 0xdedb, 0xdedb, 0xdedb, 0xdedb, 0xdedb, 0xdedb, 0xdedb, 0xdedb, 0xdedb, 0xdedb, 0xdedb, 0xdedb, 0xdedb, 0xdedb, 0xdedb,
			0xdedb, 0xdedb, 0xdedb, 0xdedb, 0xdedb, 0xdedb, 0xdedb, 0xdedb, 0xdedb, 0xdedb, 0xdedb, 0xdedb, 0xdedb, 0xdedb, 0xdedb, 0xdedb,
			0xdedb, 0xdedb, 0xdedb, 0xdedb, 0xdedb, 0xdedb, 0xdedb, 0xdedb, 0xc618, 0xdedb, 0xdedb, 0xdedb, 0xdedb, 0xdedb, 0xdedb, 0xdedb,
			0xdedb, 0xdedb, 0xdedb, 0xdedb, 0xdedb, 0xdedb, 0xdedb, 0xdedb, 0xdedb, 0xdedb, 0xdedb, 0xdedb, 0xdedb, 0xdedb, 0xdedb, 0xdedb,
			0xdedb, 0xdedb, 0xdedb, 0xdedb, 0xdedb, 0xdedb, 0xdedb, 0xdedb, 0xdedb, 0xdedb, 0xdedb, 0xdedb, 0xdedb, 0xdedb, 0xdedb, 0xdedb,
			0xdedb, 0xdedb, 0xdedb, 0xdedb, 0xdedb, 0xdedb, 0xdedb, 0xdedb, 0xdedb, 0xdedb, 0xdedb, 0xdedb, 0xdedb, 0xdedb, 0xdedb, 0xdedb,
			0xdedb, 0xdedb, 0xdedb, 0xdedb, 0xdedb, 0xdedb, 0xdedb, 0xdedb, 0xdedb, 0xdedb, 0xdedb, 0xdedb, 0xdedb, 0xdedb, 0xdedb, 0xdedb,
			0xdedb, 0xdedb, 0xdedb, 0xdedb, 0xdedb, 0xdedb, 0xdedb, 0xdedb, 0xdedb, 0xdedb, 0xdedb, 0xdedb, 0xdedb, 0xdedb, 0xdedb, 0xdedb,
			0xdedb, 0xdedb, 0xdedb, 0xdedb, 0xdedb, 0xdedb, 0xdedb, 0xdedb, 0xdedb, 0xdedb, 0xdedb, 0xdedb, 0xdedb, 0xdedb, 0xdedb, 0xdedb,
			0xdedb, 0xdedb, 0xdedb, 0xdedb, 0xdedb, 0xdedb, 0xdedb, 0xdedb, 0xdedb, 0xdedb, 0xdedb, 0xdedb, 0xdedb, 0xdedb, 0xdedb, 0xdedb,
			0xc618, 0xdedb, 0xdedb, 0xdedb, 0xdedb, 0xdedb, 0xdedb, 0xdedb, 0xdedb, 0xdedb, 0xdedb, 0xdedb, 0xdedb, 0xdedb, 0xdedb, 0xdedb,
			0xdedb, 0xdedb, 0xdedb, 0xdedb, 0xdedb, 0xdedb, 0xdedb, 0xdedb, 0xdedb, 0xdedb, 0xdedb, 0xdedb, 0xdedb, 0xdedb, 0xdedb, 0xdedb,
			0xdedb, 0xdedb, 0xdedb, 0xdedb, 0xdedb, 0xdedb, 0xdedb, 0xdedb, 0xdedb, 0xdedb, 0xdedb, 0xdedb, 0xdedb, 0xdedb, 0xdedb, 0xdedb,
			0xdedb, 0xdedb, 0xdedb, 0xdedb, 0xdedb, 0xdedb, 0xdedb, 0xdedb, 0xdedb, 0xdedb, 0xdedb, 0xdedb, 0xdedb, 0xdedb, 0xdedb, 0xdedb,
			0xdedb, 0xdedb, 0xdedb, 0xdedb, 0xdedb, 0xdedb, 0xdedb, 0xdedb, 0xdedb, 0xdedb, 0xdedb, 0xdedb, 0xdedb, 0xdedb, 0xdedb, 0xdedb,
			0xdedb, 0xdedb, 0xdedb, 0xdedb, 0xdedb, 0xdedb, 0xdedb, 0xdedb, 0xdedb, 0xdedb, 0xdedb, 0xdedb, 0xdedb, 0xdedb, 0xdedb, 0xdedb,
			0xdedb, 0xdedb, 0xdedb, 0xdedb, 0xdedb, 0xdedb, 0xdedb, 0xdedb, 0xdedb, 0xdedb, 0xdedb, 0xdedb, 0xdedb, 0xdedb, 0xdedb, 0xdedb,
			0xdedb, 0xdedb, 0xdedb, 0xdedb, 0xdedb, 0xdedb, 0xdedb, 0xdedb, 0xc618, 0xdedb, 0xdedb, 0xdedb, 0xdedb, 0xdedb, 0xdedb, 0xdedb,
			0xdedb, 0xdedb, 0xdedb, 0xdedb, 0xdedb, 0xdedb, 0xdedb, 0xdedb, 0xdedb, 0xdedb, 0xdedb, 0xdedb, 0xdedb, 0xdedb, 0xdedb, 0xdedb,
			0xdedb, 0xdedb, 0xdedb, 0xdedb, 0xdedb, 0xdedb, 0xdedb, 0xdedb, 0xdedb, 0xdedb, 0xdedb, 0xdedb, 0xdedb, 0xdedb, 0xdedb, 0xdedb,
			0xdedb, 0xdedb, 0xdedb, 0xdedb, 0xdedb, 0xdedb, 0xdedb, 0xdedb, 0xdedb, 0xdedb, 0xdedb, 0xdedb, 0xdedb, 0xdedb, 0xdedb, 0xdedb,
			0xdedb, 0xdedb, 0xdedb, 0xdedb, 0xdedb, 0xdedb, 0xdedb, 0xdedb, 0xdedb, 0xdedb, 0xdedb, 0xdedb, 0xdedb, 0xdedb, 0xdedb, 0xdedb,
			0xdedb, 0xdedb, 0xdedb, 0xdedb, 0xdedb, 0xdedb, 0xdedb, 0xdedb, 0xdedb, 0xdedb, 0xdedb, 0xdedb, 0xdedb, 0xdedb, 0xdedb, 0xdedb,
			0xdedb, 0xdedb, 0xdedb, 0xdedb, 0xdedb, 0xdedb, 0xdedb, 0xdedb, 0xdedb, 0xdedb, 0xdedb, 0xdedb, 0xdedb, 0xdedb, 0xdedb, 0xdedb,
			0xdedb, 0xdedb, 0xdedb, 0xdedb, 0xdedb, 0xdedb, 0xdedb, 0xdedb, 0xdedb, 0xdedb, 0xdedb, 0xdedb, 0xdedb, 0xdedb, 0xdedb, 0xdedb,
			0xc618, 0xdedb, 0xdedb, 0xdedb, 0xdedb, 0xdedb, 0xdedb, 0xdedb, 0xdedb, 0xdedb, 0xdedb, 0xdedb, 0xdedb, 0xdedb, 0xdedb, 0xdedb,
			0xdedb, 0xdedb, 0xdedb, 0xdedb, 0xdedb, 0xdedb, 0xdedb, 0xdedb, 0xdedb, 0xdedb, 0xdedb, 0xdedb, 0xdedb, 0xdedb, 0xdedb, 0xdedb,
			0xdedb, 0xdedb, 0xdedb, 0xdedb, 0xdedb, 0xdedb, 0xdedb, 0xdedb, 0xdedb, 0xdedb, 0xdedb, 0xdedb, 0xdedb, 0xdedb, 0xdedb, 0xdedb,
			0xdedb, 0xdedb, 0xdedb, 0xdedb, 0xdedb, 0xdedb, 0xdedb, 0xdedb, 0xdedb, 0xdedb, 0xdedb, 0xdedb, 0xdedb, 0xdedb, 0xdedb, 0xdedb,
			0xdedb, 0xdedb, 0xdedb, 0xdedb, 0xdedb, 0xdedb, 0xdedb, 0xdedb, 0xdedb, 0xdedb, 0xdedb, 0xdedb, 0xdedb, 0xdedb, 0xdedb, 0xdedb,
			0xdedb, 0xdedb, 0xdedb, 0xdedb, 0xdedb, 0xdedb, 0xdedb, 0xdedb, 0xdedb, 0xdedb, 0xdedb, 0xdedb, 0xdedb, 0xdedb, 0xdedb, 0xdedb,
			0xdedb, 0xdedb, 0xdedb, 0xdedb, 0xdedb, 0xdedb, 0xdedb, 0xdedb, 0xdedb, 0xdedb, 0xdedb, 0xdedb, 0xdedb, 0xdedb, 0xdedb, 0xdedb,
			0xdedb, 0xdedb, 0xdedb, 0xdedb, 0xdedb, 0xdedb, 0xdedb, 0xdedb, 0xc618, 0xdedb, 0xdedb, 0xdedb, 0xdedb, 0xdedb, 0xdedb, 0xdedb,
			0xdedb, 0xdedb, 0xdedb, 0xdedb, 0xdedb, 0xdedb, 0xdedb, 0xdedb, 0xdedb, 0xdedb, 0xdedb, 0xdedb, 0xdedb, 0xdedb, 0xdedb, 0xdedb,
			0xdedb, 0xdedb, 0xdedb, 0xdedb, 0xdedb, 0xdedb, 0xdedb, 0xdedb, 0xdedb, 0xdedb, 0xdedb, 0xdedb, 0xdedb, 0xdedb, 0xdedb, 0xdedb,
			0xdedb, 0xdedb, 0xdedb, 0xdedb, 0xdedb, 0xdedb, 0xdedb, 0xdedb, 0xdedb, 0xdedb, 0xdedb, 0xdedb, 0xdedb, 0xdedb, 0xdedb, 0xdedb,
			0xdedb, 0xdedb, 0xdedb, 0xdedb, 0xdedb, 0xdedb, 0xdedb, 0xdedb, 0xdedb, 0xdedb, 0xdedb, 0xdedb, 0xdedb, 0xdedb, 0xdedb, 0xdedb,
			0xdedb, 0xdedb, 0xdedb, 0xdedb, 0xdedb, 0xdedb, 0xdedb, 0xdedb, 0xdedb, 0xdedb, 0xdedb, 0xdedb, 0xdedb, 0xdedb, 0xdedb, 0xdedb,
			0xdedb, 0xdedb, 0xdedb, 0xdedb, 0xdedb, 0xdedb, 0xdedb, 0xdedb, 0xdedb, 0xdedb, 0xdedb, 0xdedb, 0xdedb, 0xdedb, 0xdedb, 0xdedb,
			0xdedb, 0xdedb, 0xdedb, 0xdedb, 0xdedb, 0xdedb, 0xdedb, 0xdedb, 0xdedb, 0xdedb, 0xdedb, 0xdedb, 0xdedb, 0xdedb, 0xdedb, 0xdedb,
			0xc618, 0xdedb, 0xdedb, 0xdedb, 0xdedb, 0xdedb, 0xdedb, 0xdedb, 0xdedb, 0xdedb, 0xdedb, 0xdedb, 0xdedb, 0xdedb, 0xdedb, 0xdedb,
			0xdedb, 0xdedb, 0xdedb, 0xdedb, 0xdedb, 0xdedb, 0xdedb, 0xdedb, 0xdedb, 0xdedb, 0xdedb, 0xdedb, 0xdedb, 0xdedb, 0xdedb, 0xdedb,
			0xdedb, 0xdedb, 0xdedb, 0xdedb, 0xdedb, 0xdedb, 0xdedb, 0xdedb, 0xdedb, 0xdedb, 0xdedb, 0xdedb, 0xdedb, 0xdedb, 0xdedb, 0xdedb,
			0xdedb, 0xdedb, 0xdedb, 0xdedb, 0xdedb, 0xdedb, 0xdedb, 0xdedb, 0xdedb, 0xdedb, 0xdedb, 0xdedb, 0xdedb, 0xdedb, 0xdedb, 0xdedb,
			0xdedb, 0xdedb, 0xdedb, 0xdedb, 0xdedb, 0xdedb, 0xdedb, 0xdedb, 0xdedb, 0xdedb, 0xdedb, 0xdedb, 0xdedb, 0xdedb, 0xdedb, 0xdedb,
			0xdedb, 0xdedb, 0xdedb, 0xdedb, 0xdedb, 0xdedb, 0xdedb, 0xdedb, 0xdedb, 0xdedb, 0xdedb, 0xdedb, 0xdedb, 0xdedb, 0xdedb, 0xdedb,
			0xdedb, 0xdedb, 0xdedb, 0xdedb, 0xdedb, 0xdedb, 0xdedb, 0xdedb, 0xdedb, 0xdedb, 0xdedb, 0xdedb, 0xdedb, 0xdedb, 0xdedb, 0xdedb,
			0xdedb, 0xdedb, 0xdedb, 0xdedb, 0xdedb, 0xdedb, 0xdedb, 0xdedb, 0xc618, 0xdedb, 0xdedb, 0xdedb, 0xdedb, 0xdedb, 0xdedb, 0xdedb,
			0xdedb, 0xdedb, 0xdedb, 0xdedb, 0xdedb, 0xdedb, 0xdedb, 0xdedb, 0xdedb, 0xdedb, 0xdedb, 0xdedb, 0xdedb, 0xdedb, 0xdedb, 0xdedb,
			0xdedb, 0xdedb, 0xdedb, 0xdedb, 0xdedb, 0xdedb, 0xdedb, 0xdedb, 0xdedb, 0xdedb, 0xdedb, 0xdedb, 0xdedb, 0xdedb, 0xdedb, 0xdedb,
			0xdedb, 0xdedb, 0xdedb, 0xdedb, 0xdedb, 0xdedb, 0xdedb, 0xdedb, 0xdedb, 0xdedb, 0xdedb, 0xdedb, 0xdedb, 0xdedb, 0xdedb, 0xdedb,
			0xdedb, 0xdedb, 0xdedb, 0xdedb, 0xdedb, 0xdedb, 0xdedb, 0xdedb, 0xdedb, 0xdedb, 0xdedb, 0xdedb, 0xdedb, 0xdedb, 0xdedb, 0xdedb,
			0xdedb, 0xdedb, 0xdedb, 0xdedb, 0xdedb, 0xdedb, 0xdedb, 0xdedb, 0xdedb, 0xdedb, 0xdedb, 0xdedb, 0xdedb, 0xdedb, 0xdedb, 0xdedb,
			0xdedb, 0xdedb, 0xdedb, 0xdedb, 0xdedb, 0xdedb, 0xdedb, 0xdedb, 0xdedb, 0xdedb, 0xdedb, 0xdedb, 0xdedb, 0xdedb, 0xdedb, 0xdedb,
			0xdedb, 0xdedb, 0xdedb, 0xdedb, 0xdedb, 0xdedb, 0xdedb, 0xdedb, 0xdedb, 0xdedb, 0xdedb, 0xdedb, 0xdedb, 0xdedb, 0xdedb, 0xdedb,
			0xc618, 0xdedb, 0xdedb, 0xdedb, 0xdedb, 0xdedb, 0xdedb, 0xdedb, 0xdedb, 0xdedb, 0xdedb, 0xdedb, 0xdedb, 0xdedb, 0xdedb, 0xdedb,
			0xdedb, 0xdedb, 0xdedb, 0xdedb, 0xdedb, 0xdedb, 0xdedb, 0xdedb, 0xdedb, 0xdedb, 0xdedb, 0xdedb, 0xdedb, 0xdedb, 0xdedb, 0xdedb,
			0xdedb, 0xdedb, 0xdedb, 0xdedb, 0xdedb, 0xdedb, 0xdedb, 0xdedb, 0xdedb, 0xdedb, 0xdedb, 0xdedb, 0xdedb, 0xdedb, 0xdedb, 0xdedb,
			0xdedb, 0xdedb, 0xdedb, 0xdedb, 0xdedb, 0xdedb, 0xdedb, 0xdedb, 0xdedb, 0xdedb, 0xdedb, 0xdedb, 0xdedb, 0xdedb, 0xdedb, 0xdedb,
			0xdedb, 0xdedb, 0xdedb, 0xdedb, 0xdedb, 0xdedb, 0xdedb, 0xdedb, 0xdedb, 0xdedb, 0xdedb, 0xdedb, 0xdedb, 0xdedb, 0xdedb, 0xdedb,
			0xdedb, 0xdedb, 0xdedb, 0xdedb, 0xdedb, 0xdedb, 0xdedb, 0xdedb, 0xdedb, 0xdedb, 0xdedb, 0xdedb, 0xdedb, 0xdedb, 0xdedb, 0xdedb,
			0xdedb, 0xdedb, 0xdedb, 0xdedb, 0xdedb, 0xdedb, 0xdedb, 0xdedb, 0xdedb, 0xdedb, 0xdedb, 0xdedb, 0xdedb, 0xdedb, 0xdedb, 0xdedb,
			0xdedb, 0xdedb, 0xdedb, 0xdedb, 0xdedb, 0xdedb, 0xdedb, 0xdedb, 0xc618, 0xdedb, 0xdedb, 0xdedb, 0xdedb, 0xdedb, 0xdedb, 0xdedb,
			0xdedb, 0xdedb, 0xdedb, 0xdedb, 0xdedb, 0xdedb, 0xdedb, 0xdedb, 0xdedb, 0xdedb, 0xdedb, 0xdedb, 0xdedb, 0xdedb, 0xdedb, 0xdedb,
			0xdedb, 0xdedb, 0xdedb, 0xdedb, 0xdedb, 0xdedb, 0xdedb, 0xdedb, 0xdedb, 0xdedb, 0xdedb, 0xdedb, 0xdedb, 0xdedb, 0xdedb, 0xdedb,
			0xdedb, 0xdedb, 0xdedb, 0xdedb, 0xdedb, 0xdedb, 0xdedb, 0xdedb, 0xdedb, 0xdedb, 0xdedb, 0xdedb, 0xdedb, 0xdedb, 0xdedb, 0xdedb,
			0xdedb, 0xdedb, 0xdedb, 0xdedb, 0xdedb, 0xdedb, 0xdedb, 0xdedb, 0xdedb, 0xdedb, 0xdedb, 0xdedb, 0xdedb, 0xdedb, 0xdedb, 0xdedb,
			0xdedb, 0xdedb, 0xdedb, 0xdedb, 0xdedb, 0xdedb, 0xdedb, 0xdedb, 0xdedb, 0xdedb, 0xdedb, 0xdedb, 0xdedb, 0xdedb, 0xdedb, 0xdedb,
			0xdedb, 0xdedb, 0xdedb, 0xdedb, 0xdedb, 0xdedb, 0xdedb, 0xdedb, 0xdedb, 0xdedb, 0xdedb, 0xdedb, 0xdedb, 0xdedb, 0xdedb, 0xdedb,
			0xdedb, 0xdedb, 0xdedb, 0xdedb, 0xdedb, 0xdedb, 0xdedb, 0xdedb, 0xdedb, 0xdedb, 0xdedb, 0xdedb, 0xdedb, 0xdedb, 0xdedb, 0xdedb,
			0xc618, 0xdedb, 0xdedb, 0xdedb, 0xdedb, 0xdedb, 0xdedb, 0xdedb, 0xdedb, 0xdedb, 0xdedb, 0xdedb, 0xdedb, 0xdedb, 0xdedb, 0xdedb,
			0xdedb, 0xdedb, 0xdedb, 0xdedb, 0xdedb, 0xdedb, 0xdedb, 0xdedb, 0xdedb, 0xdedb, 0xdedb, 0xdedb, 0xdedb, 0xdedb, 0xdedb, 0xdedb,
			0xdedb, 0xdedb, 0xdedb, 0xdedb, 0xdedb, 0xdedb, 0xdedb, 0xdedb, 0xdedb, 0xdedb, 0xdedb, 0xdedb, 0xdedb, 0xdedb, 0xdedb, 0xdedb,
			0xdedb, 0xdedb, 0xdedb, 0xdedb, 0xdedb, 0xdedb, 0xdedb, 0xdedb, 0xdedb, 0xdedb, 0xdedb, 0xdedb, 0xdedb, 0xdedb, 0xdedb, 0xdedb,
			0xdedb, 0xdedb, 0xdedb, 0xdedb, 0xdedb, 0xdedb, 0xdedb, 0xdedb, 0xdedb, 0xdedb, 0xdedb, 0xdedb, 0xdedb, 0xdedb, 0xdedb, 0xdedb,
			0xdedb, 0xdedb, 0xdedb, 0xdedb, 0xdedb, 0xdedb, 0xdedb, 0xdedb, 0xdedb, 0xdedb, 0xdedb, 0xdedb, 0xdedb, 0xdedb, 0xdedb, 0xdedb,
			0xdedb, 0xdedb, 0xdedb, 0xdedb, 0xdedb, 0xdedb, 0xdedb, 0xdedb, 0xdedb, 0xdedb, 0xdedb, 0xdedb, 0xdedb, 0xdedb, 0xdedb, 0xdedb,
			0xdedb, 0xdedb, 0xdedb, 0xdedb, 0xdedb, 0xdedb, 0xdedb, 0xdedb, 0xc618, 0xdedb, 0xdedb, 0xdedb, 0xdedb, 0xdedb, 0xdedb, 0xdedb,
			0xdedb, 0xdedb, 0xdedb, 0xdedb, 0xdedb, 0xdedb, 0xdedb, 0xdedb, 0xdedb, 0xdedb, 0xdedb, 0xdedb, 0xdedb, 0xdedb, 0xdedb, 0xdedb,
			0xdedb, 0xdedb, 0xdedb, 0xdedb, 0xdedb, 0xdedb, 0xdedb, 0xdedb, 0xdedb, 0xdedb, 0xdedb, 0xdedb, 0xdedb, 0xdedb, 0xdedb, 0xdedb,
			0xdedb, 0xdedb, 0xdedb, 0xdedb, 0xdedb, 0xdedb, 0xdedb, 0xdedb, 0xdedb, 0xdedb, 0xdedb, 0xdedb, 0xdedb, 0xdedb, 0xdedb, 0xdedb,
			0xdedb, 0xdedb, 0xdedb, 0xdedb, 0xdedb, 0xdedb, 0xdedb, 0xdedb, 0xdedb, 0xdedb, 0xdedb, 0xdedb, 0xdedb, 0xdedb, 0xdedb, 0xdedb,
			0xdedb, 0xdedb, 0xdedb, 0xdedb, 0xdedb, 0xdedb, 0xdedb, 0xdedb, 0xdedb, 0xdedb, 0xdedb, 0xdedb, 0xdedb, 0xdedb, 0xdedb, 0xdedb,
			0xdedb, 0xdedb, 0xdedb, 0xdedb, 0xdedb, 0xdedb, 0xdedb, 0xdedb, 0xdedb, 0xdedb, 0xdedb, 0xdedb, 0xdedb, 0xdedb, 0xdedb, 0xdedb,
			0xdedb, 0xdedb, 0xdedb, 0xdedb, 0xdedb, 0xdedb, 0xdedb, 0xdedb, 0xdedb, 0xdedb, 0xdedb, 0xdedb, 0xdedb, 0xdedb, 0xdedb, 0xdedb,
			0xc618, 0xdedb, 0xdedb, 0xdedb, 0xdedb, 0xdedb, 0xdedb, 0xdedb, 0xdedb, 0xdedb, 0xdedb, 0xdedb, 0xdedb, 0xdedb, 0xdedb, 0xdedb,
			0xdedb, 0xdedb, 0xdedb, 0xdedb, 0xdedb, 0xdedb, 0xdedb, 0xdedb, 0xdedb, 0xdedb, 0xdedb, 0xdedb, 0xdedb, 0xdedb, 0xdedb, 0xdedb,
			0xdedb, 0xdedb, 0xdedb, 0xdedb, 0xdedb, 0xdedb, 0xdedb, 0xdedb, 0xdedb, 0xdedb, 0xdedb, 0xdedb, 0xdedb, 0xdedb, 0xdedb, 0xdedb,
			0xdedb, 0xdedb, 0xdedb, 0xdedb, 0xdedb, 0xdedb, 0xdedb, 0xdedb, 0xdedb, 0xdedb, 0xdedb, 0xdedb, 0xdedb, 0xdedb, 0xdedb, 0xdedb,
			0xdedb, 0xdedb, 0xdedb, 0xdedb, 0xdedb, 0xdedb, 0xdedb, 0xdedb, 0xdedb, 0xdedb, 0xdedb, 0xdedb, 0xdedb, 0xdedb, 0xdedb, 0xdedb,
			0xdedb, 0xdedb, 0xdedb, 0xdedb, 0xdedb, 0xdedb, 0xdedb, 0xdedb, 0xdedb, 0xdedb, 0xdedb, 0xdedb, 0xdedb, 0xdedb, 0xdedb, 0xdedb,
			0xdedb, 0xdedb, 0xdedb, 0xdedb, 0xdedb, 0xdedb, 0xdedb, 0xdedb, 0xdedb, 0xdedb, 0xdedb, 0xdedb, 0xdedb, 0xdedb, 0xdedb, 0xdedb,
			0xdedb, 0xdedb, 0xdedb, 0xdedb, 0xdedb, 0xdedb, 0xdedb, 0xdedb, 0xc618, 0xdedb, 0xdedb, 0xdedb, 0xdedb, 0xdedb, 0xdedb, 0xdedb,
			0xdedb, 0xdedb, 0xdedb, 0xdedb, 0xdedb, 0xdedb, 0xdedb, 0xdedb, 0xdedb, 0xdedb, 0xdedb, 0xdedb, 0xdedb, 0xdedb, 0xdedb, 0xdedb,
			0xdedb, 0xdedb, 0xdedb, 0xdedb, 0xdedb, 0xdedb, 0xdedb, 0xdedb, 0xdedb, 0xdedb, 0xdedb, 0xdedb, 0xdedb, 0xdedb, 0xdedb, 0xdedb,
			0xdedb, 0xdedb, 0xdedb, 0xdedb, 0xdedb, 0xdedb, 0xdedb, 0xdedb, 0xdedb, 0xdedb, 0xdedb, 0xdedb, 0xdedb, 0xdedb, 0xdedb, 0xdedb,
			0xdedb, 0xdedb, 0xdedb, 0xdedb, 0xdedb, 0xdedb, 0xdedb, 0xdedb, 0xdedb, 0xdedb, 0xdedb, 0xdedb, 0xdedb, 0xdedb, 0xdedb, 0xdedb,
			0xdedb, 0xdedb, 0xdedb, 0xdedb, 0xdedb, 0xdedb, 0xdedb, 0xdedb, 0xdedb, 0xdedb, 0xdedb, 0xdedb, 0xdedb, 0xdedb, 0xdedb, 0xdedb,
			0xdedb, 0xdedb, 0xdedb, 0xdedb, 0xdedb, 0xdedb, 0xdedb, 0xdedb, 0xdedb, 0xdedb, 0xdedb, 0xdedb, 0xdedb, 0xdedb, 0xdedb, 0xdedb,
			0xdedb, 0xdedb, 0xdedb, 0xdedb, 0xdedb, 0xdedb, 0xdedb, 0xdedb, 0xdedb, 0xdedb, 0xdedb, 0xdedb, 0xdedb, 0xdedb, 0xdedb, 0xdedb,
			0xc618, 0xdedb, 0xdedb, 0xdedb, 0xdedb, 0xdedb, 0xdedb, 0xdedb, 0xdedb, 0xdedb, 0xdedb, 0xdedb, 0xdedb, 0xdedb, 0xdedb, 0xdedb,
			0xdedb, 0xdedb, 0xdedb, 0xdedb, 0xdedb, 0xdedb, 0xdedb, 0xdedb, 0xdedb, 0xdedb, 0xdedb, 0xdedb, 0xdedb, 0xdedb, 0xdedb, 0xdedb,
			0xdedb, 0xdedb, 0xdedb, 0xdedb, 0xdedb, 0xdedb, 0xdedb, 0xdedb, 0xdedb, 0xdedb, 0xdedb, 0xdedb, 0xdedb, 0xdedb, 0xdedb, 0xdedb,
			0xdedb, 0xdedb, 0xdedb, 0xdedb, 0xdedb, 0xdedb, 0xdedb, 0xdedb, 0xdedb, 0xdedb, 0xdedb, 0xdedb, 0xdedb, 0xdedb, 0xdedb, 0xdedb,
			0xdedb, 0xdedb, 0xdedb, 0xdedb, 0xdedb, 0xdedb, 0xdedb, 0xdedb, 0xdedb, 0xdedb, 0xdedb, 0xdedb, 0xdedb, 0xdedb, 0xdedb, 0xdedb,
			0xdedb, 0xdedb, 0xdedb, 0xdedb, 0xdedb, 0xdedb, 0xdedb, 0xdedb, 0xdedb, 0xdedb, 0xdedb, 0xdedb, 0xdedb, 0xdedb, 0xdedb, 0xdedb,
			0xdedb, 0xdedb, 0xdedb, 0xdedb, 0xdedb, 0xdedb, 0xdedb, 0xdedb, 0xdedb, 0xdedb, 0xdedb, 0xdedb, 0xdedb, 0xdedb, 0xdedb, 0xdedb,
			0xdedb, 0xdedb, 0xdedb, 0xdedb, 0xdedb, 0xdedb, 0xdedb, 0xdedb, 0xc618, 0xdedb, 0xdedb, 0xdedb, 0xdedb, 0xdedb, 0xdedb, 0xdedb,
			0xdedb, 0xdedb, 0xdedb, 0xdedb, 0xdedb, 0xdedb, 0xdedb, 0xdedb, 0xdedb, 0xdedb, 0xdedb, 0xdedb, 0xdedb, 0xdedb, 0xdedb, 0xdedb,
			0xdedb, 0xdedb, 0xdedb, 0xdedb, 0xdedb, 0xdedb, 0xdedb, 0xdedb, 0xdedb, 0xdedb, 0xdedb, 0xdedb, 0xdedb, 0xdedb, 0xdedb, 0xdedb,
			0xdedb, 0xdedb, 0xdedb, 0xdedb, 0xdedb, 0xdedb, 0xdedb, 0xdedb, 0xdedb, 0xdedb, 0xdedb, 0xdedb, 0xdedb, 0xdedb, 0xdedb, 0xdedb,
			0xdedb, 0xdedb, 0xdedb, 0xdedb, 0xdedb, 0xdedb, 0xdedb, 0xdedb, 0xdedb, 0xdedb, 0xdedb, 0xdedb, 0xdedb, 0xdedb, 0xdedb, 0xdedb,
			0xdedb, 0xdedb, 0xdedb, 0xdedb, 0xdedb, 0xdedb, 0xdedb, 0xdedb, 0xdedb, 0xdedb, 0xdedb, 0xdedb, 0xdedb, 0xdedb, 0xdedb, 0xdedb,
			0xdedb, 0xdedb, 0xdedb, 0xdedb, 0xdedb, 0xdedb, 0xdedb, 0xdedb, 0xdedb, 0xdedb, 0xdedb, 0xdedb, 0xdedb, 0xdedb, 0xdedb, 0xdedb,
			0xdedb, 0xdedb, 0xdedb, 0xdedb, 0xdedb, 0xdedb, 0xdedb, 0xdedb, 0xdedb, 0xdedb, 0xdedb, 0xdedb, 0xdedb, 0xdedb, 0xdedb, 0xdedb,
			0xc618, 0xdedb, 0xdedb, 0xdedb, 0xdedb, 0xdedb, 0xdedb, 0xdedb, 0xdedb, 0xdedb, 0xdedb, 0xdedb, 0xdedb, 0xdedb, 0xdedb, 0xdedb,
			0xdedb, 0xdedb, 0xdedb, 0xdedb, 0xdedb, 0xdedb, 0xdedb, 0xdedb, 0xdedb, 0xdedb, 0xdedb, 0xdedb, 0xdedb, 0xdedb, 0xdedb, 0xdedb,
			0xdedb, 0xdedb, 0xdedb, 0xdedb, 0xdedb, 0xdedb, 0xdedb, 0xdedb, 0xdedb, 0xdedb, 0xdedb, 0xdedb, 0xdedb, 0xdedb, 0xdedb, 0xdedb,
			0xdedb, 0xdedb, 0xdedb, 0xdedb, 0xdedb, 0xdedb, 0xdedb, 0xdedb, 0xdedb, 0xdedb, 0xdedb, 0xdedb, 0xdedb, 0xdedb, 0xdedb, 0xdedb,
			0xdedb, 0xdedb, 0xdedb, 0xdedb, 0xdedb, 0xdedb, 0xdedb, 0xdedb, 0xdedb, 0xdedb, 0xdedb, 0xdedb, 0xdedb, 0xdedb, 0xdedb, 0xdedb,
			0xdedb, 0xdedb, 0xdedb, 0xdedb, 0xdedb, 0xdedb, 0xdedb, 0xdedb, 0xdedb, 0xdedb, 0xdedb, 0xdedb, 0xdedb, 0xdedb, 0xdedb, 0xdedb,
			0xdedb, 0xdedb, 0xdedb, 0xdedb, 0xdedb, 0xdedb, 0xdedb, 0xdedb, 0xdedb, 0xdedb, 0xdedb, 0xdedb, 0xdedb, 0xdedb, 0xdedb, 0xdedb,
			0xdedb, 0xdedb, 0xdedb, 0xdedb, 0xdedb, 0xdedb, 0xdedb, 0xdedb, 0xc618, 0xdedb, 0xdedb, 0xdedb, 0xdedb, 0xdedb, 0xdedb, 0xdedb,
			0xdedb, 0xdedb, 0xdedb, 0xdedb, 0xdedb, 0xdedb, 0xdedb, 0xdedb, 0xdedb, 0xdedb, 0xdedb, 0xdedb, 0xdedb, 0xdedb, 0xdedb, 0xdedb,
			0xdedb, 0xdedb, 0xdedb, 0xdedb, 0xdedb, 0xdedb, 0xdedb, 0xdedb, 0xdedb, 0xdedb, 0xdedb, 0xdedb, 0xdedb, 0xdedb, 0xdedb, 0xdedb,
			0xdedb, 0xdedb, 0xdedb, 0xdedb, 0xdedb, 0xdedb, 0xdedb, 0xdedb, 0xdedb, 0xdedb, 0xdedb, 0xdedb, 0xdedb, 0xdedb, 0xdedb, 0xdedb,
			0xdedb, 0xdedb, 0xdedb, 0xdedb, 0xdedb, 0xdedb, 0xdedb, 0xdedb, 0xdedb, 0xdedb, 0xdedb, 0xdedb, 0xdedb, 0xdedb, 0xdedb, 0xdedb,
			0xdedb, 0xdedb, 0xdedb, 0xdedb, 0xdedb, 0xdedb, 0xdedb, 0xdedb, 0xdedb, 0xdedb, 0xdedb, 0xdedb, 0xdedb, 0xdedb, 0xdedb, 0xdedb,
			0xdedb, 0xdedb, 0xdedb, 0xdedb, 0xdedb, 0xdedb, 0xdedb, 0xdedb, 0xdedb, 0xdedb, 0xdedb, 0xdedb, 0xdedb, 0xdedb, 0xdedb, 0xdedb,
			0xdedb, 0xdedb, 0xdedb, 0xdedb, 0xdedb, 0xdedb, 0xdedb, 0xdedb, 0xdedb, 0xdedb, 0xdedb, 0xdedb, 0xdedb, 0xdedb, 0xdedb, 0xdedb,
			0xc618, 0xdedb, 0xdedb, 0xdedb, 0xdedb, 0xdedb, 0xdedb, 0xdedb, 0xdedb, 0xdedb, 0xdedb, 0xdedb, 0xdedb, 0xdedb, 0xdedb, 0xdedb,
			0xdedb, 0xdedb, 0xdedb, 0xdedb, 0xdedb, 0xdedb, 0xdedb, 0xdedb, 0xdedb, 0xdedb, 0xdedb, 0xdedb, 0xdedb, 0xdedb, 0xdedb, 0xdedb,
			0xdedb, 0xdedb, 0xdedb, 0xdedb, 0xdedb, 0xdedb, 0xdedb, 0xdedb, 0xdedb, 0xdedb, 0xdedb, 0xdedb, 0xdedb, 0xdedb, 0xdedb, 0xdedb,
			0xdedb, 0xdedb, 0xdedb, 0xdedb, 0xdedb, 0xdedb, 0xdedb, 0xdedb, 0xdedb, 0xdedb, 0xdedb, 0xdedb, 0xdedb, 0xdedb, 0xdedb, 0xdedb,
			0xdedb, 0xdedb, 0xdedb, 0xdedb, 0xdedb, 0xdedb, 0xdedb, 0xdedb, 0xdedb, 0xdedb, 0xdedb, 0xdedb, 0xdedb, 0xdedb, 0xdedb, 0xdedb,
			0xdedb, 0xdedb, 0xdedb, 0xdedb, 0xdedb, 0xdedb, 0xdedb, 0xdedb, 0xdedb, 0xdedb, 0xdedb, 0xdedb, 0xdedb, 0xdedb, 0xdedb, 0xdedb,
			0xdedb, 0xdedb, 0xdedb, 0xdedb, 0xdedb, 0xdedb, 0xdedb, 0xdedb, 0xdedb, 0xdedb, 0xdedb, 0xdedb, 0xdedb, 0xdedb, 0xdedb, 0xdedb,
			0xdedb, 0xdedb, 0xdedb, 0xdedb, 0xdedb, 0xdedb, 0xdedb, 0xdedb, 0xc618, 0xdedb, 0xdedb, 0xdedb, 0xdedb, 0xdedb, 0xdedb, 0xdedb,
			0xdedb, 0xdedb, 0xdedb, 0xdedb, 0xdedb, 0xdedb, 0xdedb, 0xdedb, 0xdedb, 0xdedb, 0xdedb, 0xdedb, 0xdedb, 0xdedb, 0xdedb, 0xdedb,
			0xdedb, 0xdedb, 0xdedb, 0xdedb, 0xdedb, 0xdedb, 0xdedb, 0xdedb, 0xdedb, 0xdedb, 0xdedb, 0xdedb, 0xdedb, 0xdedb, 0xdedb, 0xdedb,
			0xdedb, 0xdedb, 0xdedb, 0xdedb, 0xdedb, 0xdedb, 0xdedb, 0xdedb, 0xdedb, 0xdedb, 0xdedb, 0xdedb, 0xdedb, 0xdedb, 0xdedb, 0xdedb,
			0xdedb, 0xdedb, 0xdedb, 0xdedb, 0xdedb, 0xdedb, 0xdedb, 0xdedb, 0xdedb, 0xdedb, 0xdedb, 0xdedb, 0xdedb, 0xdedb, 0xdedb, 0xdedb,
			0xdedb, 0xdedb, 0xdedb, 0xdedb, 0xdedb, 0xdedb, 0xdedb, 0xdedb, 0xdedb, 0xdedb, 0xdedb, 0xdedb, 0xdedb, 0xdedb, 0xdedb, 0xdedb,
			0xdedb, 0xdedb, 0xdedb, 0xdedb, 0xdedb, 0xdedb, 0xdedb, 0xdedb, 0xdedb, 0xdedb, 0xdedb, 0xdedb, 0xdedb, 0xdedb, 0xdedb, 0xdedb,
			0xdedb, 0xdedb, 0xdedb, 0xdedb, 0xdedb, 0xdedb, 0xdedb, 0xdedb, 0xdedb, 0xdedb, 0xdedb, 0xdedb, 0xdedb, 0xdedb, 0xdedb, 0xdedb,
			0xc618, 0xdedb, 0xdedb, 0xdedb, 0xdedb, 0xdedb, 0xdedb, 0xdedb, 0xdedb, 0xdedb, 0xdedb, 0xdedb, 0xdedb, 0xdedb, 0xdedb, 0xdedb,
			0xdedb, 0xdedb, 0xdedb, 0xdedb, 0xdedb, 0xdedb, 0xdedb, 0xdedb, 0xdedb, 0xdedb, 0xdedb, 0xdedb, 0xdedb, 0xdedb, 0xdedb, 0xdedb,
			0xdedb, 0xdedb, 0xdedb, 0xdedb, 0xdedb, 0xdedb, 0xdedb, 0xdedb, 0xdedb, 0xdedb, 0xdedb, 0xdedb, 0xdedb, 0xdedb, 0xdedb, 0xdedb,
			0xdedb, 0xdedb, 0xdedb, 0xdedb, 0xdedb, 0xdedb, 0xdedb, 0xdedb, 0xdedb, 0xdedb, 0xdedb, 0xdedb, 0xdedb, 0xdedb, 0xdedb, 0xdedb,
			0xdedb, 0xdedb, 0xdedb, 0xdedb, 0xdedb, 0xdedb, 0xdedb, 0xdedb, 0xdedb, 0xdedb, 0xdedb, 0xdedb, 0xdedb, 0xdedb, 0xdedb, 0xdedb,
			0xdedb, 0xdedb, 0xdedb, 0xdedb, 0xdedb, 0xdedb, 0xdedb, 0xdedb, 0xdedb, 0xdedb, 0xdedb, 0xdedb, 0xdedb, 0xdedb, 0xdedb, 0xdedb,
			0xdedb, 0xdedb, 0xdedb, 0xdedb, 0xdedb, 0xdedb, 0xdedb, 0xdedb, 0xdedb, 0xdedb, 0xdedb, 0xdedb, 0xdedb, 0xdedb, 0xdedb, 0xdedb,
			0xdedb, 0xdedb, 0xdedb, 0xdedb, 0xdedb, 0xdedb, 0xdedb, 0xdedb, 0xc618, 0xdedb, 0xdedb, 0xdedb, 0xdedb, 0xdedb, 0xdedb, 0xdedb,
			0xdedb, 0xdedb, 0xdedb, 0xdedb, 0xdedb, 0xdedb, 0xdedb, 0xdedb, 0xdedb, 0xdedb, 0xdedb, 0xdedb, 0xdedb, 0xdedb, 0xdedb, 0xdedb,
			0xdedb, 0xdedb, 0xdedb, 0xdedb, 0xdedb, 0xdedb, 0xdedb, 0xdedb, 0xdedb, 0xdedb, 0xdedb, 0xdedb, 0xdedb, 0xdedb, 0xdedb, 0xdedb,
			0xdedb, 0xdedb, 0xdedb, 0xdedb, 0xdedb, 0xdedb, 0xdedb, 0xdedb, 0xdedb, 0xdedb, 0xdedb, 0xdedb, 0xdedb, 0xdedb, 0xdedb, 0xdedb,
			0xdedb, 0xdedb, 0xdedb, 0xdedb, 0xdedb, 0xdedb, 0xdedb, 0xdedb, 0xdedb, 0xdedb, 0xdedb, 0xdedb, 0xdedb, 0xdedb, 0xdedb, 0xdedb,
			0xdedb, 0xdedb, 0xdedb, 0xdedb, 0xdedb, 0xdedb, 0xdedb, 0xdedb, 0xdedb, 0xdedb, 0xdedb, 0xdedb, 0xdedb, 0xdedb, 0xdedb, 0xdedb,
			0xdedb, 0xdedb, 0xdedb, 0xdedb, 0xdedb, 0xdedb, 0xdedb, 0xdedb, 0xdedb, 0xdedb, 0xdedb, 0xdedb, 0xdedb, 0xdedb, 0xdedb, 0xdedb,
			0xdedb, 0xdedb, 0xdedb, 0xdedb, 0xdedb, 0xdedb, 0xdedb, 0xdedb, 0xdedb, 0xdedb, 0xdedb, 0xdedb, 0xdedb, 0xdedb, 0xdedb, 0xdedb,
			0xc618, 0xdedb, 0xdedb, 0xdedb, 0xdedb, 0xdedb, 0xdedb, 0xdedb, 0xdedb, 0xdedb, 0xdedb, 0xdedb, 0xdedb, 0xdedb, 0xdedb, 0xdedb,
			0xdedb, 0xdedb, 0xdedb, 0xdedb, 0xdedb, 0xdedb, 0xdedb, 0xdedb, 0xdedb, 0xdedb, 0xdedb, 0xdedb, 0xdedb, 0xdedb, 0xdedb, 0xdedb,
			0xdedb, 0xdedb, 0xdedb, 0xdedb, 0xdedb, 0xdedb, 0xdedb, 0xdedb, 0xdedb, 0xdedb, 0xdedb, 0xdedb, 0xdedb, 0xdedb, 0xdedb, 0xdedb,
			0xdedb, 0xdedb, 0xdedb, 0xdedb, 0xdedb, 0xdedb, 0xdedb, 0xdedb, 0xdedb, 0xdedb, 0xdedb, 0xdedb, 0xdedb, 0xdedb, 0xdedb, 0xdedb,
			0xdedb, 0xdedb, 0xdedb, 0xdedb, 0xdedb, 0xdedb, 0xdedb, 0xdedb, 0xdedb, 0xdedb, 0xdedb, 0xdedb, 0xdedb, 0xdedb, 0xdedb, 0xdedb,
			0xdedb, 0xdedb, 0xdedb, 0xdedb, 0xdedb, 0xdedb, 0xdedb, 0xdedb, 0xdedb, 0xdedb, 0xdedb, 0xdedb, 0xdedb, 0xdedb, 0xdedb, 0xdedb,
			0xdedb, 0xdedb, 0xdedb, 0xdedb, 0xdedb, 0xdedb, 0xdedb, 0xdedb, 0xdedb, 0xdedb, 0xdedb, 0xdedb, 0xdedb, 0xdedb, 0xdedb, 0xdedb,
			0xdedb, 0xdedb, 0xdedb, 0xdedb, 0xdedb, 0xdedb, 0xdedb, 0xdedb, 0xc618, 0xdedb, 0xdedb, 0xdedb, 0xdedb, 0xdedb, 0xdedb, 0xdedb,
			0xdedb, 0xdedb, 0xdedb, 0xdedb, 0xdedb, 0xdedb, 0xdedb, 0xdedb, 0xdedb, 0xdedb, 0xdedb, 0xdedb, 0xdedb, 0xdedb, 0xdedb, 0xdedb,
			0xdedb, 0xdedb, 0xdedb, 0xdedb, 0xdedb, 0xdedb, 0xdedb, 0xdedb, 0xdedb, 0xdedb, 0xdedb, 0xdedb, 0xdedb, 0xdedb, 0xdedb, 0xdedb,
			0xdedb, 0xdedb, 0xdedb, 0xdedb, 0xdedb, 0xdedb, 0xdedb, 0xdedb, 0xdedb, 0xdedb, 0xdedb, 0xdedb, 0xdedb, 0xdedb, 0xdedb, 0xdedb,
			0xdedb, 0xdedb, 0xdedb, 0xdedb, 0xdedb, 0xdedb, 0xdedb, 0xdedb, 0xdedb, 0xdedb, 0xdedb, 0xdedb, 0xdedb, 0xdedb, 0xdedb, 0xdedb,
			0xdedb, 0xdedb, 0xdedb, 0xdedb, 0xdedb, 0xdedb, 0xdedb, 0xdedb, 0xdedb, 0xdedb, 0xdedb, 0xdedb, 0xdedb, 0xdedb, 0xdedb, 0xdedb,
			0xdedb, 0xdedb, 0xdedb, 0xdedb, 0xdedb, 0xdedb, 0xdedb, 0xdedb, 0xdedb, 0xdedb, 0xdedb, 0xdedb, 0xdedb, 0xdedb, 0xdedb, 0xdedb,
			0xdedb, 0xdedb, 0xdedb, 0xdedb, 0xdedb, 0xdedb, 0xdedb, 0xdedb, 0xdedb, 0xdedb, 0xdedb, 0xdedb, 0xdedb, 0xdedb, 0xdedb, 0xdedb,
			0xc618, 0xdedb, 0xdedb, 0xdedb, 0xdedb, 0xdedb, 0xdedb, 0xdedb, 0xdedb, 0xdedb, 0xdedb, 0xdedb, 0xdedb, 0xdedb, 0xdedb, 0xdedb,
			0xdedb, 0xdedb, 0xdedb, 0xdedb, 0xdedb, 0xdedb, 0xdedb, 0xdedb, 0xdedb, 0xdedb, 0xdedb, 0xdedb, 0xdedb, 0xdedb, 0xdedb, 0xdedb,
			0xdedb, 0xdedb, 0xdedb, 0xdedb, 0xdedb, 0xdedb, 0xdedb, 0xdedb, 0xdedb, 0xdedb, 0xdedb, 0xdedb, 0xdedb, 0xdedb, 0xdedb, 0xdedb,
			0xdedb, 0xdedb, 0xdedb, 0xdedb, 0xdedb, 0xdedb, 0xdedb, 0xdedb, 0xdedb, 0xdedb, 0xdedb, 0xdedb, 0xdedb, 0xdedb, 0xdedb, 0xdedb,
			0xdedb, 0xdedb, 0xdedb, 0xdedb, 0xdedb, 0xdedb, 0xdedb, 0xdedb, 0xdedb, 0xdedb, 0xdedb, 0xdedb, 0xdedb, 0xdedb, 0xdedb, 0xdedb,
			0xdedb, 0xdedb, 0xdedb, 0xdedb, 0xdedb, 0xdedb, 0xdedb, 0xdedb, 0xdedb, 0xdedb, 0xdedb, 0xdedb, 0xdedb, 0xdedb, 0xdedb, 0xdedb,
			0xdedb, 0xdedb, 0xdedb, 0xdedb, 0xdedb, 0xdedb, 0xdedb, 0xdedb, 0xdedb, 0xdedb, 0xdedb, 0xdedb, 0xdedb, 0xdedb, 0xdedb, 0xdedb,
			0xdedb, 0xdedb, 0xdedb, 0xdedb, 0xdedb, 0xdedb, 0xdedb, 0xdedb, 0xc618, 0xdedb, 0xdedb, 0xdedb, 0xdedb, 0xdedb, 0xdedb, 0xdedb,
			0xdedb, 0xdedb, 0xdedb, 0xdedb, 0xdedb, 0xdedb, 0xdedb, 0xdedb, 0xdedb, 0xdedb, 0xdedb, 0xdedb, 0xdedb, 0xdedb, 0xdedb, 0xdedb,
			0xdedb, 0xdedb, 0xdedb, 0xdedb, 0xdedb, 0xdedb, 0xdedb, 0xdedb, 0xdedb, 0xdedb, 0xdedb, 0xdedb, 0xdedb, 0xdedb, 0xdedb, 0xdedb,
			0xdedb, 0xdedb, 0xdedb, 0xdedb, 0xdedb, 0xdedb, 0xdedb, 0xdedb, 0xdedb, 0xdedb, 0xdedb, 0xdedb, 0xdedb, 0xdedb, 0xdedb, 0xdedb,
			0xdedb, 0xdedb, 0xdedb, 0xdedb, 0xdedb, 0xdedb, 0xdedb, 0xdedb, 0xdedb, 0xdedb, 0xdedb, 0xdedb, 0xdedb, 0xdedb, 0xdedb, 0xdedb,
			0xdedb, 0xdedb, 0xdedb, 0xdedb, 0xdedb, 0xdedb, 0xdedb, 0xdedb, 0xdedb, 0xdedb, 0xdedb, 0xdedb, 0xdedb, 0xdedb, 0xdedb, 0xdedb,
			0xdedb, 0xdedb, 0xdedb, 0xdedb, 0xdedb, 0xdedb, 0xdedb, 0xdedb, 0xdedb, 0xdedb, 0xdedb, 0xdedb, 0xdedb, 0xdedb, 0xdedb, 0xdedb,
			0xdedb, 0xdedb, 0xdedb, 0xdedb, 0xdedb, 0xdedb, 0xdedb, 0xdedb, 0xdedb, 0xdedb, 0xdedb, 0xdedb, 0xdedb, 0xdedb, 0xdedb, 0xdedb,
			0xc618, 0xdedb, 0xdedb, 0xdedb, 0xdedb, 0xdedb, 0xdedb, 0xdedb, 0xdedb, 0xdedb, 0xdedb, 0xdedb, 0xdedb, 0xdedb, 0xdedb, 0xdedb,
			0xdedb, 0xdedb, 0xdedb, 0xdedb, 0xdedb, 0xdedb, 0xdedb, 0xdedb, 0xdedb, 0xdedb, 0xdedb, 0xdedb, 0xdedb, 0xdedb, 0xdedb, 0xdedb,
			0xdedb, 0xdedb, 0xdedb, 0xdedb, 0xdedb, 0xdedb, 0xdedb, 0xdedb, 0xdedb, 0xdedb, 0xdedb, 0xdedb, 0xdedb, 0xdedb, 0xdedb, 0xdedb,
			0xdedb, 0xdedb, 0xdedb, 0xdedb, 0xdedb, 0xdedb, 0xdedb, 0xdedb, 0xdedb, 0xdedb, 0xdedb, 0xdedb, 0xdedb, 0xdedb, 0xdedb, 0xdedb,
			0xdedb, 0xdedb, 0xdedb, 0xdedb, 0xdedb, 0xdedb, 0xdedb, 0xdedb, 0xdedb, 0xdedb, 0xdedb, 0xdedb, 0xdedb, 0xdedb, 0xdedb, 0xdedb,
			0xdedb, 0xdedb, 0xdedb, 0xdedb, 0xdedb, 0xdedb, 0xdedb, 0xdedb, 0xdedb, 0xdedb, 0xdedb, 0xdedb, 0xdedb, 0xdedb, 0xdedb, 0xdedb,
			0xdedb, 0xdedb, 0xdedb, 0xdedb, 0xdedb, 0xdedb, 0xdedb, 0xdedb, 0xdedb, 0xdedb, 0xdedb, 0xdedb, 0xdedb, 0xdedb, 0xdedb, 0xdedb,
			0xdedb, 0xdedb, 0xdedb, 0xdedb, 0xdedb, 0xdedb, 0xdedb, 0xdedb, 0xc618, 0xdedb, 0xdedb, 0xdedb, 0xdedb, 0xdedb, 0xdedb, 0xdedb,
			0xdedb, 0xdedb, 0xdedb, 0xdedb, 0xdedb, 0xdedb, 0xdedb, 0xdedb, 0xdedb, 0xdedb, 0xdedb, 0xdedb, 0xdedb, 0xdedb, 0xdedb, 0xdedb,
			0xdedb, 0xdedb, 0xdedb, 0xdedb, 0xdedb, 0xdedb, 0xdedb, 0xdedb, 0xdedb, 0xdedb, 0xdedb, 0xdedb, 0xdedb, 0xdedb, 0xdedb, 0xdedb,
			0xdedb, 0xdedb, 0xdedb, 0xdedb, 0xdedb, 0xdedb, 0xdedb, 0xdedb, 0xdedb, 0xdedb, 0xdedb, 0xdedb, 0xdedb, 0xdedb, 0xdedb, 0xdedb,
			0xdedb, 0xdedb, 0xdedb, 0xdedb, 0xdedb, 0xdedb, 0xdedb, 0xdedb, 0xdedb, 0xdedb, 0xdedb, 0xdedb, 0xdedb, 0xdedb, 0xdedb, 0xdedb,
			0xdedb, 0xdedb, 0xdedb, 0xdedb, 0xdedb, 0xdedb, 0xdedb, 0xdedb, 0xdedb, 0xdedb, 0xdedb, 0xdedb, 0xdedb, 0xdedb, 0xdedb, 0xdedb,
			0xdedb, 0xdedb, 0xdedb, 0xdedb, 0xdedb, 0xdedb, 0xdedb, 0xdedb, 0xdedb, 0xdedb, 0xdedb, 0xdedb, 0xdedb, 0xdedb, 0xdedb, 0xdedb,
			0xdedb, 0xdedb, 0xdedb, 0xdedb, 0xdedb, 0xdedb, 0xdedb, 0xdedb, 0xdedb, 0xdedb, 0xdedb, 0xdedb, 0xdedb, 0xdedb, 0xdedb, 0xdedb,
			0xc618, 0xdedb, 0xdedb, 0xdedb, 0xdedb, 0xdedb, 0xdedb, 0xdedb, 0xdedb, 0xdedb, 0xdedb, 0xdedb, 0xdedb, 0xdedb, 0xdedb, 0xdedb,
			0xdedb, 0xdedb, 0xdedb, 0xdedb, 0xdedb, 0xdedb, 0xdedb, 0xdedb, 0xdedb, 0xdedb, 0xdedb, 0xdedb, 0xdedb, 0xdedb, 0xdedb, 0xdedb,
			0xdedb, 0xdedb, 0xdedb, 0xdedb, 0xdedb, 0xdedb, 0xdedb, 0xdedb, 0xdedb, 0xdedb, 0xdedb, 0xdedb, 0xdedb, 0xdedb, 0xdedb, 0xdedb,
			0xdedb, 0xdedb, 0xdedb, 0xdedb, 0xdedb, 0xdedb, 0xdedb, 0xdedb, 0xdedb, 0xdedb, 0xdedb, 0xdedb, 0xdedb, 0xdedb, 0xdedb, 0xdedb,
			0xdedb, 0xdedb, 0xdedb, 0xdedb, 0xdedb, 0xdedb, 0xdedb, 0xdedb, 0xdedb, 0xdedb, 0xdedb, 0xdedb, 0xdedb, 0xdedb, 0xdedb, 0xdedb,
			0xdedb, 0xdedb, 0xdedb, 0xdedb, 0xdedb, 0xdedb, 0xdedb, 0xdedb, 0xdedb, 0xdedb, 0xdedb, 0xdedb, 0xdedb, 0xdedb, 0xdedb, 0xdedb,
			0xdedb, 0xdedb, 0xdedb, 0xdedb, 0xdedb, 0xdedb, 0xdedb, 0xdedb, 0xdedb, 0xdedb, 0xdedb, 0xdedb, 0xdedb, 0xdedb, 0xdedb, 0xdedb,
			0xdedb, 0xdedb, 0xdedb, 0xdedb, 0xdedb, 0xdedb, 0xdedb, 0xdedb, 0xc618, 0xdedb, 0xdedb, 0xdedb, 0xdedb, 0xdedb, 0xdedb, 0xdedb,
			0xdedb, 0xdedb, 0xdedb, 0xdedb, 0xdedb, 0xdedb, 0xdedb, 0xdedb, 0xdedb, 0xdedb, 0xdedb, 0xdedb, 0xdedb, 0xdedb, 0xdedb, 0xdedb,
			0xdedb, 0xdedb, 0xdedb, 0xdedb, 0xdedb, 0xdedb, 0xdedb, 0xdedb, 0xdedb, 0xdedb, 0xdedb, 0xdedb, 0xdedb, 0xdedb, 0xdedb, 0xdedb,
			0xdedb, 0xdedb, 0xdedb, 0xdedb, 0xdedb, 0xdedb, 0xdedb, 0xdedb, 0xdedb, 0xdedb, 0xdedb, 0xdedb, 0xdedb, 0xdedb, 0xdedb, 0xdedb,
			0xdedb, 0xdedb, 0xdedb, 0xdedb, 0xdedb, 0xdedb, 0xdedb, 0xdedb, 0xdedb, 0xdedb, 0xdedb, 0xdedb, 0xdedb, 0xdedb, 0xdedb, 0xdedb,
			0xdedb, 0xdedb, 0xdedb, 0xdedb, 0xdedb, 0xdedb, 0xdedb, 0xdedb, 0xdedb, 0xdedb, 0xdedb, 0xdedb, 0xdedb, 0xdedb, 0xdedb, 0xdedb,
			0xdedb, 0xdedb, 0xdedb, 0xdedb, 0xdedb, 0xdedb, 0xdedb, 0xdedb, 0xdedb, 0xdedb, 0xdedb, 0xdedb, 0xdedb, 0xdedb, 0xdedb, 0xdedb,
			0xdedb, 0xdedb, 0xdedb, 0xdedb, 0xdedb, 0xdedb, 0xdedb, 0xdedb, 0xdedb, 0xdedb, 0xdedb, 0xdedb, 0xdedb, 0xdedb, 0xdedb, 0xdedb,
			0xc618, 0xdedb, 0xdedb, 0xdedb, 0xdedb, 0xdedb, 0xdedb, 0xdedb, 0xdedb, 0xdedb, 0xdedb, 0xdedb, 0xdedb, 0xdedb, 0xdedb, 0xdedb,
			0xdedb, 0xdedb, 0xdedb, 0xdedb, 0xdedb, 0xdedb, 0xdedb, 0xdedb, 0xdedb, 0xdedb, 0xdedb, 0xdedb, 0xdedb, 0xdedb, 0xdedb, 0xdedb,
			0xdedb, 0xdedb, 0xdedb, 0xdedb, 0xdedb, 0xdedb, 0xdedb, 0xdedb, 0xdedb, 0xdedb, 0xdedb, 0xdedb, 0xdedb, 0xdedb, 0xdedb, 0xdedb,
			0xdedb, 0xdedb, 0xdedb, 0xdedb, 0xdedb, 0xdedb, 0xdedb, 0xdedb, 0xdedb, 0xdedb, 0xdedb, 0xdedb, 0xdedb, 0xdedb, 0xdedb, 0xdedb,
			0xdedb, 0xdedb, 0xdedb, 0xdedb, 0xdedb, 0xdedb, 0xdedb, 0xdedb, 0xdedb, 0xdedb, 0xdedb, 0xdedb, 0xdedb, 0xdedb, 0xdedb, 0xdedb,
			0xdedb, 0xdedb, 0xdedb, 0xdedb, 0xdedb, 0xdedb, 0xdedb, 0xdedb, 0xdedb, 0xdedb, 0xdedb, 0xdedb, 0xdedb, 0xdedb, 0xdedb, 0xdedb,
			0xdedb, 0xdedb, 0xdedb, 0xdedb, 0xdedb, 0xdedb, 0xdedb, 0xdedb, 0xdedb, 0xdedb, 0xdedb, 0xdedb, 0xdedb, 0xdedb, 0xdedb, 0xdedb,
			0xdedb, 0xdedb, 0xdedb, 0xdedb, 0xdedb, 0xdedb, 0xdedb, 0xdedb, 0xc618, 0xdedb, 0xdedb, 0xdedb, 0xdedb, 0xdedb, 0xdedb, 0xdedb,
			0xdedb, 0xdedb, 0xdedb, 0xdedb, 0xdedb, 0xdedb, 0xdedb, 0xdedb, 0xdedb, 0xdedb, 0xdedb, 0xdedb, 0xdedb, 0xdedb, 0xdedb, 0xdedb,
			0xdedb, 0xdedb, 0xdedb, 0xdedb, 0xdedb, 0xdedb, 0xdedb, 0xdedb, 0xdedb, 0xdedb, 0xdedb, 0xdedb, 0xdedb, 0xdedb, 0xdedb, 0xdedb,
			0xdedb, 0xdedb, 0xdedb, 0xdedb, 0xdedb, 0xdedb, 0xdedb, 0xdedb, 0xdedb, 0xdedb, 0xdedb, 0xdedb, 0xdedb, 0xdedb, 0xdedb, 0xdedb,
			0xdedb, 0xdedb, 0xdedb, 0xdedb, 0xdedb, 0xdedb, 0xdedb, 0xdedb, 0xdedb, 0xdedb, 0xdedb, 0xdedb, 0xdedb, 0xdedb, 0xdedb, 0xdedb,
			0xdedb, 0xdedb, 0xdedb, 0xdedb, 0xdedb, 0xdedb, 0xdedb, 0xdedb, 0xdedb, 0xdedb, 0xdedb, 0xdedb, 0xdedb, 0xdedb, 0xdedb, 0xdedb,
			0xdedb, 0xdedb, 0xdedb, 0xdedb, 0xdedb, 0xdedb, 0xdedb, 0xdedb, 0xdedb, 0xdedb, 0xdedb, 0xdedb, 0xdedb, 0xdedb, 0xdedb, 0xdedb,
			0xdedb, 0xdedb, 0xdedb, 0xdedb, 0xdedb, 0xdedb, 0xdedb, 0xdedb, 0xdedb, 0xdedb, 0xdedb, 0xdedb, 0xdedb, 0xdedb, 0xdedb, 0xdedb,
			0xc618, 0xdedb, 0xdedb, 0xdedb, 0xdedb, 0xdedb, 0xdedb, 0xdedb, 0xdedb, 0xdedb, 0xdedb, 0xdedb, 0xdedb, 0xdedb, 0xdedb, 0xdedb,
			0xdedb, 0xdedb, 0xdedb, 0xdedb, 0xdedb, 0xdedb, 0xdedb, 0xdedb, 0xdedb, 0xdedb, 0xdedb, 0xdedb, 0xdedb, 0xdedb, 0xdedb, 0xdedb,
			0xdedb, 0xdedb, 0xdedb, 0xdedb, 0xdedb, 0xdedb, 0xdedb, 0xdedb, 0xdedb, 0xdedb, 0xdedb, 0xdedb, 0xdedb, 0xdedb, 0xdedb, 0xdedb,
			0xdedb, 0xdedb, 0xdedb, 0xdedb, 0xdedb, 0xdedb, 0xdedb, 0xdedb, 0xdedb, 0xdedb, 0xdedb, 0xdedb, 0xdedb, 0xdedb, 0xdedb, 0xdedb,
			0xdedb, 0xdedb, 0xdedb, 0xdedb, 0xdedb, 0xdedb, 0xdedb, 0xdedb, 0xdedb, 0xdedb, 0xdedb, 0xdedb, 0xdedb, 0xdedb, 0xdedb, 0xdedb,
			0xdedb, 0xdedb, 0xdedb, 0xdedb, 0xdedb, 0xdedb, 0xdedb, 0xdedb, 0xdedb, 0xdedb, 0xdedb, 0xdedb, 0xdedb, 0xdedb, 0xdedb, 0xdedb,
			0xdedb, 0xdedb, 0xdedb, 0xdedb, 0xdedb, 0xdedb, 0xdedb, 0xdedb, 0xdedb, 0xdedb, 0xdedb, 0xdedb, 0xdedb, 0xdedb, 0xdedb, 0xdedb,
			0xdedb, 0xdedb, 0xdedb, 0xdedb, 0xdedb, 0xdedb, 0xdedb, 0xdedb, 0xc618, 0xdedb, 0xdedb, 0xdedb, 0xdedb, 0xdedb, 0xdedb, 0xdedb,
			0xdedb, 0xdedb, 0xdedb, 0xdedb, 0xdedb, 0xdedb, 0xdedb, 0xdedb, 0xdedb, 0xdedb, 0xdedb, 0xdedb, 0xdedb, 0xdedb, 0xdedb, 0xdedb,
			0xdedb, 0xdedb, 0xdedb, 0xdedb, 0xdedb, 0xdedb, 0xdedb, 0xdedb, 0xdedb, 0xdedb, 0xdedb, 0xdedb, 0xdedb, 0xdedb, 0xdedb, 0xdedb,
			0xdedb, 0xdedb, 0xdedb, 0xdedb, 0xdedb, 0xdedb, 0xdedb, 0xdedb, 0xdedb, 0xdedb, 0xdedb, 0xdedb, 0xdedb, 0xdedb, 0xdedb, 0xdedb,
			0xdedb, 0xdedb, 0xdedb, 0xdedb, 0xdedb, 0xdedb, 0xdedb, 0xdedb, 0xdedb, 0xdedb, 0xdedb, 0xdedb, 0xdedb, 0xdedb, 0xdedb, 0xdedb,
			0xdedb, 0xdedb, 0xdedb, 0xdedb, 0xdedb, 0xdedb, 0xdedb, 0xdedb, 0xdedb, 0xdedb, 0xdedb, 0xdedb, 0xdedb, 0xdedb, 0xdedb, 0xdedb,
			0xdedb, 0xdedb, 0xdedb, 0xdedb, 0xdedb, 0xdedb, 0xdedb, 0xdedb, 0xdedb, 0xdedb, 0xdedb, 0xdedb, 0xdedb, 0xdedb, 0xdedb, 0xdedb,
			0xdedb, 0xdedb, 0xdedb, 0xdedb, 0xdedb, 0xdedb, 0xdedb, 0xdedb, 0xdedb, 0xdedb, 0xdedb, 0xdedb, 0xdedb, 0xdedb, 0xdedb, 0xdedb,
			0xc618, 0xdedb, 0xdedb, 0xdedb, 0xdedb, 0xdedb, 0xdedb, 0xdedb, 0xdedb, 0xdedb, 0xdedb, 0xdedb, 0xdedb, 0xdedb, 0xdedb, 0xdedb,
			0xdedb, 0xdedb, 0xdedb, 0xdedb, 0xdedb, 0xdedb, 0xdedb, 0xdedb, 0xdedb, 0xdedb, 0xdedb, 0xdedb, 0xdedb, 0xdedb, 0xdedb, 0xdedb,
			0xdedb, 0xdedb, 0xdedb, 0xdedb, 0xdedb, 0xdedb, 0xdedb, 0xdedb, 0xdedb, 0xdedb, 0xdedb, 0xdedb, 0xdedb, 0xdedb, 0xdedb, 0xdedb,
			0xdedb, 0xdedb, 0xdedb, 0xdedb, 0xdedb, 0xdedb, 0xdedb, 0xdedb, 0xdedb, 0xdedb, 0xdedb, 0xdedb, 0xdedb, 0xdedb, 0xdedb, 0xdedb,
			0xdedb, 0xdedb, 0xdedb, 0xdedb, 0xdedb, 0xdedb, 0xdedb, 0xdedb, 0xdedb, 0xdedb, 0xdedb, 0xdedb, 0xdedb, 0xdedb, 0xdedb, 0xdedb,
			0xdedb, 0xdedb, 0xdedb, 0xdedb, 0xdedb, 0xdedb, 0xdedb, 0xdedb, 0xdedb, 0xdedb, 0xdedb, 0xdedb, 0xdedb, 0xdedb, 0xdedb, 0xdedb,
			0xdedb, 0xdedb, 0xdedb, 0xdedb, 0xdedb, 0xdedb, 0xdedb, 0xdedb, 0xdedb, 0xdedb, 0xdedb, 0xdedb, 0xdedb, 0xdedb, 0xdedb, 0xdedb,
			0xdedb, 0xdedb, 0xdedb, 0xdedb, 0xdedb, 0xdedb, 0xdedb, 0xdedb, 0xc618, 0xdedb, 0xdedb, 0xdedb, 0xdedb, 0xdedb, 0xdedb, 0xdedb,
			0xdedb, 0xdedb, 0xdedb, 0xdedb, 0xdedb, 0xdedb, 0xdedb, 0xdedb, 0xdedb, 0xdedb, 0xdedb, 0xdedb, 0xdedb, 0xdedb, 0xdedb, 0xdedb,
			0xdedb, 0xdedb, 0xdedb, 0xdedb, 0xdedb, 0xdedb, 0xdedb, 0xdedb, 0xdedb, 0xdedb, 0xdedb, 0xdedb, 0xdedb, 0xdedb, 0xdedb, 0xdedb,
			0xdedb, 0xdedb, 0xdedb, 0xdedb, 0xdedb, 0xdedb, 0xdedb, 0xdedb, 0xdedb, 0xdedb, 0xdedb, 0xdedb, 0xdedb, 0xdedb, 0xdedb, 0xdedb,
			0xdedb, 0xdedb, 0xdedb, 0xdedb, 0xdedb, 0xdedb, 0xdedb, 0xdedb, 0xdedb, 0xdedb, 0xdedb, 0xdedb, 0xdedb, 0xdedb, 0xdedb, 0xdedb,
			0xdedb, 0xdedb, 0xdedb, 0xdedb, 0xdedb, 0xdedb, 0xdedb, 0xdedb, 0xdedb, 0xdedb, 0xdedb, 0xdedb, 0xdedb, 0xdedb, 0xdedb, 0xdedb,
			0xdedb, 0xdedb, 0xdedb, 0xdedb, 0xdedb, 0xdedb, 0xdedb, 0xdedb, 0xdedb, 0xdedb, 0xdedb, 0xdedb, 0xdedb, 0xdedb, 0xdedb, 0xdedb,
			0xdedb, 0xdedb, 0xdedb, 0xdedb, 0xdedb, 0xdedb, 0xdedb, 0xdedb, 0xdedb, 0xdedb, 0xdedb, 0xdedb, 0xdedb, 0xdedb, 0xdedb, 0xdedb,
			0xc618, 0xdedb, 0xdedb, 0xdedb, 0xdedb, 0xdedb, 0xdedb, 0xdedb, 0xdedb, 0xdedb, 0xdedb, 0xdedb, 0xdedb, 0xdedb, 0xdedb, 0xdedb,
			0xdedb, 0xdedb, 0xdedb, 0xdedb, 0xdedb, 0xdedb, 0xdedb, 0xdedb, 0xdedb, 0xdedb, 0xdedb, 0xdedb, 0xdedb, 0xdedb, 0xdedb, 0xdedb,
			0xdedb, 0xdedb, 0xdedb, 0xdedb, 0xdedb, 0xdedb, 0xdedb, 0xdedb, 0xdedb, 0xdedb, 0xdedb, 0xdedb, 0xdedb, 0xdedb, 0xdedb, 0xdedb,
			0xdedb, 0xdedb, 0xdedb, 0xdedb, 0xdedb, 0xdedb, 0xdedb, 0xdedb, 0xdedb, 0xdedb, 0xdedb, 0xdedb, 0xdedb, 0xdedb, 0xdedb, 0xdedb,
			0xdedb, 0xdedb, 0xdedb, 0xdedb, 0xdedb, 0xdedb, 0xdedb, 0xdedb, 0xdedb, 0xdedb, 0xdedb, 0xdedb, 0xdedb, 0xdedb, 0xdedb, 0xdedb,
			0xdedb, 0xdedb, 0xdedb, 0xdedb, 0xdedb, 0xdedb, 0xdedb, 0xdedb, 0xdedb, 0xdedb, 0xdedb, 0xdedb, 0xdedb, 0xdedb, 0xdedb, 0xdedb,
			0xdedb, 0xdedb, 0xdedb, 0xdedb, 0xdedb, 0xdedb, 0xdedb, 0xdedb, 0xdedb, 0xdedb, 0xdedb, 0xdedb, 0xdedb, 0xdedb, 0xdedb, 0xdedb,
			0xdedb, 0xdedb, 0xdedb, 0xdedb, 0xdedb, 0xdedb, 0xdedb, 0xdedb, 0xc618, 0xdedb, 0xdedb, 0xdedb, 0xdedb, 0xdedb, 0xdedb, 0xdedb,
			0xdedb, 0xdedb, 0xdedb, 0xdedb, 0xdedb, 0xdedb, 0xdedb, 0xdedb, 0xdedb, 0xdedb, 0xdedb, 0xdedb, 0xdedb, 0xdedb, 0xdedb, 0xdedb,
			0xdedb, 0xdedb, 0xdedb, 0xdedb, 0xdedb, 0xdedb, 0xdedb, 0xdedb, 0xdedb, 0xdedb, 0xdedb, 0xdedb, 0xdedb, 0xdedb, 0xdedb, 0xdedb,
			0xdedb, 0xdedb, 0xdedb, 0xdedb, 0xdedb, 0xdedb, 0xdedb, 0xdedb, 0xdedb, 0xdedb, 0xdedb, 0xdedb, 0xdedb, 0xdedb, 0xdedb, 0xdedb,
			0xdedb, 0xdedb, 0xdedb, 0xdedb, 0xdedb, 0xdedb, 0xdedb, 0xdedb, 0xdedb, 0xdedb, 0xdedb, 0xdedb, 0xdedb, 0xdedb, 0xdedb, 0xdedb,
			0xdedb, 0xdedb, 0xdedb, 0xdedb, 0xdedb, 0xdedb, 0xdedb, 0xdedb, 0xdedb, 0xdedb, 0xdedb, 0xdedb, 0xdedb, 0xdedb, 0xdedb, 0xdedb,
			0xdedb, 0xdedb, 0xdedb, 0xdedb, 0xdedb, 0xdedb, 0xdedb, 0xdedb, 0xdedb, 0xdedb, 0xdedb, 0xdedb, 0xdedb, 0xdedb, 0xdedb, 0xdedb,
			0xdedb, 0xdedb, 0xdedb, 0xdedb, 0xdedb, 0xdedb, 0xdedb, 0xdedb, 0xdedb, 0xdedb, 0xdedb, 0xdedb, 0xdedb, 0xdedb, 0xdedb, 0xdedb,
			0xc618, 0xdedb, 0xdedb, 0xdedb, 0xdedb, 0xdedb, 0xdedb, 0xdedb, 0xdedb, 0xdedb, 0xdedb, 0xdedb, 0xdedb, 0xdedb, 0xdedb, 0xdedb,
			0xdedb, 0xdedb, 0xdedb, 0xdedb, 0xdedb, 0xdedb, 0xdedb, 0xdedb, 0xdedb, 0xdedb, 0xdedb, 0xdedb, 0xdedb, 0xdedb, 0xdedb, 0xdedb,
			0xdedb, 0xdedb, 0xdedb, 0xdedb, 0xdedb, 0xdedb, 0xdedb, 0xdedb, 0xdedb, 0xdedb, 0xdedb, 0xdedb, 0xdedb, 0xdedb, 0xdedb, 0xdedb,
			0xdedb, 0xdedb, 0xdedb, 0xdedb, 0xdedb, 0xdedb, 0xdedb, 0xdedb, 0xdedb, 0xdedb, 0xdedb, 0xdedb, 0xdedb, 0xdedb, 0xdedb, 0xdedb,
			0xdedb, 0xdedb, 0xdedb, 0xdedb, 0xdedb, 0xdedb, 0xdedb, 0xdedb, 0xdedb, 0xdedb, 0xdedb, 0xdedb, 0xdedb, 0xdedb, 0xdedb, 0xdedb,
			0xdedb, 0xdedb, 0xdedb, 0xdedb, 0xdedb, 0xdedb, 0xdedb, 0xdedb, 0xdedb, 0xdedb, 0xdedb, 0xdedb, 0xdedb, 0xdedb, 0xdedb, 0xdedb,
			0xdedb, 0xdedb, 0xdedb, 0xdedb, 0xdedb, 0xdedb, 0xdedb, 0xdedb, 0xdedb, 0xdedb, 0xdedb, 0xdedb, 0xdedb, 0xdedb, 0xdedb, 0xdedb,
			0xdedb, 0xdedb, 0xdedb, 0xdedb, 0xdedb, 0xdedb, 0xdedb, 0xdedb, 0xc618, 0xdedb, 0xdedb, 0xdedb, 0xdedb, 0xdedb, 0xdedb, 0xdedb,
			0xdedb, 0xdedb, 0xdedb, 0xdedb, 0xdedb, 0xdedb, 0xdedb, 0xdedb, 0xdedb, 0xdedb, 0xdedb, 0xdedb, 0xdedb, 0xdedb, 0xdedb, 0xdedb,
			0xdedb, 0xdedb, 0xdedb, 0xdedb, 0xdedb, 0xdedb, 0xdedb, 0xdedb, 0xdedb, 0xdedb, 0xdedb, 0xdedb, 0xdedb, 0xdedb, 0xdedb, 0xdedb,
			0xdedb, 0xdedb, 0xdedb, 0xdedb, 0xdedb, 0xdedb, 0xdedb, 0xdedb, 0xdedb, 0xdedb, 0xdedb, 0xdedb, 0xdedb, 0xdedb, 0xdedb, 0xdedb,
			0xdedb, 0xdedb, 0xdedb, 0xdedb, 0xdedb, 0xdedb, 0xdedb, 0xdedb, 0xdedb, 0xdedb, 0xdedb, 0xdedb, 0xdedb, 0xdedb, 0xdedb, 0xdedb,
			0xdedb, 0xdedb, 0xdedb, 0xdedb, 0xdedb, 0xdedb, 0xdedb, 0xdedb, 0xdedb, 0xdedb, 0xdedb, 0xdedb, 0xdedb, 0xdedb, 0xdedb, 0xdedb,
			0xdedb, 0xdedb, 0xdedb, 0xdedb, 0xdedb, 0xdedb, 0xdedb, 0xdedb, 0xdedb, 0xdedb, 0xdedb, 0xdedb, 0xdedb, 0xdedb, 0xdedb, 0xdedb,
			0xdedb, 0xdedb, 0xdedb, 0xdedb, 0xdedb, 0xdedb, 0xdedb, 0xdedb, 0xdedb, 0xdedb, 0xdedb, 0xdedb, 0xdedb, 0xdedb, 0xdedb, 0xdedb,
			0xc618, 0xdedb, 0xdedb, 0xdedb, 0xdedb, 0xdedb, 0xdedb, 0xdedb, 0xdedb, 0xdedb, 0xdedb, 0xdedb, 0xdedb, 0xdedb, 0xdedb, 0xdedb,
			0xdedb, 0xdedb, 0xdedb, 0xdedb, 0xdedb, 0xdedb, 0xdedb, 0xdedb, 0xdedb, 0xdedb, 0xdedb, 0xdedb, 0xdedb, 0xdedb, 0xdedb, 0xdedb,
			0xdedb, 0xdedb, 0xdedb, 0xdedb, 0xdedb, 0xdedb, 0xdedb, 0xdedb, 0xdedb, 0xdedb, 0xdedb, 0xdedb, 0xdedb, 0xdedb, 0xdedb, 0xdedb,
			0xdedb, 0xdedb, 0xdedb, 0xdedb, 0xdedb, 0xdedb, 0xdedb, 0xdedb, 0xdedb, 0xdedb, 0xdedb, 0xdedb, 0xdedb, 0xdedb, 0xdedb, 0xdedb,
			0xdedb, 0xdedb, 0xdedb, 0xdedb, 0xdedb, 0xdedb, 0xdedb, 0xdedb, 0xdedb, 0xdedb, 0xdedb, 0xdedb, 0xdedb, 0xdedb, 0xdedb, 0xdedb,
			0xdedb, 0xdedb, 0xdedb, 0xdedb, 0xdedb, 0xdedb, 0xdedb, 0xdedb, 0xdedb, 0xdedb, 0xdedb, 0xdedb, 0xdedb, 0xdedb, 0xdedb, 0xdedb,
			0xdedb, 0xdedb, 0xdedb, 0xdedb, 0xdedb, 0xdedb, 0xdedb, 0xdedb, 0xdedb, 0xdedb, 0xdedb, 0xdedb, 0xdedb, 0xdedb, 0xdedb, 0xdedb,
			0xdedb, 0xdedb, 0xdedb, 0xdedb, 0xdedb, 0xdedb, 0xdedb, 0xdedb, 0xc618, 0xdedb, 0xdedb, 0xdedb, 0xdedb, 0xdedb, 0xdedb, 0xdedb,
			0xdedb, 0xdedb, 0xdedb, 0xdedb, 0xdedb, 0xdedb, 0xdedb, 0xdedb, 0xdedb, 0xdedb, 0xdedb, 0xdedb, 0xdedb, 0xdedb, 0xdedb, 0xdedb,
			0xdedb, 0xdedb, 0xdedb, 0xdedb, 0xdedb, 0xdedb, 0xdedb, 0xdedb, 0xdedb, 0xdedb, 0xdedb, 0xdedb, 0xdedb, 0xdedb, 0xdedb, 0xdedb,
			0xdedb, 0xdedb, 0xdedb, 0xdedb, 0xdedb, 0xdedb, 0xdedb, 0xdedb, 0xdedb, 0xdedb, 0xdedb, 0xdedb, 0xdedb, 0xdedb, 0xdedb, 0xdedb,
			0xdedb, 0xdedb, 0xdedb, 0xdedb, 0xdedb, 0xdedb, 0xdedb, 0xdedb, 0xdedb, 0xdedb, 0xdedb, 0xdedb, 0xdedb, 0xdedb, 0xdedb, 0xdedb,
			0xdedb, 0xdedb, 0xdedb, 0xdedb, 0xdedb, 0xdedb, 0xdedb, 0xdedb, 0xdedb, 0xdedb, 0xdedb, 0xdedb, 0xdedb, 0xdedb, 0xdedb, 0xdedb,
			0xdedb, 0xdedb, 0xdedb, 0xdedb, 0xdedb, 0xdedb, 0xdedb, 0xdedb, 0xdedb, 0xdedb, 0xdedb, 0xdedb, 0xdedb, 0xdedb, 0xdedb, 0xdedb,
			0xdedb, 0xdedb, 0xdedb, 0xdedb, 0xdedb, 0xdedb, 0xdedb, 0xdedb, 0xdedb, 0xdedb, 0xdedb, 0xdedb, 0xdedb, 0xdedb, 0xdedb, 0xdedb,
			0xc618, 0xdedb, 0xdedb, 0xdedb, 0xdedb, 0xdedb, 0xdedb, 0xdedb, 0xdedb, 0xdedb, 0xdedb, 0xdedb, 0xdedb, 0xdedb, 0xdedb, 0xdedb,
			0xdedb, 0xdedb, 0xdedb, 0xdedb, 0xdedb, 0xdedb, 0xdedb, 0xdedb, 0xdedb, 0xdedb, 0xdedb, 0xdedb, 0xdedb, 0xdedb, 0xdedb, 0xdedb,
			0xdedb, 0xdedb, 0xdedb, 0xdedb, 0xdedb, 0xdedb, 0xdedb, 0xdedb, 0xdedb, 0xdedb, 0xdedb, 0xdedb, 0xdedb, 0xdedb, 0xdedb, 0xdedb,
			0xdedb, 0xdedb, 0xdedb, 0xdedb, 0xdedb, 0xdedb, 0xdedb, 0xdedb, 0xdedb, 0xdedb, 0xdedb, 0xdedb, 0xdedb, 0xdedb, 0xdedb, 0xdedb,
			0xdedb, 0xdedb, 0xdedb, 0xdedb, 0xdedb, 0xdedb, 0xdedb, 0xdedb, 0xdedb, 0xdedb, 0xdedb, 0xdedb, 0xdedb, 0xdedb, 0xdedb, 0xdedb,
			0xdedb, 0xdedb, 0xdedb, 0xdedb, 0xdedb, 0xdedb, 0xdedb, 0xdedb, 0xdedb, 0xdedb, 0xdedb, 0xdedb, 0xdedb, 0xdedb, 0xdedb, 0xdedb,
			0xdedb, 0xdedb, 0xdedb, 0xdedb, 0xdedb, 0xdedb, 0xdedb, 0xdedb, 0xdedb, 0xdedb, 0xdedb, 0xdedb, 0xdedb, 0xdedb, 0xdedb, 0xdedb,
			0xdedb, 0xdedb, 0xdedb, 0xdedb, 0xdedb, 0xdedb, 0xdedb, 0xdedb, 0xc618, 0xdedb, 0xdedb, 0xdedb, 0xdedb, 0xdedb, 0xdedb, 0xdedb,
			0xdedb, 0xdedb, 0xdedb, 0xdedb, 0xdedb, 0xdedb, 0xdedb, 0xdedb, 0xdedb, 0xdedb, 0xdedb, 0xdedb, 0xdedb, 0xdedb, 0xdedb, 0xdedb,
			0xdedb, 0xdedb, 0xdedb, 0xdedb, 0xdedb, 0xdedb, 0xdedb, 0xdedb, 0xdedb, 0xdedb, 0xdedb, 0xdedb, 0xdedb, 0xdedb, 0xdedb, 0xdedb,
			0xdedb, 0xdedb, 0xdedb, 0xdedb, 0xdedb, 0xdedb, 0xdedb, 0xdedb, 0xdedb, 0xdedb, 0xdedb, 0xdedb, 0xdedb, 0xdedb, 0xdedb, 0xdedb,
			0xdedb, 0xdedb, 0xdedb, 0xdedb, 0xdedb, 0xdedb, 0xdedb, 0xdedb, 0xdedb, 0xdedb, 0xdedb, 0xdedb, 0xdedb, 0xdedb, 0xdedb, 0xdedb,
			0xdedb, 0xdedb, 0xdedb, 0xdedb, 0xdedb, 0xdedb, 0xdedb, 0xdedb, 0xdedb, 0xdedb, 0xdedb, 0xdedb, 0xdedb, 0xdedb, 0xdedb, 0xdedb,
			0xdedb, 0xdedb, 0xdedb, 0xdedb, 0xdedb, 0xdedb, 0xdedb, 0xdedb, 0xdedb, 0xdedb, 0xdedb, 0xdedb, 0xdedb, 0xdedb, 0xdedb, 0xdedb,
			0xdedb, 0xdedb, 0xdedb, 0xdedb, 0xdedb, 0xdedb, 0xdedb, 0xdedb, 0xdedb, 0xdedb, 0xdedb, 0xdedb, 0xdedb, 0xdedb, 0xdedb, 0xdedb,
			0xc618, 0xdedb, 0xdedb, 0xdedb, 0xdedb, 0xdedb, 0xdedb, 0xdedb, 0xdedb, 0xdedb, 0xdedb, 0xdedb, 0xdedb, 0xdedb, 0xdedb, 0xdedb,
			0xdedb, 0xdedb, 0xdedb, 0xdedb, 0xdedb, 0xdedb, 0xdedb, 0xdedb, 0xdedb, 0xdedb, 0xdedb, 0xdedb, 0xdedb, 0xdedb, 0xdedb, 0xdedb,
			0xdedb, 0xdedb, 0xdedb, 0xdedb, 0xdedb, 0xdedb, 0xdedb, 0xdedb, 0xdedb, 0xdedb, 0xdedb, 0xdedb, 0xdedb, 0xdedb, 0xdedb, 0xdedb,
			0xdedb, 0xdedb, 0xdedb, 0xdedb, 0xdedb, 0xdedb, 0xdedb, 0xdedb, 0xdedb, 0xdedb, 0xdedb, 0xdedb, 0xdedb, 0xdedb, 0xdedb, 0xdedb,
			0xdedb, 0xdedb, 0xdedb, 0xdedb, 0xdedb, 0xdedb, 0xdedb, 0xdedb, 0xdedb, 0xdedb, 0xdedb, 0xdedb, 0xdedb, 0xdedb, 0xdedb, 0xdedb,
			0xdedb, 0xdedb, 0xdedb, 0xdedb, 0xdedb, 0xdedb, 0xdedb, 0xdedb, 0xdedb, 0xdedb, 0xdedb, 0xdedb, 0xdedb, 0xdedb, 0xdedb, 0xdedb,
			0xdedb, 0xdedb, 0xdedb, 0xdedb, 0xdedb, 0xdedb, 0xdedb, 0xdedb, 0xdedb, 0xdedb, 0xdedb, 0xdedb, 0xdedb, 0xdedb, 0xdedb, 0xdedb,
			0xdedb, 0xdedb, 0xdedb, 0xdedb, 0xdedb, 0xdedb, 0xdedb, 0xdedb, 0xc618, 0xdedb, 0xdedb, 0xdedb, 0xdedb, 0xdedb, 0xdedb, 0xdedb,
			0xdedb, 0xdedb, 0xdedb, 0xdedb, 0xdedb, 0xdedb, 0xdedb, 0xdedb, 0xdedb, 0xdedb, 0xdedb, 0xdedb, 0xdedb, 0xdedb, 0xdedb, 0xdedb,
			0xdedb, 0xdedb, 0xdedb, 0xdedb, 0xdedb, 0xdedb, 0xdedb, 0xdedb, 0xdedb, 0xdedb, 0xdedb, 0xdedb, 0xdedb, 0xdedb, 0xdedb, 0xdedb,
			0xdedb, 0xdedb, 0xdedb, 0xdedb, 0xdedb, 0xdedb, 0xdedb, 0xdedb, 0xdedb, 0xdedb, 0xdedb, 0xdedb, 0xdedb, 0xdedb, 0xdedb, 0xdedb,
			0xdedb, 0xdedb, 0xdedb, 0xdedb, 0xdedb, 0xdedb, 0xdedb, 0xdedb, 0xdedb, 0xdedb, 0xdedb, 0xdedb, 0xdedb, 0xdedb, 0xdedb, 0xdedb,
			0xdedb, 0xdedb, 0xdedb, 0xdedb, 0xdedb, 0xdedb, 0xdedb, 0xdedb, 0xdedb, 0xdedb, 0xdedb, 0xdedb, 0xdedb, 0xdedb, 0xdedb, 0xdedb,
			0xdedb, 0xdedb, 0xdedb, 0xdedb, 0xdedb, 0xdedb, 0xdedb, 0xdedb, 0xdedb, 0xdedb, 0xdedb, 0xdedb, 0xdedb, 0xdedb, 0xdedb, 0xdedb,
			0xdedb, 0xdedb, 0xdedb, 0xdedb, 0xdedb, 0xdedb, 0xdedb, 0xdedb, 0xdedb, 0xdedb, 0xdedb, 0xdedb, 0xdedb, 0xdedb, 0xdedb, 0xdedb,
			0xc618, 0xdedb, 0xdedb, 0xdedb, 0xdedb, 0xdedb, 0xdedb, 0xdedb, 0xdedb, 0xdedb, 0xdedb, 0xdedb, 0xdedb, 0xdedb, 0xdedb, 0xdedb,
			0xdedb, 0xdedb, 0xdedb, 0xdedb, 0xdedb, 0xdedb, 0xdedb, 0xdedb, 0xdedb, 0xdedb, 0xdedb, 0xdedb, 0xdedb, 0xdedb, 0xdedb, 0xdedb,
			0xdedb, 0xdedb, 0xdedb, 0xdedb, 0xdedb, 0xdedb, 0xdedb, 0xdedb, 0xdedb, 0xdedb, 0xdedb, 0xdedb, 0xdedb, 0xdedb, 0xdedb, 0xdedb,
			0xdedb, 0xdedb, 0xdedb, 0xdedb, 0xdedb, 0xdedb, 0xdedb, 0xdedb, 0xdedb, 0xdedb, 0xdedb, 0xdedb, 0xdedb, 0xdedb, 0xdedb, 0xdedb,
			0xdedb, 0xdedb, 0xdedb, 0xdedb, 0xdedb, 0xdedb, 0xdedb, 0xdedb, 0xdedb, 0xdedb, 0xdedb, 0xdedb, 0xdedb, 0xdedb, 0xdedb, 0xdedb,
			0xdedb, 0xdedb, 0xdedb, 0xdedb, 0xdedb, 0xdedb, 0xdedb, 0xdedb, 0xdedb, 0xdedb, 0xdedb, 0xdedb, 0xdedb, 0xdedb, 0xdedb, 0xdedb,
			0xdedb, 0xdedb, 0xdedb, 0xdedb, 0xdedb, 0xdedb, 0xdedb, 0xdedb, 0xdedb, 0xdedb, 0xdedb, 0xdedb, 0xdedb, 0xdedb, 0xdedb, 0xdedb,
			0xdedb, 0xdedb, 0xdedb, 0xdedb, 0xdedb, 0xdedb, 0xdedb, 0xdedb, 0xc618, 0xdedb, 0xdedb, 0xdedb, 0xdedb, 0xdedb, 0xdedb, 0xdedb,
			0xdedb, 0xdedb, 0xdedb, 0xdedb, 0xdedb, 0xdedb, 0xdedb, 0xdedb, 0xdedb, 0xdedb, 0xdedb, 0xdedb, 0xdedb, 0xdedb, 0xdedb, 0xdedb,
			0xdedb, 0xdedb, 0xdedb, 0xdedb, 0xdedb, 0xdedb, 0xdedb, 0xdedb, 0xdedb, 0xdedb, 0xdedb, 0xdedb, 0xdedb, 0xdedb, 0xdedb, 0xdedb,
			0xdedb, 0xdedb, 0xdedb, 0xdedb, 0xdedb, 0xdedb, 0xdedb, 0xdedb, 0xdedb, 0xdedb, 0xdedb, 0xdedb, 0xdedb, 0xdedb, 0xdedb, 0xdedb,
			0xdedb, 0xdedb, 0xdedb, 0xdedb, 0xdedb, 0xdedb, 0xdedb, 0xdedb, 0xdedb, 0xdedb, 0xdedb, 0xdedb, 0xdedb, 0xdedb, 0xdedb, 0xdedb,
			0xdedb, 0xdedb, 0xdedb, 0xdedb, 0xdedb, 0xdedb, 0xdedb, 0xdedb, 0xdedb, 0xdedb, 0xdedb, 0xdedb, 0xdedb, 0xdedb, 0xdedb, 0xdedb,
			0xdedb, 0xdedb, 0xdedb, 0xdedb, 0xdedb, 0xdedb, 0xdedb, 0xdedb, 0xdedb, 0xdedb, 0xdedb, 0xdedb, 0xdedb, 0xdedb, 0xdedb, 0xdedb,
			0xdedb, 0xdedb, 0xdedb, 0xdedb, 0xdedb, 0xdedb, 0xdedb, 0xdedb, 0xdedb, 0xdedb, 0xdedb, 0xdedb, 0xdedb, 0xdedb, 0xdedb, 0xdedb,
			0xc618, 0xdedb, 0xdedb, 0xdedb, 0xdedb, 0xdedb, 0xdedb, 0xdedb, 0xdedb, 0xdedb, 0xdedb, 0xdedb, 0xdedb, 0xdedb, 0xdedb, 0xdedb,
			0xdedb, 0xdedb, 0xdedb, 0xdedb, 0xdedb, 0xdedb, 0xdedb, 0xdedb, 0xdedb, 0xdedb, 0xdedb, 0xdedb, 0xdedb, 0xdedb, 0xdedb, 0xdedb,
			0xdedb, 0xdedb, 0xdedb, 0xdedb, 0xdedb, 0xdedb, 0xdedb, 0xdedb, 0xdedb, 0xdedb, 0xdedb, 0xdedb, 0xdedb, 0xdedb, 0xdedb, 0xdedb,
			0xdedb, 0xdedb, 0xdedb, 0xdedb, 0xdedb, 0xdedb, 0xdedb, 0xdedb, 0xdedb, 0xdedb, 0xdedb, 0xdedb, 0xdedb, 0xdedb, 0xdedb, 0xdedb,
			0xdedb, 0xdedb, 0xdedb, 0xdedb, 0xdedb, 0xdedb, 0xdedb, 0xdedb, 0xdedb, 0xdedb, 0xdedb, 0xdedb, 0xdedb, 0xdedb, 0xdedb, 0xdedb,
			0xdedb, 0xdedb, 0xdedb, 0xdedb, 0xdedb, 0xdedb, 0xdedb, 0xdedb, 0xdedb, 0xdedb, 0xdedb, 0xdedb, 0xdedb, 0xdedb, 0xdedb, 0xdedb,
			0xdedb, 0xdedb, 0xdedb, 0xdedb, 0xdedb, 0xdedb, 0xdedb, 0xdedb, 0xdedb, 0xdedb, 0xdedb, 0xdedb, 0xdedb, 0xdedb, 0xdedb, 0xdedb,
			0xdedb, 0xdedb, 0xdedb, 0xdedb, 0xdedb, 0xdedb, 0xdedb, 0xdedb, 0xc618, 0xdedb, 0xdedb, 0xdedb, 0xdedb, 0xdedb, 0xdedb, 0xdedb,
			0xdedb, 0xdedb, 0xdedb, 0xdedb, 0xdedb, 0xdedb, 0xdedb, 0xdedb, 0xdedb, 0xdedb, 0xdedb, 0xdedb, 0xdedb, 0xdedb, 0xdedb, 0xdedb,
			0xdedb, 0xdedb, 0xdedb, 0xdedb, 0xdedb, 0xdedb, 0xdedb, 0xdedb, 0xdedb, 0xdedb, 0xdedb, 0xdedb, 0xdedb, 0xdedb, 0xdedb, 0xdedb,
			0xdedb, 0xdedb, 0xdedb, 0xdedb, 0xdedb, 0xdedb, 0xdedb, 0xdedb, 0xdedb, 0xdedb, 0xdedb, 0xdedb, 0xdedb, 0xdedb, 0xdedb, 0xdedb,
			0xdedb, 0xdedb, 0xdedb, 0xdedb, 0xdedb, 0xdedb, 0xdedb, 0xdedb, 0xdedb, 0xdedb, 0xdedb, 0xdedb, 0xdedb, 0xdedb, 0xdedb, 0xdedb,
			0xdedb, 0xdedb, 0xdedb, 0xdedb, 0xdedb, 0xdedb, 0xdedb, 0xdedb, 0xdedb, 0xdedb, 0xdedb, 0xdedb, 0xdedb, 0xdedb, 0xdedb, 0xdedb,
			0xdedb, 0xdedb, 0xdedb, 0xdedb, 0xdedb, 0xdedb, 0xdedb, 0xdedb, 0xdedb, 0xdedb, 0xdedb, 0xdedb, 0xdedb, 0xdedb, 0xdedb, 0xdedb,
			0xdedb, 0xdedb, 0xdedb, 0xdedb, 0xdedb, 0xdedb, 0xdedb, 0xdedb, 0xdedb, 0xdedb, 0xdedb, 0xdedb, 0xdedb, 0xdedb, 0xdedb, 0xdedb,
			0xc618, 0xdedb, 0xdedb, 0xdedb, 0xdedb, 0xdedb, 0xdedb, 0xdedb, 0xdedb, 0xdedb, 0xdedb, 0xdedb, 0xdedb, 0xdedb, 0xdedb, 0xdedb,
			0xdedb, 0xdedb, 0xdedb, 0xdedb, 0xdedb, 0xdedb, 0xdedb, 0xdedb, 0xdedb, 0xdedb, 0xdedb, 0xdedb, 0xdedb, 0xdedb, 0xdedb, 0xdedb,
			0xdedb, 0xdedb, 0xdedb, 0xdedb, 0xdedb, 0xdedb, 0xdedb, 0xdedb, 0xdedb, 0xdedb, 0xdedb, 0xdedb, 0xdedb, 0xdedb, 0xdedb, 0xdedb,
			0xdedb, 0xdedb, 0xdedb, 0xdedb, 0xdedb, 0xdedb, 0xdedb, 0xdedb, 0xdedb, 0xdedb, 0xdedb, 0xdedb, 0xdedb, 0xdedb, 0xdedb, 0xdedb,
			0xdedb, 0xdedb, 0xdedb, 0xdedb, 0xdedb, 0xdedb, 0xdedb, 0xdedb, 0xdedb, 0xdedb, 0xdedb, 0xdedb, 0xdedb, 0xdedb, 0xdedb, 0xdedb,
			0xdedb, 0xdedb, 0xdedb, 0xdedb, 0xdedb, 0xdedb, 0xdedb, 0xdedb, 0xdedb, 0xdedb, 0xdedb, 0xdedb, 0xdedb, 0xdedb, 0xdedb, 0xdedb,
			0xdedb, 0xdedb, 0xdedb, 0xdedb, 0xdedb, 0xdedb, 0xdedb, 0xdedb, 0xdedb, 0xdedb, 0xdedb, 0xdedb, 0xdedb, 0xdedb, 0xdedb, 0xdedb,
			0xdedb, 0xdedb, 0xdedb, 0xdedb, 0xdedb, 0xdedb, 0xdedb, 0xdedb, 0xc618, 0xdedb, 0xdedb, 0xdedb, 0xdedb, 0xdedb, 0xdedb, 0xdedb,
			0xdedb, 0xdedb, 0xdedb, 0xdedb, 0xdedb, 0xdedb, 0xdedb, 0xdedb, 0xdedb, 0xdedb, 0xdedb, 0xdedb, 0xdedb, 0xdedb, 0xdedb, 0xd6ba,
			0x4208, 0x39e7, 0x39e7, 0x39e7, 0x39e7, 0x39e7, 0x39e7, 0x39e7, 0x39e7, 0x39e7, 0x39e7, 0x39e7, 0x39e7, 0x39e7, 0x39e7, 0x39e7,
			0x39e7, 0x39e7, 0x39e7, 0x39e7, 0x39e7, 0x39e7, 0x39e7, 0x39e7, 0x39e7, 0x39e7, 0x39e7, 0x39e7, 0x39e7, 0x39e7, 0x39e7, 0x39e7,
			0x39e7, 0x39e7, 0x39e7, 0x39e7, 0x39e7, 0x39e7, 0x39e7, 0x39e7, 0x39e7, 0x39e7, 0x39e7, 0x39e7, 0x39e7, 0x39e7, 0x39e7, 0x39e7,
			0x39e7, 0x39e7, 0x39e7, 0x39e7, 0x39e7, 0x39e7, 0x39e7, 0x39e7, 0x39e7, 0x39e7, 0x39e7, 0x39e7, 0x39e7, 0x39e7, 0x39e7, 0x39e7,
			0x39e7, 0x39e7, 0x39e7, 0x39e7, 0x39e7, 0x39e7, 0x39e7, 0x39e7, 0x39e7, 0x39e7, 0x39e7, 0x39e7, 0x6b6d, 0xdedb, 0xdedb, 0xdedb,
			0xdedb, 0xdedb, 0xdedb, 0xdedb, 0xdedb, 0xdedb, 0xdedb, 0xdedb, 0xdedb, 0xdedb, 0xdedb, 0xdedb, 0xdedb, 0xdedb, 0xdedb, 0xdedb,
			0xc618, 0xdedb, 0xdedb, 0xdedb, 0xdedb, 0xdedb, 0xdedb, 0xdedb, 0xdedb, 0xdedb, 0xdedb, 0xdedb, 0xdedb, 0xdedb, 0xdedb, 0xdedb,
			0xdedb, 0xdedb, 0xdedb, 0xdedb, 0xdedb, 0xdedb, 0xdedb, 0xd6ba, 0x0841, 0x0000, 0x0000, 0x0000, 0x0000, 0x0000, 0x0000, 0x0000,
			0x0000, 0x0000, 0x0000, 0x0000, 0x0000, 0x0000, 0x0000, 0x0000, 0x0000, 0x0000, 0x0000, 0x0000, 0x0000, 0x0000, 0x0000, 0x0000,
			0x0000, 0x0000, 0x0000, 0x0000, 0x0000, 0x0000, 0x0000, 0x0000, 0x0000, 0x0000, 0x0000, 0x0000, 0x0000, 0x0000, 0x0000, 0x0000,
			0x0000, 0x0000, 0x0000, 0x0000, 0x0000, 0x0000, 0x0000, 0x0000, 0x0000, 0x0000, 0x0000, 0x0000, 0x0000, 0x0000, 0x0000, 0x0000,
			0x0000, 0x0000, 0x0000, 0x0000, 0x0000, 0x0000, 0x0000, 0x0000, 0x0000, 0x0000, 0x0000, 0x0000, 0x0000, 0x0000, 0x0000, 0x0000,
			0x0000, 0x0000, 0x0000, 0x0000, 0x4228, 0xdedb, 0xdedb, 0xdedb, 0xdedb, 0xdedb, 0xdedb, 0xdedb, 0xdedb, 0xdedb, 0xdedb, 0xdedb,
			0xdedb, 0xdedb, 0xdedb, 0xdedb, 0xdedb, 0xdedb, 0xdedb, 0xdedb, 0xc618, 0xdedb, 0xdedb, 0xdedb, 0xdedb, 0xdedb, 0xdedb, 0xdedb,
			0xdedb, 0xdedb, 0xdedb, 0xdedb, 0xdedb, 0xdedb, 0xdedb, 0xdedb, 0xdedb, 0xdedb, 0xdedb, 0xdedb, 0xdedb, 0xdedb, 0xdedb, 0xd6ba,
			0x0841, 0x0000, 0x0000, 0x0000, 0x0000, 0x0000, 0x0000, 0x0000, 0x0000, 0x0000, 0x0000, 0x0000, 0x0000, 0x0000, 0x0000, 0x0000,
			0x0000, 0x0000, 0x0000, 0x0000, 0x0000, 0x0000, 0x0000, 0x0000, 0x0000, 0x0000, 0x0000, 0x0000, 0x0000, 0x0000, 0x0000, 0x0000,
			0x0000, 0x0000, 0x0000, 0x0000, 0x0000, 0x0000, 0x0000, 0x0000, 0x0000, 0x0000, 0x0000, 0x0000, 0x0000, 0x0000, 0x0000, 0x0000,
			0x0000, 0x0000, 0x0000, 0x0000, 0x0000, 0x0000, 0x0000, 0x0000, 0x0000, 0x0000, 0x0000, 0x0000, 0x0000, 0x0000, 0x0000, 0x0000,
			0x0000, 0x0000, 0x0000, 0x0000, 0x0000, 0x0000, 0x0000, 0x0000, 0x0000, 0x0000, 0x0000, 0x0000, 0x4228, 0xdedb, 0xdedb, 0xdedb,
			0xdedb, 0xdedb, 0xdedb, 0xdedb, 0xdedb, 0xdedb, 0xdedb, 0xdedb, 0xdedb, 0xdedb, 0xdedb, 0xdedb, 0xdedb, 0xdedb, 0xdedb, 0xdedb,
			0xc618, 0xdedb, 0xdedb, 0xdedb, 0xdedb, 0xdedb, 0xdedb, 0xdedb, 0xdedb, 0xdedb, 0xdedb, 0xdedb, 0xdedb, 0xdedb, 0xdedb, 0xdedb,
			0xdedb, 0xdedb, 0xdedb, 0xdedb, 0xdedb, 0xdedb, 0xdedb, 0xd6ba, 0x0841, 0x0000, 0x0000, 0x0000, 0x0000, 0x0000, 0x0000, 0x0000,
			0x0000, 0x0000, 0x0000, 0x0000, 0x0000, 0x0000, 0x0000, 0x0000, 0x0000, 0x0000, 0x0000, 0x0000, 0x0000, 0x0000, 0x0000, 0x0000,
			0x0000, 0x0000, 0x0000, 0x0000, 0x0000, 0x0000, 0x0000, 0x0000, 0x0000, 0x0000, 0x0000, 0x0000, 0x0000, 0x0000, 0x0000, 0x0000,
			0x0000, 0x0000, 0x0000, 0x0000, 0x0000, 0x0000, 0x0000, 0x0000, 0x0000, 0x0000, 0x0000, 0x0000, 0x0000, 0x0000, 0x0000, 0x0000,
			0x0000, 0x0000, 0x0000, 0x0000, 0x0000, 0x0000, 0x0000, 0x0000, 0x0000, 0x0000, 0x0000, 0x0000, 0x0000, 0x0000, 0x0000, 0x0000,
			0x0000, 0x0000, 0x0000, 0x0000, 0x4228, 0xdedb, 0xdedb, 0xdedb, 0xdedb, 0xdedb, 0xdedb, 0xdedb, 0xdedb, 0xdedb, 0xdedb, 0xdedb,
			0xdedb, 0xdedb, 0xdedb, 0xdedb, 0xdedb, 0xdedb, 0xdedb, 0xdedb, 0xc618, 0xdedb, 0xdedb, 0xdedb, 0xdedb, 0xdedb, 0xdedb, 0xdedb,
			0xdedb, 0xdedb, 0xdedb, 0xdedb, 0xdedb, 0xdedb, 0xdedb, 0xdedb, 0xdedb, 0xdedb, 0xdedb, 0xdedb, 0xdedb, 0xdedb, 0xdedb, 0xd6ba,
			0x0841, 0x0000, 0x0000, 0x0000, 0x0000, 0x0000, 0x0000, 0x0000, 0x0000, 0x0000, 0x0000, 0x0000, 0x0000, 0x0000, 0x0000, 0x0000,
			0x0000, 0x0000, 0x0000, 0x0000, 0x0000, 0x0000, 0x0000, 0x0000, 0x0000, 0x0000, 0x0000, 0x0000, 0x0000, 0x0000, 0x0000, 0x0000,
			0x0000, 0x0000, 0x0000, 0x0000, 0x0000, 0x0000, 0x0000, 0x0000, 0x0000, 0x0000, 0x0000, 0x0000, 0x0000, 0x0000, 0x0000, 0x0000,
			0x0000, 0x0000, 0x0000, 0x0000, 0x0000, 0x0000, 0x0000, 0x0000, 0x0000, 0x0000, 0x0000, 0x0000, 0x0000, 0x0000, 0x0000, 0x0000,
			0x0000, 0x0000, 0x0000, 0x0000, 0x0000, 0x0000, 0x0000, 0x0000, 0x0000, 0x0000, 0x0000, 0x0000, 0x4228, 0xdedb, 0xdedb, 0xdedb,
			0xdedb, 0xdedb, 0xdedb, 0xdedb, 0xdedb, 0xdedb, 0xdedb, 0xdedb, 0xdedb, 0xdedb, 0xdedb, 0xdedb, 0xdedb, 0xdedb, 0xdedb, 0xdedb,
			0xc618, 0xdedb, 0xdedb, 0xdedb, 0xdedb, 0xdedb, 0xdedb, 0xdedb, 0xdedb, 0xdedb, 0xdedb, 0xdedb, 0xdedb, 0xdedb, 0xdedb, 0xdedb,
			0xdedb, 0xdedb, 0xdedb, 0xdedb, 0xdedb, 0xdedb, 0xdedb, 0xd6ba, 0x0841, 0x0000, 0x0000, 0x0000, 0x0000, 0x0000, 0x0000, 0x0000,
			0x0000, 0x0000, 0x0000, 0x0000, 0x0000, 0x0000, 0x0000, 0x0000, 0x0000, 0x0000, 0x0000, 0x0000, 0x0000, 0x0000, 0x0000, 0x0000,
			0x0000, 0x0000, 0x0000, 0x0000, 0x0000, 0x0000, 0x0000, 0x0000, 0x0000, 0x0000, 0x0000, 0x0000, 0x0000, 0x0000, 0x0000, 0x0000,
			0x0000, 0x0000, 0x0000, 0x0000, 0x0000, 0x0000, 0x0000, 0x0000, 0x0000, 0x0000, 0x0000, 0x0000, 0x0000, 0x0000, 0x0000, 0x0000,
			0x0000, 0x0000, 0x0000, 0x0000, 0x0000, 0x0000, 0x0000, 0x0000, 0x0000, 0x0000, 0x0000, 0x0000, 0x0000, 0x0000, 0x0000, 0x0000,
			0x0000, 0x0000, 0x0000, 0x0000, 0x4228, 0xdedb, 0xdedb, 0xdedb, 0xdedb, 0xdedb, 0xdedb, 0xdedb, 0xdedb, 0xdedb, 0xdedb, 0xdedb,
			0xdedb, 0xdedb, 0xdedb, 0xdedb, 0xdedb, 0xdedb, 0xdedb, 0xdedb, 0xc618, 0xdedb, 0xdedb, 0xdedb, 0xdedb, 0xdedb, 0xdedb, 0xdedb,
			0xdedb, 0xdedb, 0xdedb, 0xdedb, 0xdedb, 0xdedb, 0xdedb, 0xdedb, 0xdedb, 0xdedb, 0xdedb, 0xdedb, 0xdedb, 0xdedb, 0xdedb, 0xd6ba,
			0x0841, 0x0000, 0x0000, 0x0000, 0x0000, 0x0000, 0x0000, 0x0000, 0x0000, 0x0000, 0x0000, 0x0000, 0x0000, 0x0000, 0x0000, 0x0000,
			0x0000, 0x0000, 0x0000, 0x0000, 0x0000, 0x0000, 0x0000, 0x0000, 0x0000, 0x0000, 0x0000, 0x0000, 0x0000, 0x0000, 0x0000, 0x0000,
			0x0000, 0x0000, 0x0000, 0x0000, 0x0000, 0x0000, 0x0000, 0x0000, 0x0000, 0x0000, 0x0000, 0x0000, 0x0000, 0x0000, 0x0000, 0x0000,
			0x0000, 0x0000, 0x0000, 0x0000, 0x0000, 0x0000, 0x0000, 0x0000, 0x0000, 0x0000, 0x0000, 0x0000, 0x0000, 0x0000, 0x0000, 0x0000,
			0x0000, 0x0000, 0x0000, 0x0000, 0x0000, 0x0000, 0x0000, 0x0000, 0x0000, 0x0000, 0x0000, 0x0000, 0x4228, 0xdedb, 0xdedb, 0xdedb,
			0xdedb, 0xdedb, 0xdedb, 0xdedb, 0xdedb, 0xdedb, 0xdedb, 0xdedb, 0xdedb, 0xdedb, 0xdedb, 0xdedb, 0xdedb, 0xdedb, 0xdedb, 0xdedb,
			0xc618, 0xdedb, 0xdedb, 0xdedb, 0xdedb, 0xdedb, 0xdedb, 0xdedb, 0xdedb, 0xdedb, 0xdedb, 0xdedb, 0xdedb, 0xdedb, 0xdedb, 0xdedb,
			0xdedb, 0xdedb, 0xdedb, 0xdedb, 0xdedb, 0xdedb, 0xdedb, 0xd6ba, 0x0841, 0x0000, 0x0000, 0x0000, 0x0000, 0x0000, 0x0000, 0x0000,
			0x0000, 0x0000, 0x0000, 0x0000, 0x0000, 0x0000, 0x0000, 0x0000, 0x0000, 0x0000, 0x0000, 0x0000, 0x0000, 0x0000, 0x0000, 0x0000,
			0x0000, 0x0000, 0x0000, 0x0000, 0x0000, 0x0000, 0x0000, 0x0000, 0x0000, 0x0000, 0x0000, 0x0000, 0x0000, 0x0000, 0x0000, 0x0000,
			0x0000, 0x0000, 0x0000, 0x0000, 0x0000, 0x0000, 0x0000, 0x0000, 0x0000, 0x0000, 0x0000, 0x0000, 0x0000, 0x0000, 0x0000, 0x0000,
			0x0000, 0x0000, 0x0000, 0x0000, 0x0000, 0x0000, 0x0000, 0x0000, 0x0000, 0x0000, 0x0000, 0x0000, 0x0000, 0x0000, 0x0000, 0x0000,
			0x0000, 0x0000, 0x0000, 0x0000, 0x4228, 0xdedb, 0xdedb, 0xdedb, 0xdedb, 0xdedb, 0xdedb, 0xdedb, 0xdedb, 0xdedb, 0xdedb, 0xdedb,
			0xdedb, 0xdedb, 0xdedb, 0xdedb, 0xdedb, 0xdedb, 0xdedb, 0xdedb, 0xc618, 0xdedb, 0xdedb, 0xdedb, 0xdedb, 0xdedb, 0xdedb, 0xdedb,
			0xdedb, 0xdedb, 0xdedb, 0xdedb, 0xdedb, 0xdedb, 0xdedb, 0xdedb, 0xdedb, 0xdedb, 0xdedb, 0xdedb, 0xdedb, 0xdedb, 0xdedb, 0xd6ba,
			0x0841, 0x0000, 0x0000, 0x0000, 0x0000, 0x0000, 0x0000, 0x0000, 0x0000, 0x0000, 0x0000, 0x0000, 0x0000, 0x0000, 0x0000, 0x0000,
			0x0000, 0x0000, 0x0000, 0x0000, 0x0000, 0x0000, 0x0000, 0x0000, 0x0000, 0x0000, 0x0000, 0x0000, 0x0000, 0x0000, 0x0000, 0x0000,
			0x0000, 0x0000, 0x0000, 0x0000, 0x0000, 0x0000, 0x0000, 0x0000, 0x0000, 0x0000, 0x0000, 0x0000, 0x0000, 0x0000, 0x0000, 0x0000,
			0x0000, 0x0000, 0x0000, 0x0000, 0x0000, 0x0000, 0x0000, 0x0000, 0x0000, 0x0000, 0x0000, 0x0000, 0x0000, 0x0000, 0x0000, 0x0000,
			0x0000, 0x0000, 0x0000, 0x0000, 0x0000, 0x0000, 0x0000, 0x0000, 0x0000, 0x0000, 0x0000, 0x0000, 0x4228, 0xdedb, 0xdedb, 0xdedb,
			0xdedb, 0xdedb, 0xdedb, 0xdedb, 0xdedb, 0xdedb, 0xdedb, 0xdedb, 0xdedb, 0xdedb, 0xdedb, 0xdedb, 0xdedb, 0xdedb, 0xdedb, 0xdedb,
			0xc618, 0xdedb, 0xdedb, 0xdedb, 0xdedb, 0xdedb, 0xdedb, 0xdedb, 0xdedb, 0xdedb, 0xdedb, 0xdedb, 0xdedb, 0xdedb, 0xdedb, 0xdedb,
			0xdedb, 0xdedb, 0xdedb, 0xdedb, 0xdedb, 0xdedb, 0xdedb, 0xd6ba, 0x0841, 0x0000, 0x0000, 0x0000, 0x0000, 0x0000, 0x0000, 0x0000,
			0x0000, 0x0000, 0x0000, 0x0000, 0x0000, 0x0000, 0x0000, 0x0000, 0x0000, 0x0000, 0x0000, 0x0000, 0x0000, 0x0000, 0x0000, 0x0000,
			0x0000, 0x0000, 0x0000, 0x0000, 0x0000, 0x0000, 0x0000, 0x0000, 0x0000, 0x0000, 0x0000, 0x0000, 0x0000, 0x0000, 0x0000, 0x0000,
			0x0000, 0x0000, 0x0000, 0x0000, 0x0000, 0x0000, 0x0000, 0x0000, 0x0000, 0x0000, 0x0000, 0x0000, 0x0000, 0x0000, 0x0000, 0x0000,
			0x0000, 0x0000, 0x0000, 0x0000, 0x0000, 0x0000, 0x0000, 0x0000, 0x0000, 0x0000, 0x0000, 0x0000, 0x0000, 0x0000, 0x0000, 0x0000,
			0x0000, 0x0000, 0x0000, 0x0000, 0x4228, 0xdedb, 0xdedb, 0xdedb, 0xdedb, 0xdedb, 0xdedb, 0xdedb, 0xdedb, 0xdedb, 0xdedb, 0xdedb,
			0xdedb, 0xdedb, 0xdedb, 0xdedb, 0xdedb, 0xdedb, 0xdedb, 0xdedb, 0xc618, 0xdedb, 0xdedb, 0xdedb, 0xdedb, 0xdedb, 0xdedb, 0xdedb,
			0xdedb, 0xdedb, 0xdedb, 0xdedb, 0xdedb, 0xdedb, 0xdedb, 0xdedb, 0xdedb, 0xdedb, 0xdedb, 0xdedb, 0xdedb, 0xdedb, 0xdedb, 0xd6ba,
			0x0841, 0x0000, 0x0000, 0x0000, 0x0000, 0x0000, 0x0000, 0x0000, 0x0000, 0x0000, 0x0000, 0x0000, 0x0000, 0x0000, 0x0000, 0x0000,
			0x0000, 0x0000, 0x0000, 0x0000, 0x0000, 0x0000, 0x0000, 0x0000, 0x0000, 0x0000, 0x0000, 0x0000, 0x0000, 0x0000, 0x0000, 0x0000,
			0x0000, 0x0000, 0x0000, 0x0000, 0x0000, 0x0000, 0x0000, 0x0000, 0x0000, 0x0000, 0x0000, 0x0000, 0x0000, 0x0000, 0x0000, 0x0000,
			0x0000, 0x0000, 0x0000, 0x0000, 0x0000, 0x0000, 0x0000, 0x0000, 0x0000, 0x0000, 0x0000, 0x0000, 0x0000, 0x0000, 0x0000, 0x0000,
			0x0000, 0x0000, 0x0000, 0x0000, 0x0000, 0x0000, 0x0000, 0x0000, 0x0000, 0x0000, 0x0000, 0x0000, 0x4228, 0xdedb, 0xdedb, 0xdedb,
			0xdedb, 0xdedb, 0xdedb, 0xdedb, 0xdedb, 0xdedb, 0xdedb, 0xdedb, 0xdedb, 0xdedb, 0xdedb, 0xdedb, 0xdedb, 0xdedb, 0xdedb, 0xdedb,
			0xc618, 0xdedb, 0xdedb, 0xdedb, 0xdedb, 0xdedb, 0xdedb, 0xdedb, 0xdedb, 0xdedb, 0xdedb, 0xdedb, 0xdedb, 0xdedb, 0xdedb, 0xdedb,
			0xdedb, 0xdedb, 0xdedb, 0xdedb, 0xdedb, 0xdedb, 0xdedb, 0xd6ba, 0x0841, 0x0000, 0x0000, 0x0000, 0x0000, 0x0000, 0x0000, 0x0000,
			0x0000, 0x0000, 0x0000, 0x0000, 0x0000, 0x0000, 0x0000, 0x0000, 0x0000, 0x0000, 0x0000, 0x0000, 0x0000, 0x0000, 0x0000, 0x0000,
			0x0000, 0x0000, 0x0000, 0x0000, 0x0000, 0x0000, 0x0000, 0x0000, 0x0000, 0x0000, 0x0000, 0x0000, 0x0000, 0x0000, 0x0000, 0x0000,
			0x0000, 0x0000, 0x0000, 0x0000, 0x0000, 0x0000, 0x0000, 0x0000, 0x0000, 0x0000, 0x0000, 0x0000, 0x0000, 0x0000, 0x0000, 0x0000,
			0x0000, 0x0000, 0x0000, 0x0000, 0x0000, 0x0000, 0x0000, 0x0000, 0x0000, 0x0000, 0x0000, 0x0000, 0x0000, 0x0000, 0x0000, 0x0000,
			0x0000, 0x0000, 0x0000, 0x0000, 0x4228, 0xdedb, 0xdedb, 0xdedb, 0xdedb, 0xdedb, 0xdedb, 0xdedb, 0xdedb, 0xdedb, 0xdedb, 0xdedb,
			0xdedb, 0xdedb, 0xdedb, 0xdedb, 0xdedb, 0xdedb, 0xdedb, 0xdedb, 0xc618, 0xdedb, 0xdedb, 0xdedb, 0xdedb, 0xdedb, 0xdedb, 0xdedb,
			0xdedb, 0xdedb, 0xdedb, 0xdedb, 0xdedb, 0xdedb, 0xdedb, 0xdedb, 0xdedb, 0xdedb, 0xdedb, 0xdedb, 0xdedb, 0xdedb, 0xdedb, 0xd6ba,
			0x0841, 0x0000, 0x0000, 0x0000, 0x0000, 0x0000, 0x0000, 0x0000, 0x0000, 0x0000, 0x0000, 0x0000, 0x0000, 0x0000, 0x0000, 0x0000,
			0x0000, 0x0000, 0x0000, 0x0000, 0x0000, 0x0000, 0x0000, 0x0000, 0x0000, 0x0000, 0x0000, 0x0000, 0x0000, 0x0000, 0x0000, 0x0000,
			0x0000, 0x0000, 0x0000, 0x0000, 0x0000, 0x0000, 0x0000, 0x0000, 0x0000, 0x0000, 0x0000, 0x0000, 0x0000, 0x0000, 0x0000, 0x0000,
			0x0000, 0x0000, 0x0000, 0x0000, 0x0000, 0x0000, 0x0000, 0x0000, 0x0000, 0x0000, 0x0000, 0x0000, 0x0000, 0x0000, 0x0000, 0x0000,
			0x0000, 0x0000, 0x0000, 0x0000, 0x0000, 0x0000, 0x0000, 0x0000, 0x0000, 0x0000, 0x0000, 0x0000, 0x4228, 0xdedb, 0xdedb, 0xdedb,
			0xdedb, 0xdedb, 0xdedb, 0xdedb, 0xdedb, 0xdedb, 0xdedb, 0xdedb, 0xdedb, 0xdedb, 0xdedb, 0xdedb, 0xdedb, 0xdedb, 0xdedb, 0xdedb,
			0xc618, 0xdedb, 0xdedb, 0xdedb, 0xdedb, 0xdedb, 0xdedb, 0xdedb, 0xdedb, 0xdedb, 0xdedb, 0xdedb, 0xdedb, 0xdedb, 0xdedb, 0xdedb,
			0xdedb, 0xdedb, 0xdedb, 0xdedb, 0xdedb, 0xdedb, 0xdedb, 0xd6ba, 0x0841, 0x0000, 0x0000, 0x0000, 0x0000, 0x0000, 0x0000, 0x0000,
			0x0000, 0x0000, 0x0000, 0x0000, 0x0000, 0x0000, 0x0000, 0x0000, 0x0000, 0x0000, 0x0000, 0x0000, 0x0000, 0x0000, 0x0000, 0x0000,
			0x0000, 0x0000, 0x0000, 0x0000, 0x0000, 0x0000, 0x0000, 0x0000, 0x0000, 0x0000, 0x0000, 0x0000, 0x0000, 0x0000, 0x0000, 0x0000,
			0x0000, 0x0000, 0x0000, 0x0000, 0x0000, 0x0000, 0x0000, 0x0000, 0x0000, 0x0000, 0x0000, 0x0000, 0x0000, 0x0000, 0x0000, 0x0000,
			0x0000, 0x0000, 0x0000, 0x0000, 0x0000, 0x0000, 0x0000, 0x0000, 0x0000, 0x0000, 0x0000, 0x0000, 0x0000, 0x0000, 0x0000, 0x0000,
			0x0000, 0x0000, 0x0000, 0x0000, 0x4228, 0xdedb, 0xdedb, 0xdedb, 0xdedb, 0xdedb, 0xdedb, 0xdedb, 0xdedb, 0xdedb, 0xdedb, 0xdedb,
			0xdedb, 0xdedb, 0xdedb, 0xdedb, 0xdedb, 0xdedb, 0xdedb, 0xdedb, 0xc618, 0xdedb, 0xdedb, 0xdedb, 0xdedb, 0xdedb, 0xdedb, 0xdedb,
			0xdedb, 0xdedb, 0xdedb, 0xdedb, 0xdedb, 0xdedb, 0xdedb, 0xdedb, 0xdedb, 0xdedb, 0xdedb, 0xdedb, 0xdedb, 0xdedb, 0xdedb, 0xd6ba,
			0x73ae, 0x738e, 0x738e, 0x738e, 0x738e, 0x738e, 0x738e, 0x738e, 0x738e, 0x738e, 0x738e, 0x738e, 0x738e, 0x738e, 0x738e, 0x738e,
			0x738e, 0x738e, 0x738e, 0x738e, 0x738e, 0x738e, 0x738e, 0x738e, 0x738e, 0x738e, 0x738e, 0x738e, 0x738e, 0x738e, 0x738e, 0x738e,
			0x738e, 0x738e, 0x738e, 0x738e, 0x738e, 0x738e, 0x738e, 0x738e, 0x738e, 0x738e, 0x738e, 0x738e, 0x738e, 0x738e, 0x738e, 0x738e,
			0x738e, 0x738e, 0x738e, 0x738e, 0x738e, 0x738e, 0x738e, 0x738e, 0x738e, 0x738e, 0x738e, 0x738e, 0x738e, 0x738e, 0x738e, 0x738e,
			0x738e, 0x738e, 0x738e, 0x738e, 0x738e, 0x738e, 0x738e, 0x738e, 0x738e, 0x738e, 0x738e, 0x738e, 0x9492, 0xdedb, 0xdedb, 0xdedb,
			0xdedb, 0xdedb, 0xdedb, 0xdedb, 0xdedb, 0xdedb, 0xdedb, 0xdedb, 0xdedb, 0xdedb, 0xdedb, 0xdedb, 0xdedb, 0xdedb, 0xdedb, 0xdedb,
			0xc618, 0xdedb, 0xdedb, 0xdedb, 0xdedb, 0xdedb, 0xdedb, 0xdedb, 0xdedb, 0xdedb, 0xdedb, 0xdedb, 0xdedb, 0xdedb, 0xdedb, 0xdedb,
			0xdedb, 0xdedb, 0xdedb, 0xdedb, 0xdedb, 0xdedb, 0xdedb, 0xdedb, 0xdedb, 0xdedb, 0xdedb, 0xdedb, 0xdedb, 0xdedb, 0xdedb, 0xdedb,
			0xdedb, 0xdedb, 0xdedb, 0xdedb, 0xdedb, 0xdedb, 0xdedb, 0xdedb, 0xdedb, 0xdedb, 0xdedb, 0xdedb, 0xdedb, 0xdedb, 0xdedb, 0xdedb,
			0xdedb, 0xdedb, 0xdedb, 0xdedb, 0xdedb, 0xdedb, 0xdedb, 0xdedb, 0xdedb, 0xdedb, 0xdedb, 0xdedb, 0xdedb, 0xdedb, 0xdedb, 0xdedb,
			0xdedb, 0xdedb, 0xdedb, 0xdedb, 0xdedb, 0xdedb, 0xdedb, 0xdedb, 0xdedb, 0xdedb, 0xdedb, 0xdedb, 0xdedb, 0xdedb, 0xdedb, 0xdedb,
			0xdedb, 0xdedb, 0xdedb, 0xdedb, 0xdedb, 0xdedb, 0xdedb, 0xdedb, 0xdedb, 0xdedb, 0xdedb, 0xdedb, 0xdedb, 0xdedb, 0xdedb, 0xdedb,
			0xdedb, 0xdedb, 0xdedb, 0xdedb, 0xdedb, 0xdedb, 0xdedb, 0xdedb, 0xdedb, 0xdedb, 0xdedb, 0xdedb, 0xdedb, 0xdedb, 0xdedb, 0xdedb,
			0xdedb, 0xdedb, 0xdedb, 0xdedb, 0xdedb, 0xdedb, 0xdedb, 0xdedb, 0xc618, 0xdedb, 0xdedb, 0xdedb, 0xdedb, 0xdedb, 0xdedb, 0xdedb,
			0xdedb, 0xdedb, 0xdedb, 0xdedb, 0xdedb, 0xdedb, 0xdedb, 0xdedb, 0xdedb, 0xdedb, 0xdedb, 0xdedb, 0xdedb, 0xdedb, 0xdedb, 0xdedb,
			0xdedb, 0xdedb, 0xdedb, 0xdedb, 0xdedb, 0xdedb, 0xdedb, 0xdedb, 0xdedb, 0xdedb, 0xdedb, 0xdedb, 0xdedb, 0xdedb, 0xdedb, 0xdedb,
			0xdedb, 0xdedb, 0xdedb, 0xdedb, 0xdedb, 0xdedb, 0xdedb, 0xdedb, 0xdedb, 0xdedb, 0xdedb, 0xdedb, 0xdedb, 0xdedb, 0xdedb, 0xdedb,
			0xdedb, 0xdedb, 0xdedb, 0xdedb, 0xdedb, 0xdedb, 0xdedb, 0xdedb, 0xdedb, 0xdedb, 0xdedb, 0xdedb, 0xdedb, 0xdedb, 0xdedb, 0xdedb,
			0xdedb, 0xdedb, 0xdedb, 0xdedb, 0xdedb, 0xdedb, 0xdedb, 0xdedb, 0xdedb, 0xdedb, 0xdedb, 0xdedb, 0xdedb, 0xdedb, 0xdedb, 0xdedb,
			0xdedb, 0xdedb, 0xdedb, 0xdedb, 0xdedb, 0xdedb, 0xdedb, 0xdedb, 0xdedb, 0xdedb, 0xdedb, 0xdedb, 0xdedb, 0xdedb, 0xdedb, 0xdedb,
			0xdedb, 0xdedb, 0xdedb, 0xdedb, 0xdedb, 0xdedb, 0xdedb, 0xdedb, 0xdedb, 0xdedb, 0xdedb, 0xdedb, 0xdedb, 0xdedb, 0xdedb, 0xdedb,
			0xc618, 0xdedb, 0xdedb, 0xdedb, 0xdedb, 0xdedb, 0xdedb, 0xdedb, 0xdedb, 0xdedb, 0xdedb, 0xdedb, 0xdedb, 0xdedb, 0xdedb, 0xdedb,
			0xdedb, 0xdedb, 0xdedb, 0xdedb, 0xdedb, 0xdedb, 0xdedb, 0xdedb, 0xdedb, 0xdedb, 0xdedb, 0xdedb, 0xdedb, 0xdedb, 0xdedb, 0xdedb,
			0xdedb, 0xdedb, 0xdedb, 0xdedb, 0xdedb, 0xdedb, 0xdedb, 0xdedb, 0xdedb, 0xdedb, 0xdedb, 0xdedb, 0xdedb, 0xdedb, 0xdedb, 0xdedb,
			0xdedb, 0xdedb, 0xdedb, 0xdedb, 0xdedb, 0xdedb, 0xdedb, 0xdedb, 0xdedb, 0xdedb, 0xdedb, 0xdedb, 0xdedb, 0xdedb, 0xdedb, 0xdedb,
			0xdedb, 0xdedb, 0xdedb, 0xdedb, 0xdedb, 0xdedb, 0xdedb, 0xdedb, 0xdedb, 0xdedb, 0xdedb, 0xdedb, 0xdedb, 0xdedb, 0xdedb, 0xdedb,
			0xdedb, 0xdedb, 0xdedb, 0xdedb, 0xdedb, 0xdedb, 0xdedb, 0xdedb, 0xdedb, 0xdedb, 0xdedb, 0xdedb, 0xdedb, 0xdedb, 0xdedb, 0xdedb,
			0xdedb, 0xdedb, 0xdedb, 0xdedb, 0xdedb, 0xdedb, 0xdedb, 0xdedb, 0xdedb, 0xdedb, 0xdedb, 0xdedb, 0xdedb, 0xdedb, 0xdedb, 0xdedb,
			0xdedb, 0xdedb, 0xdedb, 0xdedb, 0xdedb, 0xdedb, 0xdedb, 0xdedb, 0xc618, 0xdedb, 0xdedb, 0xdedb, 0xdedb, 0xdedb, 0xdedb, 0xdedb,
			0xdedb, 0xdedb, 0xdedb, 0xdedb, 0xdedb, 0xdedb, 0xdedb, 0xdedb, 0xdedb, 0xdedb, 0xdedb, 0xdedb, 0xdedb, 0xdedb, 0xdedb, 0xdedb,
			0xdedb, 0xdedb, 0xdedb, 0xdedb, 0xdedb, 0xdedb, 0xdedb, 0xdedb, 0xdedb, 0xdedb, 0xdedb, 0xdedb, 0xdedb, 0xdedb, 0xdedb, 0xdedb,
			0xdedb, 0xdedb, 0xdedb, 0xdedb, 0xdedb, 0xdedb, 0xdedb, 0xdedb, 0xdedb, 0xdedb, 0xdedb, 0xdedb, 0xdedb, 0xdedb, 0xdedb, 0xdedb,
			0xdedb, 0xdedb, 0xdedb, 0xdedb, 0xdedb, 0xdedb, 0xdedb, 0xdedb, 0xdedb, 0xdedb, 0xdedb, 0xdedb, 0xdedb, 0xdedb, 0xdedb, 0xdedb,
			0xdedb, 0xdedb, 0xdedb, 0xdedb, 0xdedb, 0xdedb, 0xdedb, 0xdedb, 0xdedb, 0xdedb, 0xdedb, 0xdedb, 0xdedb, 0xdedb, 0xdedb, 0xdedb,
			0xdedb, 0xdedb, 0xdedb, 0xdedb, 0xdedb, 0xdedb, 0xdedb, 0xdedb, 0xdedb, 0xdedb, 0xdedb, 0xdedb, 0xdedb, 0xdedb, 0xdedb, 0xdedb,
			0xdedb, 0xdedb, 0xdedb, 0xdedb, 0xdedb, 0xdedb, 0xdedb, 0xdedb, 0xdedb, 0xdedb, 0xdedb, 0xdedb, 0xdedb, 0xdedb, 0xdedb, 0xdedb,
			0xc618, 0xdedb, 0xdedb, 0xdedb, 0xdedb, 0xdedb, 0xdedb, 0xdedb, 0xdedb, 0xdedb, 0xdedb, 0xdedb, 0xdedb, 0xdedb, 0xdedb, 0xdedb,
			0xdedb, 0xdedb, 0xdedb, 0xdedb, 0xdedb, 0xdedb, 0xdedb, 0xdedb, 0xdedb, 0xdedb, 0xdedb, 0xdedb, 0xdedb, 0xdedb, 0xdedb, 0xdedb,
			0xdedb, 0xdedb, 0xdedb, 0xdedb, 0xdedb, 0xdedb, 0xdedb, 0xdedb, 0xdedb, 0xdedb, 0xdedb, 0xdedb, 0xdedb, 0xdedb, 0xdedb, 0xdedb,
			0xdedb, 0xdedb, 0xdedb, 0xdedb, 0xdedb, 0xdedb, 0xdedb, 0xdedb, 0xdedb, 0xdedb, 0xdedb, 0xdedb, 0xdedb, 0xdedb, 0xdedb, 0xdedb,
			0xdedb, 0xdedb, 0xdedb, 0xdedb, 0xdedb, 0xdedb, 0xdedb, 0xdedb, 0xdedb, 0xdedb, 0xdedb, 0xdedb, 0xdedb, 0xdedb, 0xdedb, 0xdedb,
			0xdedb, 0xdedb, 0xdedb, 0xdedb, 0xdedb, 0xdedb, 0xdedb, 0xdedb, 0xdedb, 0xdedb, 0xdedb, 0xdedb, 0xdedb, 0xdedb, 0xdedb, 0xdedb,
			0xdedb, 0xdedb, 0xdedb, 0xdedb, 0xdedb, 0xdedb, 0xdedb, 0xdedb, 0xdedb, 0xdedb, 0xdedb, 0xdedb, 0xdedb, 0xdedb, 0xdedb, 0xdedb,
			0xdedb, 0xdedb, 0xdedb, 0xdedb, 0xdedb, 0xdedb, 0xdedb, 0xdedb, 0xc618, 0xdedb, 0xdedb, 0xdedb, 0xdedb, 0xdedb, 0xdedb, 0xdedb,
			0xdedb, 0xdedb, 0xdedb, 0xdedb, 0xdedb, 0xdedb, 0xdedb, 0xdedb, 0xdedb, 0xdedb, 0xdedb, 0xdedb, 0xdedb, 0xdedb, 0xdedb, 0xdedb,
			0xdedb, 0xdedb, 0xdedb, 0xdedb, 0xdedb, 0xdedb, 0xdedb, 0xdedb, 0xdedb, 0xdedb, 0xdedb, 0xdedb, 0xdedb, 0xdedb, 0xdedb, 0xdedb,
			0xdedb, 0xdedb, 0xdedb, 0xdedb, 0xdedb, 0xdedb, 0xdedb, 0xdedb, 0xdedb, 0xdedb, 0xdedb, 0xdedb, 0xdedb, 0xdedb, 0xdedb, 0xdedb,
			0xdedb, 0xdedb, 0xdedb, 0xdedb, 0xdedb, 0xdedb, 0xdedb, 0xdedb, 0xdedb, 0xdedb, 0xdedb, 0xdedb, 0xdedb, 0xdedb, 0xdedb, 0xdedb,
			0xdedb, 0xdedb, 0xdedb, 0xdedb, 0xdedb, 0xdedb, 0xdedb, 0xdedb, 0xdedb, 0xdedb, 0xdedb, 0xdedb, 0xdedb, 0xdedb, 0xdedb, 0xdedb,
			0xdedb, 0xdedb, 0xdedb, 0xdedb, 0xdedb, 0xdedb, 0xdedb, 0xdedb, 0xdedb, 0xdedb, 0xdedb, 0xdedb, 0xdedb, 0xdedb, 0xdedb, 0xdedb,
			0xdedb, 0xdedb, 0xdedb, 0xdedb, 0xdedb, 0xdedb, 0xdedb, 0xdedb, 0xdedb, 0xdedb, 0xdedb, 0xdedb, 0xdedb, 0xdedb, 0xdedb, 0xdedb

};

// 'RIGHTTTT', 120x220px
const uint16_t refri_R [] = {
	0xdedb, 0xdedb, 0xdedb, 0xdedb, 0xdedb, 0xdedb, 0xdedb, 0xdedb, 0xdedb, 0xdedb, 0xdedb, 0xdedb, 0xdedb, 0xdedb, 0xdedb, 0xdedb,
	0xdedb, 0xdedb, 0xdedb, 0xdedb, 0xdedb, 0xdedb, 0xdedb, 0xdedb, 0xdedb, 0xdedb, 0xdedb, 0xdedb, 0xdedb, 0xdedb, 0xdedb, 0xdedb,
	0xdedb, 0xdedb, 0xdedb, 0xdedb, 0xdedb, 0xdedb, 0xdedb, 0xdedb, 0xdedb, 0xdedb, 0xdedb, 0xdedb, 0xdedb, 0xdedb, 0xdedb, 0xdedb,
	0xdedb, 0xdedb, 0xdedb, 0xdedb, 0xdedb, 0xdedb, 0xdedb, 0xdedb, 0xdedb, 0xdedb, 0xdedb, 0xdedb, 0xdedb, 0xdedb, 0xdedb, 0xdedb,
	0xdedb, 0xdedb, 0xdedb, 0xdedb, 0xdedb, 0xdedb, 0xdedb, 0xdedb, 0xdedb, 0xdedb, 0xdedb, 0xdedb, 0xdedb, 0xdedb, 0xdedb, 0xdedb,
	0xdedb, 0xdedb, 0xdedb, 0xdedb, 0xdedb, 0xdedb, 0xdedb, 0xdedb, 0xdedb, 0xdedb, 0xdedb, 0xdedb, 0xdedb, 0xdedb, 0xdedb, 0xdedb,
	0xdedb, 0xdedb, 0xdedb, 0xdedb, 0xdedb, 0xdedb, 0xdedb, 0xdedb, 0xdedb, 0xdedb, 0xdedb, 0xdedb, 0xdedb, 0xdedb, 0xdedb, 0xdedb,
	0xdedb, 0xdedb, 0xdedb, 0xdedb, 0xdedb, 0xdedb, 0xdedb, 0xce79, 0xdedb, 0xdedb, 0xdedb, 0xdedb, 0xdedb, 0xdedb, 0xdedb, 0xdedb,
	0xdedb, 0xdedb, 0xdedb, 0xdedb, 0xdedb, 0xdedb, 0xdedb, 0xdedb, 0xdedb, 0xdedb, 0xdedb, 0xdedb, 0xdedb, 0xdedb, 0xdedb, 0xdedb,
	0xdedb, 0xdedb, 0xdedb, 0xdedb, 0xdedb, 0xdedb, 0xdedb, 0xdedb, 0xdedb, 0xdedb, 0xdedb, 0xdedb, 0xdedb, 0xdedb, 0xdedb, 0xdedb,
	0xdedb, 0xdedb, 0xdedb, 0xdedb, 0xdedb, 0xdedb, 0xdedb, 0xdedb, 0xdedb, 0xdedb, 0xdedb, 0xdedb, 0xdedb, 0xdedb, 0xdedb, 0xdedb,
	0xdedb, 0xdedb, 0xdedb, 0xdedb, 0xdedb, 0xdedb, 0xdedb, 0xdedb, 0xdedb, 0xdedb, 0xdedb, 0xdedb, 0xdedb, 0xdedb, 0xdedb, 0xdedb,
	0xdedb, 0xdedb, 0xdedb, 0xdedb, 0xdedb, 0xdedb, 0xdedb, 0xdedb, 0xdedb, 0xdedb, 0xdedb, 0xdedb, 0xdedb, 0xdedb, 0xdedb, 0xdedb,
	0xdedb, 0xdedb, 0xdedb, 0xdedb, 0xdedb, 0xdedb, 0xdedb, 0xdedb, 0xdedb, 0xdedb, 0xdedb, 0xdedb, 0xdedb, 0xdedb, 0xdedb, 0xdedb,
	0xdedb, 0xdedb, 0xdedb, 0xdedb, 0xdedb, 0xdedb, 0xdedb, 0xdedb, 0xdedb, 0xdedb, 0xdedb, 0xdedb, 0xdedb, 0xdedb, 0xdedb, 0xce79,
	0xdedb, 0xdedb, 0xdedb, 0xdedb, 0xdedb, 0xdedb, 0xdedb, 0xdedb, 0xdedb, 0xdedb, 0xdedb, 0xdedb, 0xdedb, 0xdedb, 0xdedb, 0xdedb,
	0xdedb, 0xdedb, 0xdedb, 0xdedb, 0xdedb, 0xdedb, 0xdedb, 0xdedb, 0xdedb, 0xdedb, 0xdedb, 0xdedb, 0xdedb, 0xdedb, 0xdedb, 0xdedb,
	0xdedb, 0xdedb, 0xdedb, 0xdedb, 0xdedb, 0xdedb, 0xdedb, 0xdedb, 0xdedb, 0xdedb, 0xdedb, 0xdedb, 0xdedb, 0xdedb, 0xdedb, 0xdedb,
	0xdedb, 0xdedb, 0xdedb, 0xdedb, 0xdedb, 0xdedb, 0xdedb, 0xdedb, 0xdedb, 0xdedb, 0xdedb, 0xdedb, 0xdedb, 0xdedb, 0xdedb, 0xdedb,
	0xdedb, 0xdedb, 0xdedb, 0xdedb, 0xdedb, 0xdedb, 0xdedb, 0xdedb, 0xdedb, 0xdedb, 0xdedb, 0xdedb, 0xdedb, 0xdedb, 0xdedb, 0xdedb,
	0xdedb, 0xdedb, 0xdedb, 0xdedb, 0xdedb, 0xdedb, 0xdedb, 0xdedb, 0xdedb, 0xdedb, 0xdedb, 0xdedb, 0xdedb, 0xdedb, 0xdedb, 0xdedb,
	0xdedb, 0xdedb, 0xdedb, 0xdedb, 0xdedb, 0xdedb, 0xdedb, 0xdedb, 0xdedb, 0xdedb, 0xdedb, 0xdedb, 0xdedb, 0xdedb, 0xdedb, 0xdedb,
	0xdedb, 0xdedb, 0xdedb, 0xdedb, 0xdedb, 0xdedb, 0xdedb, 0xce79, 0xdedb, 0xdedb, 0xdedb, 0xdedb, 0xdedb, 0xdedb, 0xdedb, 0xdedb,
	0xdedb, 0xdedb, 0xdedb, 0xdedb, 0xdedb, 0xdedb, 0xdedb, 0xdedb, 0xdedb, 0xdedb, 0xdedb, 0xdedb, 0xdedb, 0xdedb, 0xdedb, 0xdedb,
	0xdedb, 0xdedb, 0xdedb, 0xdedb, 0xdedb, 0xdedb, 0xdedb, 0xdedb, 0xdedb, 0xdedb, 0xdedb, 0xdedb, 0xdedb, 0xdedb, 0xdedb, 0xdedb,
	0xdedb, 0xdedb, 0xdedb, 0xdedb, 0xdedb, 0xdedb, 0xdedb, 0xdedb, 0xdedb, 0xdedb, 0xdedb, 0xdedb, 0xdedb, 0xdedb, 0xdedb, 0xdedb,
	0xdedb, 0xdedb, 0xdedb, 0xdedb, 0xdedb, 0xdedb, 0xdedb, 0xdedb, 0xdedb, 0xdedb, 0xdedb, 0xdedb, 0xdedb, 0xdedb, 0xdedb, 0xdedb,
	0xdedb, 0xdedb, 0xdedb, 0xdedb, 0xdedb, 0xdedb, 0xdedb, 0xdedb, 0xdedb, 0xdedb, 0xdedb, 0xdedb, 0xdedb, 0xdedb, 0xdedb, 0xdedb,
	0xdedb, 0xdedb, 0xdedb, 0xdedb, 0xdedb, 0xdedb, 0xdedb, 0xdedb, 0xdedb, 0xdedb, 0xdedb, 0xdedb, 0xdedb, 0xdedb, 0xdedb, 0xdedb,
	0xdedb, 0xdedb, 0xdedb, 0xdedb, 0xdedb, 0xdedb, 0xdedb, 0xdedb, 0xdedb, 0xdedb, 0xdedb, 0xdedb, 0xdedb, 0xdedb, 0xdedb, 0xce79,
	0xdedb, 0xdedb, 0xdedb, 0xdedb, 0xdedb, 0xdedb, 0xdedb, 0xdedb, 0xdedb, 0xdedb, 0xdedb, 0xdedb, 0xdedb, 0xdedb, 0xdedb, 0xdedb,
	0xdedb, 0xdedb, 0xdedb, 0xdedb, 0xdedb, 0xdedb, 0xdedb, 0xdedb, 0xdedb, 0xdedb, 0xdedb, 0xdedb, 0xdedb, 0xdedb, 0xdedb, 0xdedb,
	0xdedb, 0xdedb, 0xdedb, 0xdedb, 0xdedb, 0xdedb, 0xdedb, 0xdedb, 0xdedb, 0xdedb, 0xdedb, 0xdedb, 0xdedb, 0xdedb, 0xdedb, 0xdedb,
	0xdedb, 0xdedb, 0xdedb, 0xdedb, 0xdedb, 0xdedb, 0xdedb, 0xdedb, 0xdedb, 0xdedb, 0xdedb, 0xdedb, 0xdedb, 0xdedb, 0xdedb, 0xdedb,
	0xdedb, 0xdedb, 0xdedb, 0xdedb, 0xdedb, 0xdedb, 0xdedb, 0xdedb, 0xdedb, 0xdedb, 0xdedb, 0xdedb, 0xdedb, 0xdedb, 0xdedb, 0xdedb,
	0xdedb, 0xdedb, 0xdedb, 0xdedb, 0xdedb, 0xdedb, 0xdedb, 0xdedb, 0xdedb, 0xdedb, 0xdedb, 0xdedb, 0xdedb, 0xdedb, 0xdedb, 0xdedb,
	0xdedb, 0xdedb, 0xdedb, 0xdedb, 0xdedb, 0xdedb, 0xdedb, 0xdedb, 0xdedb, 0xdedb, 0xdedb, 0xdedb, 0xdedb, 0xdedb, 0xdedb, 0xdedb,
	0xdedb, 0xdedb, 0xdedb, 0xdedb, 0xdedb, 0xdedb, 0xdedb, 0xce79, 0xdedb, 0xdedb, 0xdedb, 0xdedb, 0xdedb, 0xdedb, 0xdedb, 0xdedb,
	0xdedb, 0xdedb, 0xdedb, 0xdedb, 0xdedb, 0xdedb, 0xdedb, 0xdedb, 0xdedb, 0xdedb, 0xdedb, 0xdedb, 0xdedb, 0xdedb, 0xdedb, 0xdedb,
	0xdedb, 0xdedb, 0xdedb, 0xdedb, 0xdedb, 0xdedb, 0xdedb, 0xdedb, 0xdedb, 0xdedb, 0xdedb, 0xdedb, 0xdedb, 0xdedb, 0xdedb, 0xdedb,
	0xdedb, 0xdedb, 0xdedb, 0xdedb, 0xdedb, 0xdedb, 0xdedb, 0xdedb, 0xdedb, 0xdedb, 0xdedb, 0xdedb, 0xdedb, 0xdedb, 0xdedb, 0xdedb,
	0xdedb, 0xdedb, 0xdedb, 0xdedb, 0xdedb, 0xdedb, 0xdedb, 0xdedb, 0xdedb, 0xdedb, 0xdedb, 0xdedb, 0xdedb, 0xdedb, 0xdedb, 0xdedb,
	0xdedb, 0xdedb, 0xdedb, 0xdedb, 0xdedb, 0xdedb, 0xdedb, 0xdedb, 0xdedb, 0xdedb, 0xdedb, 0xdedb, 0xdedb, 0xdedb, 0xdedb, 0xdedb,
	0xdedb, 0xdedb, 0xdedb, 0xdedb, 0xdedb, 0xdedb, 0xdedb, 0xdedb, 0xdedb, 0xdedb, 0xdedb, 0xdedb, 0xdedb, 0xdedb, 0xdedb, 0xdedb,
	0xdedb, 0xdedb, 0xdedb, 0xdedb, 0xdedb, 0xdedb, 0xdedb, 0xdedb, 0xdedb, 0xdedb, 0xdedb, 0xdedb, 0xdedb, 0xdedb, 0xdedb, 0xce79,
	0xdedb, 0xdedb, 0xdedb, 0xdedb, 0xdedb, 0xdedb, 0xdedb, 0xdedb, 0xdedb, 0xdedb, 0xdedb, 0xdedb, 0xdedb, 0xdedb, 0xdedb, 0xdedb,
	0xdedb, 0xdedb, 0xdedb, 0xdedb, 0xdedb, 0xdedb, 0xdedb, 0xdedb, 0xdedb, 0xdedb, 0xdedb, 0xdedb, 0xdedb, 0xdedb, 0xdedb, 0xdedb,
	0xdedb, 0xdedb, 0xdedb, 0xdedb, 0xdedb, 0xdedb, 0xdedb, 0xdedb, 0xdedb, 0xdedb, 0xdedb, 0xdedb, 0xdedb, 0xdedb, 0xdedb, 0xdedb,
	0xdedb, 0xdedb, 0xdedb, 0xdedb, 0xdedb, 0xdedb, 0xdedb, 0xdedb, 0xdedb, 0xdedb, 0xdedb, 0xdedb, 0xdedb, 0xdedb, 0xdedb, 0xdedb,
	0xdedb, 0xdedb, 0xdedb, 0xdedb, 0xdedb, 0xdedb, 0xdedb, 0xdedb, 0xdedb, 0xdedb, 0xdedb, 0xdedb, 0xdedb, 0xdedb, 0xdedb, 0xdedb,
	0xdedb, 0xdedb, 0xdedb, 0xdedb, 0xdedb, 0xdedb, 0xdedb, 0xdedb, 0xdedb, 0xdedb, 0xdedb, 0xdedb, 0xdedb, 0xdedb, 0xdedb, 0xdedb,
	0xdedb, 0xdedb, 0xdedb, 0xdedb, 0xdedb, 0xdedb, 0xdedb, 0xdedb, 0xdedb, 0xdedb, 0xdedb, 0xdedb, 0xdedb, 0xdedb, 0xdedb, 0xdedb,
	0xdedb, 0xdedb, 0xdedb, 0xdedb, 0xdedb, 0xdedb, 0xdedb, 0xce79, 0xdedb, 0xdedb, 0xdedb, 0xdedb, 0xdedb, 0xdedb, 0xdedb, 0xdedb,
	0xdedb, 0xdedb, 0xdedb, 0xdedb, 0xdedb, 0xdedb, 0xdedb, 0xdedb, 0xdedb, 0xdedb, 0xdedb, 0xdedb, 0xdedb, 0xdedb, 0xdedb, 0xdedb,
	0xdedb, 0xdedb, 0xdedb, 0xdedb, 0xdedb, 0xdedb, 0xdedb, 0xdedb, 0xdedb, 0xdedb, 0xdedb, 0xdedb, 0xdedb, 0xdedb, 0xdedb, 0xdedb,
	0xdedb, 0xdedb, 0xdedb, 0xdedb, 0xdedb, 0xdedb, 0xdedb, 0xdedb, 0xdedb, 0xdedb, 0xdedb, 0xdedb, 0xdedb, 0xdedb, 0xdedb, 0xdedb,
	0xdedb, 0xdedb, 0xdedb, 0xdedb, 0xdedb, 0xdedb, 0xdedb, 0xdedb, 0xdedb, 0xdedb, 0xdedb, 0xdedb, 0xdedb, 0xdedb, 0xdedb, 0xdedb,
	0xdedb, 0xdedb, 0xdedb, 0xdedb, 0xdedb, 0xdedb, 0xdedb, 0xdedb, 0xdedb, 0xdedb, 0xdedb, 0xdedb, 0xdedb, 0xdedb, 0xdedb, 0xdedb,
	0xdedb, 0xdedb, 0xdedb, 0xdedb, 0xdedb, 0xdedb, 0xdedb, 0xdedb, 0xdedb, 0xdedb, 0xdedb, 0xdedb, 0xdedb, 0xdedb, 0xdedb, 0xdedb,
	0xdedb, 0xdedb, 0xdedb, 0xdedb, 0xdedb, 0xdedb, 0xdedb, 0xdedb, 0xdedb, 0xdedb, 0xdedb, 0xdedb, 0xdedb, 0xdedb, 0xdedb, 0xce79,
	0xdedb, 0xdedb, 0xdedb, 0xdedb, 0xdedb, 0xdedb, 0xdedb, 0xdedb, 0xdedb, 0xdedb, 0xdedb, 0xdedb, 0xdedb, 0xdedb, 0xdedb, 0xdedb,
	0xdedb, 0xdedb, 0xdedb, 0xdedb, 0xdedb, 0xdedb, 0xdedb, 0xdedb, 0xdedb, 0xdedb, 0xdedb, 0xdedb, 0xdedb, 0xdedb, 0xdedb, 0xdedb,
	0xdedb, 0xdedb, 0xdedb, 0xdedb, 0xdedb, 0xdedb, 0xdedb, 0xdedb, 0xdedb, 0xdedb, 0xdedb, 0xdedb, 0xdedb, 0xdedb, 0xdedb, 0xdedb,
	0xdedb, 0xdedb, 0xdedb, 0xdedb, 0xdedb, 0xdedb, 0xdedb, 0xdedb, 0xdedb, 0xdedb, 0xdedb, 0xdedb, 0xdedb, 0xdedb, 0xdedb, 0xdedb,
	0xdedb, 0xdedb, 0xdedb, 0xdedb, 0xdedb, 0xdedb, 0xdedb, 0xdedb, 0xdedb, 0xdedb, 0xdedb, 0xdedb, 0xdedb, 0xdedb, 0xdedb, 0xdedb,
	0xdedb, 0xdedb, 0xdedb, 0xdedb, 0xdedb, 0xdedb, 0xdedb, 0xdedb, 0xdedb, 0xdedb, 0xdedb, 0xdedb, 0xdedb, 0xdedb, 0xdedb, 0xdedb,
	0xdedb, 0xdedb, 0xdedb, 0xdedb, 0xdedb, 0xdedb, 0xdedb, 0xdedb, 0xdedb, 0xdedb, 0xdedb, 0xdedb, 0xdedb, 0xdedb, 0xdedb, 0xdedb,
	0xdedb, 0xdedb, 0xdedb, 0xdedb, 0xdedb, 0xdedb, 0xdedb, 0xce79, 0xdedb, 0xdedb, 0xdedb, 0xdedb, 0xdedb, 0xdedb, 0xdedb, 0xdedb,
	0xdedb, 0xdedb, 0xdedb, 0xdedb, 0xdedb, 0xdedb, 0xdedb, 0xdedb, 0xdedb, 0xdedb, 0xdedb, 0xdedb, 0xdedb, 0xdedb, 0xdedb, 0xdedb,
	0xdedb, 0xdedb, 0xdedb, 0xdedb, 0xdedb, 0xdedb, 0xdedb, 0xdedb, 0xdedb, 0xdedb, 0xdedb, 0xdedb, 0xdedb, 0xdedb, 0xdedb, 0xdedb,
	0xdedb, 0xdedb, 0xdedb, 0xdedb, 0xdedb, 0xdedb, 0xdedb, 0xdedb, 0xdedb, 0xdedb, 0xdedb, 0xdedb, 0xdedb, 0xdedb, 0xdedb, 0xdedb,
	0xdedb, 0xdedb, 0xdedb, 0xdedb, 0xdedb, 0xdedb, 0xdedb, 0xdedb, 0xdedb, 0xdedb, 0xdedb, 0xdedb, 0xdedb, 0xdedb, 0xdedb, 0xdedb,
	0xdedb, 0xdedb, 0xdedb, 0xdedb, 0xdedb, 0xdedb, 0xdedb, 0xdedb, 0xdedb, 0xdedb, 0xdedb, 0xdedb, 0xdedb, 0xdedb, 0xdedb, 0xdedb,
	0xdedb, 0xdedb, 0xdedb, 0xdedb, 0xdedb, 0xdedb, 0xdedb, 0xdedb, 0xdedb, 0xdedb, 0xdedb, 0xdedb, 0xdedb, 0xdedb, 0xdedb, 0xdedb,
	0xdedb, 0xdedb, 0xdedb, 0xdedb, 0xdedb, 0xdedb, 0xdedb, 0xdedb, 0xdedb, 0xdedb, 0xdedb, 0xdedb, 0xdedb, 0xdedb, 0xdedb, 0xce79,
	0xdedb, 0xdedb, 0xdedb, 0xdedb, 0xdedb, 0xdedb, 0xdedb, 0xdedb, 0xdedb, 0xdedb, 0xdedb, 0xdedb, 0xdedb, 0xdedb, 0xdedb, 0xdedb,
	0xdedb, 0xdedb, 0xdedb, 0xdedb, 0xdedb, 0xdedb, 0xdedb, 0xdedb, 0xdedb, 0xdedb, 0xdedb, 0xdedb, 0xdedb, 0xdedb, 0xdedb, 0xdedb,
	0xdedb, 0xdedb, 0xdedb, 0xdedb, 0xdedb, 0xdedb, 0xdedb, 0xdedb, 0xdedb, 0xdedb, 0xdedb, 0xdedb, 0xdedb, 0xdedb, 0xdedb, 0xdedb,
	0xdedb, 0xdedb, 0xdedb, 0xdedb, 0xdedb, 0xdedb, 0xdedb, 0xdedb, 0xdedb, 0xdedb, 0xdedb, 0xdedb, 0xdedb, 0xdedb, 0xdedb, 0xdedb,
	0xdedb, 0xdedb, 0xdedb, 0xdedb, 0xdedb, 0xdedb, 0xdedb, 0xdedb, 0xdedb, 0xdedb, 0xdedb, 0xdedb, 0xdedb, 0xdedb, 0xdedb, 0xdedb,
	0xdedb, 0xdedb, 0xdedb, 0xdedb, 0xdedb, 0xdedb, 0xdedb, 0xdedb, 0xdedb, 0xdedb, 0xdedb, 0xdedb, 0xdedb, 0xdedb, 0xdedb, 0xdedb,
	0xdedb, 0xdedb, 0xdedb, 0xdedb, 0xdedb, 0xdedb, 0xdedb, 0xdedb, 0xdedb, 0xdedb, 0xdedb, 0xdedb, 0xdedb, 0xdedb, 0xdedb, 0xdedb,
	0xdedb, 0xdedb, 0xdedb, 0xdedb, 0xdedb, 0xdedb, 0xdedb, 0xce79, 0xdedb, 0xdedb, 0xdedb, 0xdedb, 0xdedb, 0xdedb, 0xdedb, 0xdedb,
	0xdedb, 0xdedb, 0xdedb, 0xdedb, 0xdedb, 0xdedb, 0xdedb, 0xdedb, 0xdedb, 0xdedb, 0xdedb, 0xdedb, 0xdedb, 0xdedb, 0xdedb, 0xdedb,
	0xdedb, 0xdedb, 0xdedb, 0xdedb, 0xdedb, 0xdedb, 0xdedb, 0xdedb, 0xdedb, 0xdedb, 0xdedb, 0xdedb, 0xdedb, 0xdedb, 0xdedb, 0xdedb,
	0xdedb, 0xdedb, 0xdedb, 0xdedb, 0xdedb, 0xdedb, 0xdedb, 0xdedb, 0xdedb, 0xdedb, 0xdedb, 0xdefb, 0xef5d, 0xef5d, 0xef5d, 0xef5d,
	0xef5d, 0xef5d, 0xef5d, 0xef5d, 0xe73c, 0xe71c, 0xdedb, 0xdedb, 0xdedb, 0xdedb, 0xdedb, 0xdedb, 0xdedb, 0xdedb, 0xdedb, 0xdedb,
	0xdedb, 0xdedb, 0xdedb, 0xdedb, 0xdedb, 0xdedb, 0xdedb, 0xdedb, 0xdedb, 0xdedb, 0xdedb, 0xdedb, 0xdedb, 0xdedb, 0xdedb, 0xdedb,
	0xdedb, 0xdedb, 0xdedb, 0xdedb, 0xdedb, 0xdedb, 0xdedb, 0xdedb, 0xdedb, 0xdedb, 0xdedb, 0xdedb, 0xdedb, 0xdedb, 0xdedb, 0xdedb,
	0xdedb, 0xdedb, 0xdedb, 0xdedb, 0xdedb, 0xdedb, 0xdedb, 0xdedb, 0xdedb, 0xdedb, 0xdedb, 0xdedb, 0xdedb, 0xdedb, 0xdedb, 0xce79,
	0xdedb, 0xdedb, 0xdedb, 0xdedb, 0xdedb, 0xdedb, 0xdedb, 0xdedb, 0xdedb, 0xdedb, 0xdedb, 0xdedb, 0xdedb, 0xdedb, 0xdedb, 0xdedb,
	0xdedb, 0xdedb, 0xdedb, 0xdedb, 0xdedb, 0xdedb, 0xdedb, 0xdedb, 0xdedb, 0xdedb, 0xdedb, 0xdedb, 0xdedb, 0xdedb, 0xdedb, 0xdedb,
	0xdedb, 0xdedb, 0xdedb, 0xdedb, 0xdedb, 0xdedb, 0xdedb, 0xdedb, 0xdedb, 0xdedb, 0xdedb, 0xdedb, 0xdedb, 0xdedb, 0xdedb, 0xdedb,
	0xdedb, 0xdedb, 0xdefb, 0xc638, 0x8410, 0x8410, 0x8410, 0x8410, 0x8410, 0x8410, 0x8410, 0x8430, 0xa514, 0xc618, 0xdefb, 0xef5d,
	0xdedb, 0xdedb, 0xdedb, 0xdedb, 0xdedb, 0xdedb, 0xdedb, 0xdedb, 0xdedb, 0xdedb, 0xdedb, 0xdedb, 0xdedb, 0xdedb, 0xdedb, 0xdedb,
	0xdedb, 0xdedb, 0xdedb, 0xdedb, 0xdedb, 0xdedb, 0xdedb, 0xdedb, 0xdedb, 0xdedb, 0xdedb, 0xdedb, 0xdedb, 0xdedb, 0xdedb, 0xdedb,
	0xdedb, 0xdedb, 0xdedb, 0xdedb, 0xdedb, 0xdedb, 0xdedb, 0xdedb, 0xdedb, 0xdedb, 0xdedb, 0xdedb, 0xdedb, 0xdedb, 0xdedb, 0xdedb,
	0xdedb, 0xdedb, 0xdedb, 0xdedb, 0xdedb, 0xdedb, 0xdedb, 0xce79, 0xdedb, 0xdedb, 0xdedb, 0xdedb, 0xdedb, 0xdedb, 0xdedb, 0xdedb,
	0xdedb, 0xdedb, 0xdedb, 0xdedb, 0xdedb, 0xdedb, 0xdedb, 0xdedb, 0xdedb, 0xdedb, 0xdedb, 0xdedb, 0xdedb, 0xdedb, 0xdedb, 0xdedb,
	0xdedb, 0xdedb, 0xdedb, 0xdedb, 0xdedb, 0xdedb, 0xdedb, 0xdedb, 0xdedb, 0xdedb, 0xdedb, 0xdedb, 0xdedb, 0xdedb, 0xdedb, 0xdedb,
	0xdedb, 0xdedb, 0xdedb, 0xdedb, 0xdedb, 0xdedb, 0xdedb, 0xdedb, 0xdedb, 0xdedb, 0xe73c, 0xa534, 0x0000, 0x0000, 0x0000, 0x0000,
	0x0000, 0x0000, 0x0000, 0x0000, 0x0000, 0x0841, 0x31a6, 0x8c71, 0xe71c, 0xdefb, 0xdedb, 0xdedb, 0xdedb, 0xdedb, 0xdedb, 0xdedb,
	0xdedb, 0xdedb, 0xdedb, 0xdedb, 0xdedb, 0xdedb, 0xdedb, 0xdedb, 0xdedb, 0xdedb, 0xdedb, 0xdedb, 0xdedb, 0xdedb, 0xdedb, 0xdedb,
	0xdedb, 0xdedb, 0xdedb, 0xdedb, 0xdedb, 0xdedb, 0xdedb, 0xdedb, 0xdedb, 0xdedb, 0xdedb, 0xdedb, 0xdedb, 0xdedb, 0xdedb, 0xdedb,
	0xdedb, 0xdedb, 0xdedb, 0xdedb, 0xdedb, 0xdedb, 0xdedb, 0xdedb, 0xdedb, 0xdedb, 0xdedb, 0xdedb, 0xdedb, 0xdedb, 0xdedb, 0xce79,
	0xdedb, 0xdedb, 0xdedb, 0xdedb, 0xdedb, 0xdedb, 0xdedb, 0xdedb, 0xdedb, 0xdedb, 0xdedb, 0xdedb, 0xdedb, 0xdedb, 0xdedb, 0xdedb,
	0xdedb, 0xdedb, 0xdedb, 0xdedb, 0xdedb, 0xdedb, 0xdedb, 0xdedb, 0xdedb, 0xdedb, 0xdedb, 0xdedb, 0xdedb, 0xdedb, 0xdedb, 0xdedb,
	0xdedb, 0xdedb, 0xdedb, 0xdedb, 0xdedb, 0xdedb, 0xdedb, 0xdedb, 0xdedb, 0xdedb, 0xdedb, 0xdedb, 0xdedb, 0xdedb, 0xdedb, 0xdedb,
	0xdedb, 0xdedb, 0xe73c, 0xad55, 0x0000, 0x0000, 0x0861, 0x18c3, 0x10a2, 0x18c3, 0x10a2, 0x1082, 0x0000, 0x0000, 0x0000, 0x0000,
	0x528a, 0xdefb, 0xdefb, 0xdedb, 0xdedb, 0xdedb, 0xdedb, 0xdedb, 0xdedb, 0xdedb, 0xdedb, 0xdedb, 0xdedb, 0xdedb, 0xdedb, 0xdedb,
	0xdedb, 0xdedb, 0xdedb, 0xdedb, 0xdedb, 0xdedb, 0xdedb, 0xdedb, 0xdedb, 0xdedb, 0xdedb, 0xdedb, 0xdedb, 0xdedb, 0xdedb, 0xdedb,
	0xdedb, 0xdedb, 0xdedb, 0xdedb, 0xdedb, 0xdedb, 0xdedb, 0xdedb, 0xdedb, 0xdedb, 0xdedb, 0xdedb, 0xdedb, 0xdedb, 0xdedb, 0xdedb,
	0xdedb, 0xdedb, 0xdedb, 0xdedb, 0xdedb, 0xdedb, 0xdedb, 0xce79, 0xdedb, 0xdedb, 0xdedb, 0xdedb, 0xdedb, 0xdedb, 0xdedb, 0xdedb,
	0xdedb, 0xdedb, 0xdedb, 0xdedb, 0xdedb, 0xdedb, 0xdedb, 0xdedb, 0xdedb, 0xdedb, 0xdedb, 0xdedb, 0xdedb, 0xdedb, 0xdedb, 0xdedb,
	0xdedb, 0xdedb, 0xdedb, 0xdedb, 0xdedb, 0xdedb, 0xdedb, 0xdedb, 0xdedb, 0xdedb, 0xdedb, 0xdedb, 0xdedb, 0xdedb, 0xdedb, 0xdedb,
	0xdedb, 0xdedb, 0xdedb, 0xdedb, 0xdedb, 0xdedb, 0xdedb, 0xdedb, 0xdedb, 0xdedb, 0xe73c, 0xad55, 0x0000, 0x0000, 0x738e, 0xdefb,
	0xce79, 0xce79, 0xce79, 0xce59, 0xb596, 0x738e, 0x0861, 0x0000, 0x0000, 0x6b6d, 0xe73c, 0xdedb, 0xdedb, 0xdedb, 0xdedb, 0xdedb,
	0xdedb, 0xdedb, 0xdedb, 0xdedb, 0xdedb, 0xdedb, 0xdedb, 0xdedb, 0xdedb, 0xdedb, 0xdedb, 0xdedb, 0xdedb, 0xdedb, 0xdedb, 0xdedb,
	0xdedb, 0xdedb, 0xdedb, 0xdedb, 0xdedb, 0xdedb, 0xdedb, 0xdedb, 0xdedb, 0xdedb, 0xdedb, 0xdedb, 0xdedb, 0xdedb, 0xdedb, 0xdedb,
	0xdedb, 0xdedb, 0xdedb, 0xdedb, 0xdedb, 0xdedb, 0xdedb, 0xdedb, 0xdedb, 0xdedb, 0xdedb, 0xdedb, 0xdedb, 0xdedb, 0xdedb, 0xce79,
	0xdedb, 0xdedb, 0xdedb, 0xdedb, 0xdedb, 0xdedb, 0xdedb, 0xdedb, 0xdedb, 0xdedb, 0xdedb, 0xdedb, 0xdedb, 0xdedb, 0xdedb, 0xdedb,
	0xdedb, 0xdedb, 0xdedb, 0xdedb, 0xdedb, 0xdedb, 0xdedb, 0xdedb, 0xdedb, 0xdedb, 0xdedb, 0xdedb, 0xdedb, 0xdedb, 0xdedb, 0xdedb,
	0xdedb, 0xdedb, 0xdedb, 0xdedb, 0xdedb, 0xdedb, 0xdedb, 0xdedb, 0xdedb, 0xdedb, 0xdedb, 0xdedb, 0xdedb, 0xdedb, 0xdedb, 0xdedb,
	0xdedb, 0xdedb, 0xe73c, 0xad55, 0x0000, 0x0000, 0x7bcf, 0xef7d, 0xdefb, 0xdefb, 0xdefb, 0xdefb, 0xe73c, 0xf79e, 0xad55, 0x0841,
	0x0000, 0x1082, 0xce59, 0xdefb, 0xdedb, 0xdedb, 0xdedb, 0xdedb, 0xdedb, 0xdedb, 0xdedb, 0xdedb, 0xdedb, 0xdedb, 0xdedb, 0xdedb,
	0xdedb, 0xdedb, 0xdedb, 0xdedb, 0xdedb, 0xdedb, 0xdedb, 0xdedb, 0xdedb, 0xdedb, 0xdedb, 0xdedb, 0xdedb, 0xdedb, 0xdedb, 0xdedb,
	0xdedb, 0xdedb, 0xdedb, 0xdedb, 0xdedb, 0xdedb, 0xdedb, 0xdedb, 0xdedb, 0xdedb, 0xdedb, 0xdedb, 0xdedb, 0xdedb, 0xdedb, 0xdedb,
	0xdedb, 0xdedb, 0xdedb, 0xdedb, 0xdedb, 0xdedb, 0xdedb, 0xce79, 0xdedb, 0xdedb, 0xdedb, 0xdedb, 0xdedb, 0xdedb, 0xdedb, 0xdedb,
	0xdedb, 0xdedb, 0xdedb, 0xdedb, 0xdedb, 0xdedb, 0xdedb, 0xdedb, 0xdedb, 0xdedb, 0xdedb, 0xdedb, 0xdedb, 0xdedb, 0xdedb, 0xdedb,
	0xdedb, 0xdedb, 0xdedb, 0xdedb, 0xdedb, 0xdedb, 0xdedb, 0xdedb, 0xdedb, 0xdedb, 0xdedb, 0xdedb, 0xdedb, 0xdedb, 0xdedb, 0xdedb,
	0xdedb, 0xdedb, 0xdedb, 0xdedb, 0xdedb, 0xdedb, 0xdedb, 0xdedb, 0xdedb, 0xdedb, 0xe73c, 0xad55, 0x0000, 0x0000, 0x73ae, 0xef5d,
	0xdedb, 0xdedb, 0xdedb, 0xdedb, 0xdedb, 0xdedb, 0xef7d, 0x52aa, 0x0000, 0x0000, 0x9cf3, 0xe73c, 0xdedb, 0xdedb, 0xdedb, 0xdedb,
	0xdedb, 0xdedb, 0xdedb, 0xdedb, 0xdedb, 0xdedb, 0xdedb, 0xdedb, 0xdedb, 0xdedb, 0xdedb, 0xdedb, 0xdedb, 0xdedb, 0xdedb, 0xdedb,
	0xdedb, 0xdedb, 0xdedb, 0xdedb, 0xdedb, 0xdedb, 0xdedb, 0xdedb, 0xdedb, 0xdedb, 0xdedb, 0xdedb, 0xdedb, 0xdedb, 0xdedb, 0xdedb,
	0xdedb, 0xdedb, 0xdedb, 0xdedb, 0xdedb, 0xdedb, 0xdedb, 0xdedb, 0xdedb, 0xdedb, 0xdedb, 0xdedb, 0xdedb, 0xdedb, 0xdedb, 0xce79,
	0xdedb, 0xdedb, 0xdedb, 0xdedb, 0xdedb, 0xdedb, 0xdedb, 0xdedb, 0xdedb, 0xdedb, 0xdedb, 0xdedb, 0xdedb, 0xdedb, 0xdedb, 0xdedb,
	0xdedb, 0xdedb, 0xdedb, 0xdedb, 0xdedb, 0xdedb, 0xdedb, 0xdedb, 0xdedb, 0xdedb, 0xdedb, 0xdedb, 0xdedb, 0xdedb, 0xdedb, 0xdedb,
	0xdedb, 0xdedb, 0xdedb, 0xdedb, 0xdedb, 0xdedb, 0xdedb, 0xdedb, 0xdedb, 0xdedb, 0xdedb, 0xdedb, 0xdedb, 0xdedb, 0xdedb, 0xdedb,
	0xdedb, 0xdedb, 0xe73c, 0xad55, 0x0000, 0x0000, 0x73ae, 0xef5d, 0xdedb, 0xdedb, 0xdedb, 0xdedb, 0xdedb, 0xdedb, 0xef5d, 0x8410,
	0x0000, 0x0000, 0x8430, 0xef5d, 0xdedb, 0xdedb, 0xdedb, 0xdedb, 0xdedb, 0xdedb, 0xdedb, 0xdedb, 0xdedb, 0xdedb, 0xdedb, 0xdedb,
	0xdedb, 0xdedb, 0xdedb, 0xdedb, 0xdedb, 0xdedb, 0xdedb, 0xdedb, 0xdedb, 0xdedb, 0xdedb, 0xdedb, 0xdedb, 0xdedb, 0xdedb, 0xdedb,
	0xdedb, 0xdedb, 0xdedb, 0xdedb, 0xdedb, 0xdedb, 0xdedb, 0xdedb, 0xdedb, 0xdedb, 0xdedb, 0xdedb, 0xdedb, 0xdedb, 0xdedb, 0xdedb,
	0xdedb, 0xdedb, 0xdedb, 0xdedb, 0xdedb, 0xdedb, 0xdedb, 0xce79, 0xdedb, 0xdedb, 0xdedb, 0xdedb, 0xdedb, 0xdedb, 0xdedb, 0xdedb,
	0xdedb, 0xdedb, 0xdedb, 0xdedb, 0xdedb, 0xdedb, 0xdedb, 0xdedb, 0xdedb, 0xdedb, 0xdedb, 0xdedb, 0xdedb, 0xdedb, 0xdedb, 0xdedb,
	0xdedb, 0xdedb, 0xdedb, 0xdedb, 0xdedb, 0xdedb, 0xdedb, 0xdedb, 0xdedb, 0xdedb, 0xdedb, 0xdedb, 0xdedb, 0xdedb, 0xdedb, 0xdedb,
	0xdedb, 0xdedb, 0xdedb, 0xdedb, 0xdedb, 0xdedb, 0xdedb, 0xdedb, 0xdedb, 0xdedb, 0xe73c, 0xad55, 0x0000, 0x0000, 0x73ae, 0xef5d,
	0xdedb, 0xdedb, 0xdedb, 0xdedb, 0xdedb, 0xdedb, 0xef5d, 0x8410, 0x0000, 0x0000, 0x8c51, 0xef5d, 0xdedb, 0xdedb, 0xdedb, 0xdedb,
	0xdedb, 0xdedb, 0xdedb, 0xdedb, 0xdedb, 0xdedb, 0xdedb, 0xdedb, 0xdedb, 0xdedb, 0xdedb, 0xdedb, 0xdedb, 0xdedb, 0xdedb, 0xdedb,
	0xdedb, 0xdedb, 0xdedb, 0xdedb, 0xdedb, 0xdedb, 0xdedb, 0xdedb, 0xdedb, 0xdedb, 0xdedb, 0xdedb, 0xdedb, 0xdedb, 0xdedb, 0xdedb,
	0xdedb, 0xdedb, 0xdedb, 0xdedb, 0xdedb, 0xdedb, 0xdedb, 0xdedb, 0xdedb, 0xdedb, 0xdedb, 0xdedb, 0xdedb, 0xdedb, 0xdedb, 0xce79,
	0xdedb, 0xdedb, 0xdedb, 0xdedb, 0xdedb, 0xdedb, 0xdedb, 0xdedb, 0xdedb, 0xdedb, 0xdedb, 0xdedb, 0xdedb, 0xdedb, 0xdedb, 0xdedb,
	0xdedb, 0xdedb, 0xdedb, 0xdedb, 0xdedb, 0xdedb, 0xdedb, 0xdedb, 0xdedb, 0xdedb, 0xdedb, 0xdedb, 0xdedb, 0xdedb, 0xdedb, 0xdedb,
	0xdedb, 0xdedb, 0xdedb, 0xdedb, 0xdedb, 0xdedb, 0xdedb, 0xdedb, 0xdedb, 0xdedb, 0xdedb, 0xdedb, 0xdedb, 0xdedb, 0xdedb, 0xdedb,
	0xdedb, 0xdedb, 0xe73c, 0xad55, 0x0000, 0x0000, 0x73ae, 0xef5d, 0xdedb, 0xdedb, 0xdedb, 0xdedb, 0xdedb, 0xdedb, 0xef5d, 0x632c,
	0x0000, 0x0000, 0xa534, 0xe73c, 0xdedb, 0xdedb, 0xdedb, 0xdedb, 0xdedb, 0xdedb, 0xdedb, 0xdedb, 0xdedb, 0xdedb, 0xdedb, 0xdedb,
	0xdedb, 0xdedb, 0xdedb, 0xdedb, 0xdedb, 0xdedb, 0xdedb, 0xdedb, 0xdedb, 0xdedb, 0xdedb, 0xdedb, 0xdedb, 0xdedb, 0xdedb, 0xdedb,
	0xdedb, 0xdedb, 0xdedb, 0xdedb, 0xdedb, 0xdedb, 0xdedb, 0xdedb, 0xdedb, 0xdedb, 0xdedb, 0xdedb, 0xdedb, 0xdedb, 0xdedb, 0xdedb,
	0xdedb, 0xdedb, 0xdedb, 0xdedb, 0xdedb, 0xdedb, 0xdedb, 0xce79, 0xdedb, 0xdedb, 0xdedb, 0xdedb, 0xdedb, 0xdedb, 0xdedb, 0xdedb,
	0xdedb, 0xdedb, 0xdedb, 0xdedb, 0xdedb, 0xdedb, 0xdedb, 0xdedb, 0xdedb, 0xdedb, 0xdedb, 0xdedb, 0xdedb, 0xdedb, 0xdedb, 0xdedb,
	0xdedb, 0xdedb, 0xdedb, 0xdedb, 0xdedb, 0xdedb, 0xdedb, 0xdedb, 0xdedb, 0xdedb, 0xdedb, 0xdedb, 0xdedb, 0xdedb, 0xdedb, 0xdedb,
	0xdedb, 0xdedb, 0xdedb, 0xdedb, 0xdedb, 0xdedb, 0xdedb, 0xdedb, 0xdedb, 0xdedb, 0xe73c, 0xad55, 0x0000, 0x0000, 0x73ae, 0xef5d,
	0xdedb, 0xdedb, 0xdedb, 0xdedb, 0xdedb, 0xef5d, 0xce79, 0x18c3, 0x0000, 0x18e3, 0xd6ba, 0xdefb, 0xdedb, 0xdedb, 0xdedb, 0xdedb,
	0xdedb, 0xdedb, 0xdedb, 0xdedb, 0xdedb, 0xdedb, 0xdedb, 0xdedb, 0xdedb, 0xdedb, 0xdedb, 0xdedb, 0xdedb, 0xdedb, 0xdedb, 0xdedb,
	0xdedb, 0xdedb, 0xdedb, 0xdedb, 0xdedb, 0xdedb, 0xdedb, 0xdedb, 0xdedb, 0xdedb, 0xdedb, 0xdedb, 0xdedb, 0xdedb, 0xdedb, 0xdedb,
	0xdedb, 0xdedb, 0xdedb, 0xdedb, 0xdedb, 0xdedb, 0xdedb, 0xdedb, 0xdedb, 0xdedb, 0xdedb, 0xdedb, 0xdedb, 0xdedb, 0xdedb, 0xce79,
	0xdedb, 0xdedb, 0xdedb, 0xdedb, 0xdedb, 0xdedb, 0xdedb, 0xdedb, 0xdedb, 0xdedb, 0xdedb, 0xdedb, 0xdedb, 0xdedb, 0xdedb, 0xdedb,
	0xdedb, 0xdedb, 0xdedb, 0xdedb, 0xdedb, 0xdedb, 0xdedb, 0xdedb, 0xdedb, 0xdedb, 0xdedb, 0xdedb, 0xdedb, 0xdedb, 0xdedb, 0xdedb,
	0xdedb, 0xdedb, 0xdedb, 0xdedb, 0xdedb, 0xdedb, 0xdedb, 0xdedb, 0xdedb, 0xdedb, 0xdedb, 0xdedb, 0xdedb, 0xdedb, 0xdedb, 0xdedb,
	0xdedb, 0xdedb, 0xe73c, 0xad55, 0x0000, 0x0000, 0x7bef, 0xffdf, 0xef5d, 0xef5d, 0xef5d, 0xef5d, 0xe73c, 0xbdd7, 0x31a6, 0x0000,
	0x0000, 0x8c71, 0xe73c, 0xdedb, 0xdedb, 0xdedb, 0xdedb, 0xdedb, 0xdedb, 0xdedb, 0xdedb, 0xdedb, 0xdedb, 0xdedb, 0xdedb, 0xdedb,
	0xdedb, 0xdedb, 0xdedb, 0xdedb, 0xdedb, 0xdedb, 0xdedb, 0xdedb, 0xdedb, 0xdedb, 0xdedb, 0xdedb, 0xdedb, 0xdedb, 0xdedb, 0xdedb,
	0xdedb, 0xdedb, 0xdedb, 0xdedb, 0xdedb, 0xdedb, 0xdedb, 0xdedb, 0xdedb, 0xdedb, 0xdedb, 0xdedb, 0xdedb, 0xdedb, 0xdedb, 0xdedb,
	0xdedb, 0xdedb, 0xdedb, 0xdedb, 0xdedb, 0xdedb, 0xdedb, 0xce79, 0xdedb, 0xdedb, 0xdedb, 0xdedb, 0xdedb, 0xdedb, 0xdedb, 0xdedb,
	0xdedb, 0xdedb, 0xdedb, 0xdedb, 0xdedb, 0xdedb, 0xdedb, 0xdedb, 0xdedb, 0xdedb, 0xdedb, 0xdedb, 0xdedb, 0xdedb, 0xdedb, 0xdedb,
	0xdedb, 0xdedb, 0xdedb, 0xdedb, 0xdedb, 0xdedb, 0xdedb, 0xdedb, 0xdedb, 0xdedb, 0xdedb, 0xdedb, 0xdedb, 0xdedb, 0xdedb, 0xdedb,
	0xdedb, 0xdedb, 0xdedb, 0xdedb, 0xdedb, 0xdedb, 0xdedb, 0xdedb, 0xdedb, 0xdedb, 0xe73c, 0xad55, 0x0000, 0x0000, 0x39c7, 0x738e,
	0x6b6d, 0x6b6d, 0x6b6d, 0x630c, 0x39c7, 0x0020, 0x0000, 0x0000, 0x73ae, 0xe73c, 0xdedb, 0xdedb, 0xdedb, 0xdedb, 0xdedb, 0xdedb,
	0xdedb, 0xdedb, 0xdedb, 0xdedb, 0xdedb, 0xdedb, 0xdedb, 0xdedb, 0xdedb, 0xdedb, 0xdedb, 0xdedb, 0xdedb, 0xdedb, 0xdedb, 0xdedb,
	0xdedb, 0xdedb, 0xdedb, 0xdedb, 0xdedb, 0xdedb, 0xdedb, 0xdedb, 0xdedb, 0xdedb, 0xdedb, 0xdedb, 0xdedb, 0xdedb, 0xdedb, 0xdedb,
	0xdedb, 0xdedb, 0xdedb, 0xdedb, 0xdedb, 0xdedb, 0xdedb, 0xdedb, 0xdedb, 0xdedb, 0xdedb, 0xdedb, 0xdedb, 0xdedb, 0xdedb, 0xce79,
	0xdedb, 0xdedb, 0xdedb, 0xdedb, 0xdedb, 0xdedb, 0xdedb, 0xdedb, 0xdedb, 0xdedb, 0xdedb, 0xdedb, 0xdedb, 0xdedb, 0xdedb, 0xdedb,
	0xdedb, 0xdedb, 0xdedb, 0xdedb, 0xdedb, 0xdedb, 0xdedb, 0xdedb, 0xdedb, 0xdedb, 0xdedb, 0xdedb, 0xdedb, 0xdedb, 0xdedb, 0xdedb,
	0xdedb, 0xdedb, 0xdedb, 0xdedb, 0xdedb, 0xdedb, 0xdedb, 0xdedb, 0xdedb, 0xdedb, 0xdedb, 0xdedb, 0xdedb, 0xdedb, 0xdedb, 0xdedb,
	0xdedb, 0xdedb, 0xe73c, 0xad55, 0x0000, 0x0000, 0x0000, 0x0000, 0x0000, 0x0000, 0x0000, 0x0000, 0x0000, 0x0020, 0x4228, 0xad55,
	0xef5d, 0xdedb, 0xdedb, 0xdedb, 0xdedb, 0xdedb, 0xdedb, 0xdedb, 0xdedb, 0xdedb, 0xdedb, 0xdedb, 0xdedb, 0xdedb, 0xdedb, 0xdedb,
	0xdedb, 0xdedb, 0xdedb, 0xdedb, 0xdedb, 0xdedb, 0xdedb, 0xdedb, 0xdedb, 0xdedb, 0xdedb, 0xdedb, 0xdedb, 0xdedb, 0xdedb, 0xdedb,
	0xdedb, 0xdedb, 0xdedb, 0xdedb, 0xdedb, 0xdedb, 0xdedb, 0xdedb, 0xdedb, 0xdedb, 0xdedb, 0xdedb, 0xdedb, 0xdedb, 0xdedb, 0xdedb,
	0xdedb, 0xdedb, 0xdedb, 0xdedb, 0xdedb, 0xdedb, 0xdedb, 0xce79, 0xdedb, 0xdedb, 0xdedb, 0xdedb, 0xdedb, 0xdedb, 0xdedb, 0xdedb,
	0xdedb, 0xdedb, 0xdedb, 0xdedb, 0xdedb, 0xdedb, 0xdedb, 0xdedb, 0xdedb, 0xdedb, 0xdedb, 0xdedb, 0xdedb, 0xdedb, 0xdedb, 0xdedb,
	0xdedb, 0xdedb, 0xdedb, 0xdedb, 0xdedb, 0xdedb, 0xdedb, 0xdedb, 0xdedb, 0xdedb, 0xdedb, 0xdedb, 0xdedb, 0xdedb, 0xdedb, 0xdedb,
	0xdedb, 0xdedb, 0xdedb, 0xdedb, 0xdedb, 0xdedb, 0xdedb, 0xdedb, 0xdedb, 0xdedb, 0xe73c, 0xad55, 0x0000, 0x0000, 0x10a2, 0x2965,
	0x2945, 0x2945, 0x2965, 0x0841, 0x0000, 0x1082, 0xce59, 0xef7d, 0xdedb, 0xdedb, 0xdedb, 0xdedb, 0xdedb, 0xdedb, 0xdedb, 0xdedb,
	0xdedb, 0xdedb, 0xdedb, 0xdedb, 0xdedb, 0xdedb, 0xdedb, 0xdedb, 0xdedb, 0xdedb, 0xdedb, 0xdedb, 0xdedb, 0xdedb, 0xdedb, 0xdedb,
	0xdedb, 0xdedb, 0xdedb, 0xdedb, 0xdedb, 0xdedb, 0xdedb, 0xdedb, 0xdedb, 0xdedb, 0xdedb, 0xdedb, 0xdedb, 0xdedb, 0xdedb, 0xdedb,
	0xdedb, 0xdedb, 0xdedb, 0xdedb, 0xdedb, 0xdedb, 0xdedb, 0xdedb, 0xdedb, 0xdedb, 0xdedb, 0xdedb, 0xdedb, 0xdedb, 0xdedb, 0xce79,
	0xdedb, 0xdedb, 0xdedb, 0xdedb, 0xdedb, 0xdedb, 0xdedb, 0xdedb, 0xdedb, 0xdedb, 0xdedb, 0xdedb, 0xdedb, 0xdedb, 0xdedb, 0xdedb,
	0xdedb, 0xdedb, 0xdedb, 0xdedb, 0xdedb, 0xdedb, 0xdedb, 0xdedb, 0xdedb, 0xdedb, 0xdedb, 0xdedb, 0xdedb, 0xdedb, 0xdedb, 0xdedb,
	0xdedb, 0xdedb, 0xdedb, 0xdedb, 0xdedb, 0xdedb, 0xdedb, 0xdedb, 0xdedb, 0xdedb, 0xdedb, 0xdedb, 0xdedb, 0xdedb, 0xdedb, 0xdedb,
	0xdedb, 0xdedb, 0xe73c, 0xad55, 0x0000, 0x0000, 0x73ae, 0xef5d, 0xdedb, 0xdedb, 0xe73c, 0x9492, 0x0000, 0x0000, 0x528a, 0xe73c,
	0xdedb, 0xdedb, 0xdedb, 0xdedb, 0xdedb, 0xdedb, 0xdedb, 0xdedb, 0xdedb, 0xdedb, 0xdedb, 0xdedb, 0xdedb, 0xdedb, 0xdedb, 0xdedb,
	0xdedb, 0xdedb, 0xdedb, 0xdedb, 0xdedb, 0xdedb, 0xdedb, 0xdedb, 0xdedb, 0xdedb, 0xdedb, 0xdedb, 0xdedb, 0xdedb, 0xdedb, 0xdedb,
	0xdedb, 0xdedb, 0xdedb, 0xdedb, 0xdedb, 0xdedb, 0xdedb, 0xdedb, 0xdedb, 0xdedb, 0xdedb, 0xdedb, 0xdedb, 0xdedb, 0xdedb, 0xdedb,
	0xdedb, 0xdedb, 0xdedb, 0xdedb, 0xdedb, 0xdedb, 0xdedb, 0xce79, 0xdedb, 0xdedb, 0xdedb, 0xdedb, 0xdedb, 0xdedb, 0xdedb, 0xdedb,
	0xdedb, 0xdedb, 0xdedb, 0xdedb, 0xdedb, 0xdedb, 0xdedb, 0xdedb, 0xdedb, 0xdedb, 0xdedb, 0xdedb, 0xdedb, 0xdedb, 0xdedb, 0xdedb,
	0xdedb, 0xdedb, 0xdedb, 0xdedb, 0xdedb, 0xdedb, 0xdedb, 0xdedb, 0xdedb, 0xdedb, 0xdedb, 0xdedb, 0xdedb, 0xdedb, 0xdedb, 0xdedb,
	0xdedb, 0xdedb, 0xdedb, 0xdedb, 0xdedb, 0xdedb, 0xdedb, 0xdedb, 0xdedb, 0xdedb, 0xe73c, 0xad55, 0x0000, 0x0000, 0x73ae, 0xef5d,
	0xdedb, 0xdedb, 0xdefb, 0xe73c, 0x39e7, 0x0000, 0x0000, 0xa514, 0xef5d, 0xdedb, 0xdedb, 0xdedb, 0xdedb, 0xdedb, 0xdedb, 0xdedb,
	0xdedb, 0xdedb, 0xdedb, 0xdedb, 0xdedb, 0xdedb, 0xdedb, 0xdedb, 0xdedb, 0xdedb, 0xdedb, 0xdedb, 0xdedb, 0xdedb, 0xdedb, 0xdedb,
	0xdedb, 0xdedb, 0xdedb, 0xdedb, 0xdedb, 0xdedb, 0xdedb, 0xdedb, 0xdedb, 0xdedb, 0xdedb, 0xdedb, 0xdedb, 0xdedb, 0xdedb, 0xdedb,
	0xdedb, 0xdedb, 0xdedb, 0xdedb, 0xdedb, 0xdedb, 0xdedb, 0xdedb, 0xdedb, 0xdedb, 0xdedb, 0xdedb, 0xdedb, 0xdedb, 0xdedb, 0xce79,
	0xdedb, 0xdedb, 0xdedb, 0xdedb, 0xdedb, 0xdedb, 0xdedb, 0xdedb, 0xdedb, 0xdedb, 0xdedb, 0xdedb, 0xdedb, 0xdedb, 0xdedb, 0xdedb,
	0xdedb, 0xdedb, 0xdedb, 0xdedb, 0xdedb, 0xdedb, 0xdedb, 0xdedb, 0xdedb, 0xdedb, 0xdedb, 0xdedb, 0xdedb, 0xdedb, 0xdedb, 0xdedb,
	0xdedb, 0xdedb, 0xdedb, 0xdedb, 0xdedb, 0xdedb, 0xdedb, 0xdedb, 0xdedb, 0xdedb, 0xdedb, 0xdedb, 0xdedb, 0xdedb, 0xdedb, 0xdedb,
	0xdedb, 0xdedb, 0xe73c, 0xad55, 0x0000, 0x0000, 0x73ae, 0xef5d, 0xdedb, 0xdedb, 0xdedb, 0xe73c, 0xb596, 0x0020, 0x0000, 0x2945,
	0xdedb, 0xdefb, 0xdedb, 0xdedb, 0xdedb, 0xdedb, 0xdedb, 0xdedb, 0xdedb, 0xdedb, 0xdedb, 0xdedb, 0xdedb, 0xdedb, 0xdedb, 0xdedb,
	0xdedb, 0xdedb, 0xdedb, 0xdedb, 0xdedb, 0xdedb, 0xdedb, 0xdedb, 0xdedb, 0xdedb, 0xdedb, 0xdedb, 0xdedb, 0xdedb, 0xdedb, 0xdedb,
	0xdedb, 0xdedb, 0xdedb, 0xdedb, 0xdedb, 0xdedb, 0xdedb, 0xdedb, 0xdedb, 0xdedb, 0xdedb, 0xdedb, 0xdedb, 0xdedb, 0xdedb, 0xdedb,
	0xdedb, 0xdedb, 0xdedb, 0xdedb, 0xdedb, 0xdedb, 0xdedb, 0xce79, 0xdedb, 0xdedb, 0xdedb, 0xdedb, 0xdedb, 0xdedb, 0xdedb, 0xdedb,
	0xdedb, 0xdedb, 0xdedb, 0xdedb, 0xdedb, 0xdedb, 0xdedb, 0xdedb, 0xdedb, 0xdedb, 0xdedb, 0xdedb, 0xdedb, 0xdedb, 0xdedb, 0xdedb,
	0xdedb, 0xdedb, 0xdedb, 0xdedb, 0xdedb, 0xdedb, 0xdedb, 0xdedb, 0xdedb, 0xdedb, 0xdedb, 0xdedb, 0xdedb, 0xdedb, 0xdedb, 0xdedb,
	0xdedb, 0xdedb, 0xdedb, 0xdedb, 0xdedb, 0xdedb, 0xdedb, 0xdedb, 0xdedb, 0xdedb, 0xe73c, 0xad55, 0x0000, 0x0000, 0x73ae, 0xef5d,
	0xdedb, 0xdedb, 0xdedb, 0xdedb, 0xef5d, 0x5aeb, 0x0000, 0x0000, 0x7bef, 0xef5d, 0xdedb, 0xdedb, 0xdedb, 0xdedb, 0xdedb, 0xdedb,
	0xdedb, 0xdedb, 0xdedb, 0xdedb, 0xdedb, 0xdedb, 0xdedb, 0xdedb, 0xdedb, 0xdedb, 0xdedb, 0xdedb, 0xdedb, 0xdedb, 0xdedb, 0xdedb,
	0xdedb, 0xdedb, 0xdedb, 0xdedb, 0xdedb, 0xdedb, 0xdedb, 0xdedb, 0xdedb, 0xdedb, 0xdedb, 0xdedb, 0xdedb, 0xdedb, 0xdedb, 0xdedb,
	0xdedb, 0xdedb, 0xdedb, 0xdedb, 0xdedb, 0xdedb, 0xdedb, 0xdedb, 0xdedb, 0xdedb, 0xdedb, 0xdedb, 0xdedb, 0xdedb, 0xdedb, 0xce79,
	0xdedb, 0xdedb, 0xdedb, 0xdedb, 0xdedb, 0xdedb, 0xdedb, 0xdedb, 0xdedb, 0xdedb, 0xdedb, 0xdedb, 0xdedb, 0xdedb, 0xdedb, 0xdedb,
	0xdedb, 0xdedb, 0xdedb, 0xdedb, 0xdedb, 0xdedb, 0xdedb, 0xdedb, 0xdedb, 0xdedb, 0xdedb, 0xdedb, 0xdedb, 0xdedb, 0xdedb, 0xdedb,
	0xdedb, 0xdedb, 0xdedb, 0xdedb, 0xdedb, 0xdedb, 0xdedb, 0xdedb, 0xdedb, 0xdedb, 0xdedb, 0xdedb, 0xdedb, 0xdedb, 0xdedb, 0xdedb,
	0xdedb, 0xdedb, 0xe73c, 0xad55, 0x0000, 0x0000, 0x73ae, 0xef5d, 0xdedb, 0xdedb, 0xdedb, 0xdedb, 0xe71c, 0xce59, 0x10a2, 0x0000,
	0x1082, 0xc638, 0xe71c, 0xdedb, 0xdedb, 0xdedb, 0xdedb, 0xdedb, 0xdedb, 0xdedb, 0xdedb, 0xdedb, 0xdedb, 0xdedb, 0xdedb, 0xdedb,
	0xdedb, 0xdedb, 0xdedb, 0xdedb, 0xdedb, 0xdedb, 0xdedb, 0xdedb, 0xdedb, 0xdedb, 0xdedb, 0xdedb, 0xdedb, 0xdedb, 0xdedb, 0xdedb,
	0xdedb, 0xdedb, 0xdedb, 0xdedb, 0xdedb, 0xdedb, 0xdedb, 0xdedb, 0xdedb, 0xdedb, 0xdedb, 0xdedb, 0xdedb, 0xdedb, 0xdedb, 0xdedb,
	0xdedb, 0xdedb, 0xdedb, 0xdedb, 0xdedb, 0xdedb, 0xdedb, 0xce79, 0xdedb, 0xdedb, 0xdedb, 0xdedb, 0xdedb, 0xdedb, 0xdedb, 0xdedb,
	0xdedb, 0xdedb, 0xdedb, 0xdedb, 0xdedb, 0xdedb, 0xdedb, 0xdedb, 0xdedb, 0xdedb, 0xdedb, 0xdedb, 0xdedb, 0xdedb, 0xdedb, 0xdedb,
	0xdedb, 0xdedb, 0xdedb, 0xdedb, 0xdedb, 0xdedb, 0xdedb, 0xdedb, 0xdedb, 0xdedb, 0xdedb, 0xdedb, 0xdedb, 0xdedb, 0xdedb, 0xdedb,
	0xdedb, 0xdedb, 0xdedb, 0xdedb, 0xdedb, 0xdedb, 0xdedb, 0xdedb, 0xdedb, 0xdedb, 0xe73c, 0xad55, 0x0000, 0x0000, 0x73ae, 0xef5d,
	0xdedb, 0xdedb, 0xdedb, 0xdedb, 0xdedb, 0xef5d, 0x7bef, 0x0000, 0x0000, 0x528a, 0xe73c, 0xdedb, 0xdedb, 0xdedb, 0xdedb, 0xdedb,
	0xdedb, 0xdedb, 0xdedb, 0xdedb, 0xdedb, 0xdedb, 0xdedb, 0xdedb, 0xdedb, 0xdedb, 0xdedb, 0xdedb, 0xdedb, 0xdedb, 0xdedb, 0xdedb,
	0xdedb, 0xdedb, 0xdedb, 0xdedb, 0xdedb, 0xdedb, 0xdedb, 0xdedb, 0xdedb, 0xdedb, 0xdedb, 0xdedb, 0xdedb, 0xdedb, 0xdedb, 0xdedb,
	0xdedb, 0xdedb, 0xdedb, 0xdedb, 0xdedb, 0xdedb, 0xdedb, 0xdedb, 0xdedb, 0xdedb, 0xdedb, 0xdedb, 0xdedb, 0xdedb, 0xdedb, 0xce79,
	0xdedb, 0xdedb, 0xdedb, 0xdedb, 0xdedb, 0xdedb, 0xdedb, 0xdedb, 0xdedb, 0xdedb, 0xdedb, 0xdedb, 0xdedb, 0xdedb, 0xdedb, 0xdedb,
	0xdedb, 0xdedb, 0xdedb, 0xdedb, 0xdedb, 0xdedb, 0xdedb, 0xdedb, 0xdedb, 0xdedb, 0xdedb, 0xdedb, 0xdedb, 0xdedb, 0xdedb, 0xdedb,
	0xdedb, 0xdedb, 0xdedb, 0xdedb, 0xdedb, 0xdedb, 0xdedb, 0xdedb, 0xdedb, 0xdedb, 0xdedb, 0xdedb, 0xdedb, 0xdedb, 0xdedb, 0xdedb,
	0xdedb, 0xdedb, 0xe73c, 0xad55, 0x0000, 0x0000, 0x73ae, 0xef5d, 0xdedb, 0xdedb, 0xdedb, 0xdedb, 0xdedb, 0xdefb, 0xdedb, 0x2945,
	0x0000, 0x0000, 0xa514, 0xe73c, 0xdedb, 0xdedb, 0xdedb, 0xdedb, 0xdedb, 0xdedb, 0xdedb, 0xdedb, 0xdedb, 0xdedb, 0xdedb, 0xdedb,
	0xdedb, 0xdedb, 0xdedb, 0xdedb, 0xdedb, 0xdedb, 0xdedb, 0xdedb, 0xdedb, 0xdedb, 0xdedb, 0xdedb, 0xdedb, 0xdedb, 0xdedb, 0xdedb,
	0xdedb, 0xdedb, 0xdedb, 0xdedb, 0xdedb, 0xdedb, 0xdedb, 0xdedb, 0xdedb, 0xdedb, 0xdedb, 0xdedb, 0xdedb, 0xdedb, 0xdedb, 0xdedb,
	0xdedb, 0xdedb, 0xdedb, 0xdedb, 0xdedb, 0xdedb, 0xdedb, 0xce79, 0xdedb, 0xdedb, 0xdedb, 0xdedb, 0xdedb, 0xdedb, 0xdedb, 0xdedb,
	0xdedb, 0xdedb, 0xdedb, 0xdedb, 0xdedb, 0xdedb, 0xdedb, 0xdedb, 0xdedb, 0xdedb, 0xdedb, 0xdedb, 0xdedb, 0xdedb, 0xdedb, 0xdedb,
	0xdedb, 0xdedb, 0xdedb, 0xdedb, 0xdedb, 0xdedb, 0xdedb, 0xdedb, 0xdedb, 0xdedb, 0xdedb, 0xdedb, 0xdedb, 0xdedb, 0xdedb, 0xdedb,
	0xdedb, 0xdedb, 0xdedb, 0xdedb, 0xdedb, 0xdedb, 0xdedb, 0xdedb, 0xdedb, 0xdedb, 0xe73c, 0xad55, 0x0000, 0x0000, 0x73ae, 0xef5d,
	0xdedb, 0xdedb, 0xdedb, 0xdedb, 0xdedb, 0xdedb, 0xef5d, 0x9cf3, 0x0000, 0x0000, 0x2965, 0xdedb, 0xdefb, 0xdedb, 0xdedb, 0xdedb,
	0xdedb, 0xdedb, 0xdedb, 0xdedb, 0xdedb, 0xdedb, 0xdedb, 0xdedb, 0xdedb, 0xdedb, 0xdedb, 0xdedb, 0xdedb, 0xdedb, 0xdedb, 0xdedb,
	0xdedb, 0xdedb, 0xdedb, 0xdedb, 0xdedb, 0xdedb, 0xdedb, 0xdedb, 0xdedb, 0xdedb, 0xdedb, 0xdedb, 0xdedb, 0xdedb, 0xdedb, 0xdedb,
	0xdedb, 0xdedb, 0xdedb, 0xdedb, 0xdedb, 0xdedb, 0xdedb, 0xdedb, 0xdedb, 0xdedb, 0xdedb, 0xdedb, 0xdedb, 0xdedb, 0xdedb, 0xce79,
	0xdedb, 0xdedb, 0xdedb, 0xdedb, 0xdedb, 0xdedb, 0xdedb, 0xdedb, 0xdedb, 0xdedb, 0xdedb, 0xdedb, 0xdedb, 0xdedb, 0xdedb, 0xdedb,
	0xdedb, 0xdedb, 0xdedb, 0xdedb, 0xdedb, 0xdedb, 0xdedb, 0xdedb, 0xdedb, 0xdedb, 0xdedb, 0xdedb, 0xdedb, 0xdedb, 0xdedb, 0xdedb,
	0xdedb, 0xdedb, 0xdedb, 0xdedb, 0xdedb, 0xdedb, 0xdedb, 0xdedb, 0xdedb, 0xdedb, 0xdedb, 0xdedb, 0xdedb, 0xdedb, 0xdedb, 0xdedb,
	0xdedb, 0xdedb, 0xe73c, 0xa534, 0x0000, 0x0000, 0x6b6d, 0xef5d, 0xdedb, 0xdedb, 0xdedb, 0xdedb, 0xdedb, 0xdedb, 0xdedb, 0xe73c,
	0x4208, 0x0000, 0x0000, 0x6b4d, 0xe73c, 0xdedb, 0xdedb, 0xdedb, 0xdedb, 0xdedb, 0xdedb, 0xdedb, 0xdedb, 0xdedb, 0xdedb, 0xdedb,
	0xdedb, 0xdedb, 0xdedb, 0xdedb, 0xdedb, 0xdedb, 0xdedb, 0xdedb, 0xdedb, 0xdedb, 0xdedb, 0xdedb, 0xdedb, 0xdedb, 0xdedb, 0xdedb,
	0xdedb, 0xdedb, 0xdedb, 0xdedb, 0xdedb, 0xdedb, 0xdedb, 0xdedb, 0xdedb, 0xdedb, 0xdedb, 0xdedb, 0xdedb, 0xdedb, 0xdedb, 0xdedb,
	0xdedb, 0xdedb, 0xdedb, 0xdedb, 0xdedb, 0xdedb, 0xdedb, 0xce79, 0xdedb, 0xdedb, 0xdedb, 0xdedb, 0xdedb, 0xdedb, 0xdedb, 0xdedb,
	0xdedb, 0xdedb, 0xdedb, 0xdedb, 0xdedb, 0xdedb, 0xdedb, 0xdedb, 0xdedb, 0xdedb, 0xdedb, 0xdedb, 0xdedb, 0xdedb, 0xdedb, 0xdedb,
	0xdedb, 0xdedb, 0xdedb, 0xdedb, 0xdedb, 0xdedb, 0xdedb, 0xdedb, 0xdedb, 0xdedb, 0xdedb, 0xdedb, 0xdedb, 0xdedb, 0xdedb, 0xdedb,
	0xdedb, 0xdedb, 0xdedb, 0xdedb, 0xdedb, 0xdedb, 0xdedb, 0xdedb, 0xdedb, 0xdedb, 0xdefb, 0xc638, 0x7bef, 0x7bef, 0xad75, 0xdefb,
	0xdedb, 0xdedb, 0xdedb, 0xdedb, 0xdedb, 0xdedb, 0xdedb, 0xe71c, 0xc618, 0x7bef, 0x7bef, 0x8c71, 0xdedb, 0xdedb, 0xdedb, 0xdedb,
	0xdedb, 0xdedb, 0xdedb, 0xdedb, 0xdedb, 0xdedb, 0xdedb, 0xdedb, 0xdedb, 0xdedb, 0xdedb, 0xdedb, 0xdedb, 0xdedb, 0xdedb, 0xdedb,
	0xdedb, 0xdedb, 0xdedb, 0xdedb, 0xdedb, 0xdedb, 0xdedb, 0xdedb, 0xdedb, 0xdedb, 0xdedb, 0xdedb, 0xdedb, 0xdedb, 0xdedb, 0xdedb,
	0xdedb, 0xdedb, 0xdedb, 0xdedb, 0xdedb, 0xdedb, 0xdedb, 0xdedb, 0xdedb, 0xdedb, 0xdedb, 0xdedb, 0xdedb, 0xdedb, 0xdedb, 0xce79,
	0xdedb, 0xdedb, 0xdedb, 0xdedb, 0xdedb, 0xdedb, 0xdedb, 0xdedb, 0xdedb, 0xdedb, 0xdedb, 0xdedb, 0xdedb, 0xdedb, 0xdedb, 0xdedb,
	0xdedb, 0xdedb, 0xdedb, 0xdedb, 0xdedb, 0xdedb, 0xdedb, 0xdedb, 0xdedb, 0xdedb, 0xdedb, 0xdedb, 0xdedb, 0xdedb, 0xdedb, 0xdedb,
	0xdedb, 0xdedb, 0xdedb, 0xdedb, 0xdedb, 0xdedb, 0xdedb, 0xdedb, 0xdedb, 0xdedb, 0xdedb, 0xdedb, 0xdedb, 0xdedb, 0xdedb, 0xdedb,
	0xdedb, 0xdedb, 0xdedb, 0xdefb, 0xef5d, 0xef5d, 0xe71c, 0xdedb, 0xdedb, 0xdedb, 0xdedb, 0xdedb, 0xdedb, 0xdedb, 0xdedb, 0xdedb,
	0xdefb, 0xef5d, 0xef5d, 0xe73c, 0xdedb, 0xdedb, 0xdedb, 0xdedb, 0xdedb, 0xdedb, 0xdedb, 0xdedb, 0xdedb, 0xdedb, 0xdedb, 0xdedb,
	0xdedb, 0xdedb, 0xdedb, 0xdedb, 0xdedb, 0xdedb, 0xdedb, 0xdedb, 0xdedb, 0xdedb, 0xdedb, 0xdedb, 0xdedb, 0xdedb, 0xdedb, 0xdedb,
	0xdedb, 0xdedb, 0xdedb, 0xdedb, 0xdedb, 0xdedb, 0xdedb, 0xdedb, 0xdedb, 0xdedb, 0xdedb, 0xdedb, 0xdedb, 0xdedb, 0xdedb, 0xdedb,
	0xdedb, 0xdedb, 0xdedb, 0xdedb, 0xdedb, 0xdedb, 0xdedb, 0xce79, 0xdedb, 0xdedb, 0xdedb, 0xdedb, 0xdedb, 0xdedb, 0xdedb, 0xdedb,
	0xdedb, 0xdedb, 0xdedb, 0xdedb, 0xdedb, 0xdedb, 0xdedb, 0xdedb, 0xdedb, 0xdedb, 0xdedb, 0xdedb, 0xdedb, 0xdedb, 0xdedb, 0xdedb,
	0xdedb, 0xdedb, 0xdedb, 0xdedb, 0xdedb, 0xdedb, 0xdedb, 0xdedb, 0xdedb, 0xdedb, 0xdedb, 0xdedb, 0xdedb, 0xdedb, 0xdedb, 0xdedb,
	0xdedb, 0xdedb, 0xdedb, 0xdedb, 0xdedb, 0xdedb, 0xdedb, 0xdedb, 0xdedb, 0xdedb, 0xdedb, 0xdedb, 0xdedb, 0xdedb, 0xdedb, 0xdedb,
	0xdedb, 0xdedb, 0xdedb, 0xdedb, 0xdedb, 0xdedb, 0xdedb, 0xdedb, 0xdedb, 0xdedb, 0xdedb, 0xdedb, 0xdedb, 0xdedb, 0xdedb, 0xdedb,
	0xdedb, 0xdedb, 0xdedb, 0xdedb, 0xdedb, 0xdedb, 0xdedb, 0xdedb, 0xdedb, 0xdedb, 0xdedb, 0xdedb, 0xdedb, 0xdedb, 0xdedb, 0xdedb,
	0xdedb, 0xdedb, 0xdedb, 0xdedb, 0xdedb, 0xdedb, 0xdedb, 0xdedb, 0xdedb, 0xdedb, 0xdedb, 0xdedb, 0xdedb, 0xdedb, 0xdedb, 0xdedb,
	0xdedb, 0xdedb, 0xdedb, 0xdedb, 0xdedb, 0xdedb, 0xdedb, 0xdedb, 0xdedb, 0xdedb, 0xdedb, 0xdedb, 0xdedb, 0xdedb, 0xdedb, 0xce79,
	0xdedb, 0xdedb, 0xdedb, 0xdedb, 0xdedb, 0xdedb, 0xdedb, 0xdedb, 0xdedb, 0xdedb, 0xdedb, 0xdedb, 0xdedb, 0xdedb, 0xdedb, 0xdedb,
	0xdedb, 0xdedb, 0xdedb, 0xdedb, 0xdedb, 0xdedb, 0xdedb, 0xdedb, 0xdedb, 0xdedb, 0xdedb, 0xdedb, 0xdedb, 0xdedb, 0xdedb, 0xdedb,
	0xdedb, 0xdedb, 0xdedb, 0xdedb, 0xdedb, 0xdedb, 0xdedb, 0xdedb, 0xdedb, 0xdedb, 0xdedb, 0xdedb, 0xdedb, 0xdedb, 0xdedb, 0xdedb,
	0xdedb, 0xdedb, 0xdedb, 0xdedb, 0xdedb, 0xdedb, 0xdedb, 0xdedb, 0xdedb, 0xdedb, 0xdedb, 0xdedb, 0xdedb, 0xdedb, 0xdedb, 0xdedb,
	0xdedb, 0xdedb, 0xdedb, 0xdedb, 0xdedb, 0xdedb, 0xdedb, 0xdedb, 0xdedb, 0xdedb, 0xdedb, 0xdedb, 0xdedb, 0xdedb, 0xdedb, 0xdedb,
	0xdedb, 0xdedb, 0xdedb, 0xdedb, 0xdedb, 0xdedb, 0xdedb, 0xdedb, 0xdedb, 0xdedb, 0xdedb, 0xdedb, 0xdedb, 0xdedb, 0xdedb, 0xdedb,
	0xdedb, 0xdedb, 0xdedb, 0xdedb, 0xdedb, 0xdedb, 0xdedb, 0xdedb, 0xdedb, 0xdedb, 0xdedb, 0xdedb, 0xdedb, 0xdedb, 0xdedb, 0xdedb,
	0xdedb, 0xdedb, 0xdedb, 0xdedb, 0xdedb, 0xdedb, 0xdedb, 0xce79, 0xdedb, 0xdedb, 0xdedb, 0xdedb, 0xdedb, 0xdedb, 0xdedb, 0xdedb,
	0xdedb, 0xdedb, 0xdedb, 0xdedb, 0xdedb, 0xdedb, 0xdedb, 0xdedb, 0xdedb, 0xdedb, 0xdedb, 0xdedb, 0xdedb, 0xdedb, 0xdedb, 0xdedb,
	0xdedb, 0xdedb, 0xdedb, 0xdedb, 0xdedb, 0xdedb, 0xdedb, 0xdedb, 0xdedb, 0xdedb, 0xdedb, 0xdedb, 0xdedb, 0xdedb, 0xdedb, 0xdedb,
	0xdedb, 0xdedb, 0xdedb, 0xdedb, 0xdedb, 0xdedb, 0xdedb, 0xdedb, 0xdedb, 0xdedb, 0xdedb, 0xdedb, 0xdedb, 0xdedb, 0xdedb, 0xdedb,
	0xdedb, 0xdedb, 0xdedb, 0xdedb, 0xdedb, 0xdedb, 0xdedb, 0xdedb, 0xdedb, 0xdedb, 0xdedb, 0xdedb, 0xdedb, 0xdedb, 0xdedb, 0xdedb,
	0xdedb, 0xdedb, 0xdedb, 0xdedb, 0xdedb, 0xdedb, 0xdedb, 0xdedb, 0xdedb, 0xdedb, 0xdedb, 0xdedb, 0xdedb, 0xdedb, 0xdedb, 0xdedb,
	0xdedb, 0xdedb, 0xdedb, 0xdedb, 0xdedb, 0xdedb, 0xdedb, 0xdedb, 0xdedb, 0xdedb, 0xdedb, 0xdedb, 0xdedb, 0xdedb, 0xdedb, 0xdedb,
	0xdedb, 0xdedb, 0xdedb, 0xdedb, 0xdedb, 0xdedb, 0xdedb, 0xdedb, 0xdedb, 0xdedb, 0xdedb, 0xdedb, 0xdedb, 0xdedb, 0xdedb, 0xce79,
	0xdedb, 0xdedb, 0xdedb, 0xdedb, 0xdedb, 0xdedb, 0xdedb, 0xdedb, 0xdedb, 0xdedb, 0xdedb, 0xdedb, 0xdedb, 0xdedb, 0xdedb, 0xdedb,
	0xdedb, 0xdedb, 0xdedb, 0xdedb, 0xdedb, 0xdedb, 0xdedb, 0xdedb, 0xdedb, 0xdedb, 0xdedb, 0xdedb, 0xdedb, 0xdedb, 0xdedb, 0xdedb,
	0xdedb, 0xdedb, 0xdedb, 0xdedb, 0xdedb, 0xdedb, 0xdedb, 0xdedb, 0xdedb, 0xdedb, 0xdedb, 0xdedb, 0xdedb, 0xdedb, 0xdedb, 0xdedb,
	0xdedb, 0xdedb, 0xdedb, 0xdedb, 0xdedb, 0xdedb, 0xdedb, 0xdedb, 0xdedb, 0xdedb, 0xdedb, 0xdedb, 0xdedb, 0xdedb, 0xdedb, 0xdedb,
	0xdedb, 0xdedb, 0xdedb, 0xdedb, 0xdedb, 0xdedb, 0xdedb, 0xdedb, 0xdedb, 0xdedb, 0xdedb, 0xdedb, 0xdedb, 0xdedb, 0xdedb, 0xdedb,
	0xdedb, 0xdedb, 0xdedb, 0xdedb, 0xdedb, 0xdedb, 0xdedb, 0xdedb, 0xdedb, 0xdedb, 0xdedb, 0xdedb, 0xdedb, 0xdedb, 0xdedb, 0xdedb,
	0xdedb, 0xdedb, 0xdedb, 0xdedb, 0xdedb, 0xdedb, 0xdedb, 0xdedb, 0xdedb, 0xdedb, 0xdedb, 0xdedb, 0xdedb, 0xdedb, 0xdedb, 0xdedb,
	0xdedb, 0xdedb, 0xdedb, 0xdedb, 0xdedb, 0xdedb, 0xdedb, 0xce79, 0xdedb, 0xdedb, 0xdedb, 0xdedb, 0xdedb, 0xdedb, 0xdedb, 0xdedb,
	0xdedb, 0xdedb, 0xdedb, 0xdedb, 0xdedb, 0xdedb, 0xdedb, 0xdedb, 0xdedb, 0xdedb, 0xdedb, 0xdedb, 0xdedb, 0xdedb, 0xdedb, 0xdedb,
	0xdedb, 0xdedb, 0xdedb, 0xdedb, 0xdedb, 0xdedb, 0xdedb, 0xdedb, 0xdedb, 0xdedb, 0xdedb, 0xdedb, 0xdedb, 0xdedb, 0xdedb, 0xdedb,
	0xdedb, 0xdedb, 0xdedb, 0xdedb, 0xdedb, 0xdedb, 0xdedb, 0xdedb, 0xdedb, 0xdedb, 0xdedb, 0xdedb, 0xdedb, 0xdedb, 0xdedb, 0xdedb,
	0xdedb, 0xdedb, 0xdedb, 0xdedb, 0xdedb, 0xdedb, 0xdedb, 0xdedb, 0xdedb, 0xdedb, 0xdedb, 0xdedb, 0xdedb, 0xdedb, 0xdedb, 0xdedb,
	0xdedb, 0xdedb, 0xdedb, 0xdedb, 0xdedb, 0xdedb, 0xdedb, 0xdedb, 0xdedb, 0xdedb, 0xdedb, 0xdedb, 0xdedb, 0xdedb, 0xdedb, 0xdedb,
	0xdedb, 0xdedb, 0xdedb, 0xdedb, 0xdedb, 0xdedb, 0xdedb, 0xdedb, 0xdedb, 0xdedb, 0xdedb, 0xdedb, 0xdedb, 0xdedb, 0xdedb, 0xdedb,
	0xdedb, 0xdedb, 0xdedb, 0xdedb, 0xdedb, 0xdedb, 0xdedb, 0xdedb, 0xdedb, 0xdedb, 0xdedb, 0xdedb, 0xdedb, 0xdedb, 0xdedb, 0xce79,
	0xdedb, 0xdedb, 0xdedb, 0xdedb, 0xdedb, 0xdedb, 0xdedb, 0xdedb, 0xdedb, 0xdedb, 0xdedb, 0xdedb, 0xdedb, 0xdedb, 0xdedb, 0xdedb,
	0xdedb, 0xdedb, 0xdedb, 0xdedb, 0xdedb, 0xdedb, 0xdedb, 0xdedb, 0xdedb, 0xdedb, 0xdedb, 0xdedb, 0xdedb, 0xdedb, 0xdedb, 0xdedb,
	0xdedb, 0xdedb, 0xdedb, 0xdedb, 0xdedb, 0xdedb, 0xdedb, 0xdedb, 0xdedb, 0xdedb, 0xdedb, 0xdedb, 0xdedb, 0xdedb, 0xdedb, 0xdedb,
	0xdedb, 0xdedb, 0xdedb, 0xdedb, 0xdedb, 0xdedb, 0xdedb, 0xdedb, 0xdedb, 0xdedb, 0xdedb, 0xdedb, 0xdedb, 0xdedb, 0xdedb, 0xdedb,
	0xdedb, 0xdedb, 0xdedb, 0xdedb, 0xdedb, 0xdedb, 0xdedb, 0xdedb, 0xdedb, 0xdedb, 0xdedb, 0xdedb, 0xdedb, 0xdedb, 0xdedb, 0xdedb,
	0xdedb, 0xdedb, 0xdedb, 0xdedb, 0xdedb, 0xdedb, 0xdedb, 0xdedb, 0xdedb, 0xdedb, 0xdedb, 0xdedb, 0xdedb, 0xdedb, 0xdedb, 0xdedb,
	0xdedb, 0xdedb, 0xdedb, 0xdedb, 0xdedb, 0xdedb, 0xdedb, 0xdedb, 0xdedb, 0xdedb, 0xdedb, 0xdedb, 0xdedb, 0xdedb, 0xdedb, 0xdedb,
	0xdedb, 0xdedb, 0xdedb, 0xdedb, 0xdedb, 0xdedb, 0xdedb, 0xce79, 0xdedb, 0xdedb, 0xdedb, 0xdedb, 0xdedb, 0xdedb, 0xdedb, 0xdedb,
	0xdedb, 0xdedb, 0xdedb, 0xdedb, 0xdedb, 0xdedb, 0xdedb, 0xdedb, 0xdedb, 0xdedb, 0xdedb, 0xdedb, 0xdedb, 0xdedb, 0xdedb, 0xdedb,
	0xdedb, 0xdedb, 0xdedb, 0xdedb, 0xdedb, 0xdedb, 0xdedb, 0xdedb, 0xdedb, 0xdedb, 0xdedb, 0xdedb, 0xdedb, 0xdedb, 0xdedb, 0xdedb,
	0xdedb, 0xdedb, 0xdedb, 0xdedb, 0xdedb, 0xdedb, 0xdedb, 0xdedb, 0xdedb, 0xdedb, 0xdedb, 0xdedb, 0xdedb, 0xdedb, 0xdedb, 0xdedb,
	0xdedb, 0xdedb, 0xdedb, 0xdedb, 0xdedb, 0xdedb, 0xdedb, 0xdedb, 0xdedb, 0xdedb, 0xdedb, 0xdedb, 0xdedb, 0xdedb, 0xdedb, 0xdedb,
	0xdedb, 0xdedb, 0xdedb, 0xdedb, 0xdedb, 0xdedb, 0xdedb, 0xdedb, 0xdedb, 0xdedb, 0xdedb, 0xdedb, 0xdedb, 0xdedb, 0xdedb, 0xdedb,
	0xdedb, 0xdedb, 0xdedb, 0xdedb, 0xdedb, 0xdedb, 0xdedb, 0xdedb, 0xdedb, 0xdedb, 0xdedb, 0xdedb, 0xdedb, 0xdedb, 0xdedb, 0xdedb,
	0xdedb, 0xdedb, 0xdedb, 0xdedb, 0xdedb, 0xdedb, 0xdedb, 0xdedb, 0xdedb, 0xdedb, 0xdedb, 0xdedb, 0xdedb, 0xdedb, 0xdedb, 0xce79,
	0xdedb, 0xdedb, 0xdedb, 0xdedb, 0xdedb, 0xdedb, 0xdedb, 0xdedb, 0xdedb, 0xdedb, 0xdedb, 0xdedb, 0xdedb, 0xdedb, 0xdedb, 0xdedb,
	0xdedb, 0xdedb, 0xdedb, 0xdedb, 0xdedb, 0xdedb, 0xdedb, 0xdedb, 0xdedb, 0xdedb, 0xdedb, 0xdedb, 0xdedb, 0xdedb, 0xdedb, 0xdedb,
	0xdedb, 0xdedb, 0xdedb, 0xdedb, 0xdedb, 0xdedb, 0xdedb, 0xdedb, 0xdedb, 0xdedb, 0xdedb, 0xdedb, 0xdedb, 0xdedb, 0xdedb, 0xdedb,
	0xdedb, 0xdedb, 0xdedb, 0xdedb, 0xdedb, 0xdedb, 0xdedb, 0xdedb, 0xdedb, 0xdedb, 0xdedb, 0xdedb, 0xdedb, 0xdedb, 0xdedb, 0xdedb,
	0xdedb, 0xdedb, 0xdedb, 0xdedb, 0xdedb, 0xdedb, 0xdedb, 0xdedb, 0xdedb, 0xdedb, 0xdedb, 0xdedb, 0xdedb, 0xdedb, 0xdedb, 0xdedb,
	0xdedb, 0xdedb, 0xdedb, 0xdedb, 0xdedb, 0xdedb, 0xdedb, 0xdedb, 0xdedb, 0xdedb, 0xdedb, 0xdedb, 0xdedb, 0xdedb, 0xdedb, 0xdedb,
	0xdedb, 0xdedb, 0xdedb, 0xdedb, 0xdedb, 0xdedb, 0xdedb, 0xdedb, 0xdedb, 0xdedb, 0xdedb, 0xdedb, 0xdedb, 0xdedb, 0xdedb, 0xdedb,
	0xdedb, 0xdedb, 0xdedb, 0xdedb, 0xdedb, 0xdedb, 0xdedb, 0xce79, 0xdedb, 0xdedb, 0xdedb, 0xdedb, 0xdedb, 0xdedb, 0xdedb, 0xdedb,
	0xdedb, 0xdedb, 0xdedb, 0xdedb, 0xdedb, 0xdedb, 0xdedb, 0xdedb, 0xdedb, 0xdedb, 0xdedb, 0xdedb, 0xdedb, 0xdedb, 0xdedb, 0xdedb,
	0xdedb, 0xdedb, 0xdedb, 0xdedb, 0xdedb, 0xdedb, 0xdedb, 0xdedb, 0xdedb, 0xdedb, 0xdedb, 0xdedb, 0xdedb, 0xdedb, 0xdedb, 0xdedb,
	0xdedb, 0xdedb, 0xdedb, 0xdedb, 0xdedb, 0xdedb, 0xdedb, 0xdedb, 0xdedb, 0xdedb, 0xdedb, 0xdedb, 0xdedb, 0xdedb, 0xdedb, 0xdedb,
	0xdedb, 0xdedb, 0xdedb, 0xdedb, 0xdedb, 0xdedb, 0xdedb, 0xdedb, 0xdedb, 0xdedb, 0xdedb, 0xdedb, 0xdedb, 0xdedb, 0xdedb, 0xdedb,
	0xdedb, 0xdedb, 0xdedb, 0xdedb, 0xdedb, 0xdedb, 0xdedb, 0xdedb, 0xdedb, 0xdedb, 0xdedb, 0xdedb, 0xdedb, 0xdedb, 0xdedb, 0xdedb,
	0xdedb, 0xdedb, 0xdedb, 0xdedb, 0xdedb, 0xdedb, 0xdedb, 0xdedb, 0xdedb, 0xdedb, 0xdedb, 0xdedb, 0xdedb, 0xdedb, 0xdedb, 0xdedb,
	0xdedb, 0xdedb, 0xdedb, 0xdedb, 0xdedb, 0xdedb, 0xdedb, 0xdedb, 0xdedb, 0xdedb, 0xdedb, 0xdedb, 0xdedb, 0xdedb, 0xdedb, 0xce79,
	0xdedb, 0xdedb, 0xdedb, 0xdedb, 0xdedb, 0xdedb, 0xdedb, 0xdedb, 0xdedb, 0xdedb, 0xdedb, 0xdedb, 0xdedb, 0xdedb, 0xdedb, 0xdedb,
	0xdedb, 0xdedb, 0xdedb, 0xdedb, 0xdedb, 0xdedb, 0xdedb, 0xdedb, 0xdedb, 0xdedb, 0xdedb, 0xdedb, 0xdedb, 0xdedb, 0xdedb, 0xdedb,
	0xdedb, 0xdedb, 0xdedb, 0xdedb, 0xdedb, 0xdedb, 0xdedb, 0xdedb, 0xdedb, 0xdedb, 0xdedb, 0xdedb, 0xdedb, 0xdedb, 0xdedb, 0xdedb,
	0xdedb, 0xdedb, 0xdedb, 0xdedb, 0xdedb, 0xdedb, 0xdedb, 0xdedb, 0xdedb, 0xdedb, 0xdedb, 0xdedb, 0xdedb, 0xdedb, 0xdedb, 0xdedb,
	0xdedb, 0xdedb, 0xdedb, 0xdedb, 0xdedb, 0xdedb, 0xdedb, 0xdedb, 0xdedb, 0xdedb, 0xdedb, 0xdedb, 0xdedb, 0xdedb, 0xdedb, 0xdedb,
	0xdedb, 0xdedb, 0xdedb, 0xdedb, 0xdedb, 0xdedb, 0xdedb, 0xdedb, 0xdedb, 0xdedb, 0xdedb, 0xdedb, 0xdedb, 0xdedb, 0xdedb, 0xdedb,
	0xdedb, 0xdedb, 0xdedb, 0xdedb, 0xdedb, 0xdedb, 0xdedb, 0xdedb, 0xdedb, 0xdedb, 0xdedb, 0xdedb, 0xdedb, 0xdedb, 0xdedb, 0xdedb,
	0xdedb, 0xdedb, 0xdedb, 0xdedb, 0xdedb, 0xdedb, 0xdedb, 0xce79, 0xdedb, 0xdedb, 0xdedb, 0xdedb, 0xdedb, 0xdedb, 0xdedb, 0xdedb,
	0xdedb, 0xdedb, 0xdedb, 0xdedb, 0xdedb, 0xdedb, 0xdedb, 0xdedb, 0xdedb, 0xdedb, 0xdedb, 0xdedb, 0xdedb, 0xdedb, 0xdedb, 0xdedb,
	0xdedb, 0xdedb, 0xdedb, 0xdedb, 0xdedb, 0xdedb, 0xdedb, 0xdedb, 0xdedb, 0xdedb, 0xdedb, 0xdedb, 0xdedb, 0xdedb, 0xdedb, 0xdedb,
	0xdedb, 0xdedb, 0xdedb, 0xdedb, 0xdedb, 0xdedb, 0xdedb, 0xdedb, 0xdedb, 0xdedb, 0xdedb, 0xdedb, 0xdedb, 0xdedb, 0xdedb, 0xdedb,
	0xdedb, 0xdedb, 0xdedb, 0xdedb, 0xdedb, 0xdedb, 0xdedb, 0xdedb, 0xdedb, 0xdedb, 0xdedb, 0xdedb, 0xdedb, 0xdedb, 0xdedb, 0xdedb,
	0xdedb, 0xdedb, 0xdedb, 0xdedb, 0xdedb, 0xdedb, 0xdedb, 0xdedb, 0xdedb, 0xdedb, 0xdedb, 0xdedb, 0xdedb, 0xdedb, 0xdedb, 0xdedb,
	0xdedb, 0xdedb, 0xdedb, 0xdedb, 0xdedb, 0xdedb, 0xdedb, 0xdedb, 0xdedb, 0xdedb, 0xdedb, 0xdedb, 0xdedb, 0xdedb, 0xdedb, 0xdedb,
	0xdedb, 0xdedb, 0xdedb, 0xdedb, 0xdedb, 0xdedb, 0xdedb, 0xdedb, 0xdedb, 0xdedb, 0xdedb, 0xdedb, 0xdedb, 0xdedb, 0xdedb, 0xce79,
	0xdedb, 0xdedb, 0xdedb, 0xdedb, 0xdedb, 0xdedb, 0xdedb, 0xdedb, 0xdedb, 0xdedb, 0xdedb, 0xdedb, 0xdedb, 0xdedb, 0xdedb, 0xdedb,
	0xdedb, 0xdedb, 0xdedb, 0xdedb, 0xdedb, 0xdedb, 0xdedb, 0xdedb, 0xdedb, 0xdedb, 0xdedb, 0xdedb, 0xdedb, 0xdedb, 0xdedb, 0xdedb,
	0xdedb, 0xdedb, 0xdedb, 0xdedb, 0xdedb, 0xdedb, 0xdedb, 0xdedb, 0xdedb, 0xdedb, 0xdedb, 0xdedb, 0xdedb, 0xdedb, 0xdedb, 0xdedb,
	0xdedb, 0xdedb, 0xdedb, 0xdedb, 0xdedb, 0xdedb, 0xdedb, 0xdedb, 0xdedb, 0xdedb, 0xdedb, 0xdedb, 0xdedb, 0xdedb, 0xdedb, 0xdedb,
	0xdedb, 0xdedb, 0xdedb, 0xdedb, 0xdedb, 0xdedb, 0xdedb, 0xdedb, 0xdedb, 0xdedb, 0xdedb, 0xdedb, 0xdedb, 0xdedb, 0xdedb, 0xdedb,
	0xdedb, 0xdedb, 0xdedb, 0xdedb, 0xdedb, 0xdedb, 0xdedb, 0xdedb, 0xdedb, 0xdedb, 0xdedb, 0xdedb, 0xdedb, 0xdedb, 0xdedb, 0xdedb,
	0xdedb, 0xdedb, 0xdedb, 0xdedb, 0xdedb, 0xdedb, 0xdedb, 0xdedb, 0xdedb, 0xdedb, 0xdedb, 0xdedb, 0xdedb, 0xdedb, 0xdedb, 0xdedb,
	0xdedb, 0xdedb, 0xdedb, 0xdedb, 0xdedb, 0xdedb, 0xdedb, 0xce79, 0xdedb, 0xdedb, 0xdedb, 0xdedb, 0xdedb, 0xdedb, 0xdedb, 0xdedb,
	0xdedb, 0xdedb, 0xdedb, 0xdedb, 0xdedb, 0xdedb, 0xdedb, 0xdedb, 0xdedb, 0xdedb, 0xdedb, 0xdedb, 0xdedb, 0xdedb, 0xdedb, 0xdedb,
	0xdedb, 0xdedb, 0xdedb, 0xdedb, 0xdedb, 0xdedb, 0xdedb, 0xdedb, 0xdedb, 0xdedb, 0xdedb, 0xdedb, 0xdedb, 0xdedb, 0xdedb, 0xdedb,
	0xdedb, 0xdedb, 0xdedb, 0xdedb, 0xdedb, 0xdedb, 0xdedb, 0xdedb, 0xdedb, 0xdedb, 0xdedb, 0xdedb, 0xdedb, 0xdedb, 0xdedb, 0xdedb,
	0xdedb, 0xdedb, 0xdedb, 0xdedb, 0xdedb, 0xdedb, 0xdedb, 0xdedb, 0xdedb, 0xdedb, 0xdedb, 0xdedb, 0xdedb, 0xdedb, 0xdedb, 0xdedb,
	0xdedb, 0xdedb, 0xdedb, 0xdedb, 0xdedb, 0xdedb, 0xdedb, 0xdedb, 0xdedb, 0xdedb, 0xdedb, 0xdedb, 0xdedb, 0xdedb, 0xdedb, 0xdedb,
	0xdedb, 0xdedb, 0xdedb, 0xdedb, 0xdedb, 0xdedb, 0xdedb, 0xdedb, 0xdedb, 0xdedb, 0xdedb, 0xdedb, 0xdedb, 0xdedb, 0xdedb, 0xdedb,
	0xdedb, 0xdedb, 0xdedb, 0xdedb, 0xdedb, 0xdedb, 0xdedb, 0xdedb, 0xdedb, 0xdedb, 0xdedb, 0xdedb, 0xdedb, 0xdedb, 0xdedb, 0xce79,
	0xdedb, 0xdedb, 0xdedb, 0xdedb, 0xdedb, 0xdedb, 0xdedb, 0xdedb, 0xdedb, 0xdedb, 0xdedb, 0xdedb, 0xdedb, 0xdedb, 0xdedb, 0xdedb,
	0xdedb, 0xdedb, 0xdedb, 0xdedb, 0xdedb, 0xdedb, 0xdedb, 0xdedb, 0xdedb, 0xdedb, 0xdedb, 0xdedb, 0xdedb, 0xdedb, 0xdedb, 0xdedb,
	0xdedb, 0xdedb, 0xdedb, 0xdedb, 0xdedb, 0xdedb, 0xdedb, 0xdedb, 0xdedb, 0xdedb, 0xdedb, 0xdedb, 0xdedb, 0xdedb, 0xdedb, 0xdedb,
	0xdedb, 0xdedb, 0xdedb, 0xdedb, 0xdedb, 0xdedb, 0xdedb, 0xdedb, 0xdedb, 0xdedb, 0xdedb, 0xdedb, 0xdedb, 0xdedb, 0xdedb, 0xdedb,
	0xdedb, 0xdedb, 0xdedb, 0xdedb, 0xdedb, 0xdedb, 0xdedb, 0xdedb, 0xdedb, 0xdedb, 0xdedb, 0xdedb, 0xdedb, 0xdedb, 0xdedb, 0xdedb,
	0xdedb, 0xdedb, 0xdedb, 0xdedb, 0xdedb, 0xdedb, 0xdedb, 0xdedb, 0xdedb, 0xdedb, 0xdedb, 0xdedb, 0xdedb, 0xdedb, 0xdedb, 0xdedb,
	0xdedb, 0xdedb, 0xdedb, 0xdedb, 0xdedb, 0xdedb, 0xdedb, 0xdedb, 0xdedb, 0xdedb, 0xdedb, 0xdedb, 0xdedb, 0xdedb, 0xdedb, 0xdedb,
	0xdedb, 0xdedb, 0xdedb, 0xdedb, 0xdedb, 0xdedb, 0xdedb, 0xce79, 0xdedb, 0xdedb, 0xdedb, 0xdedb, 0xdedb, 0xdedb, 0xdedb, 0xdedb,
	0xdedb, 0xdedb, 0xdedb, 0xdedb, 0xdedb, 0xdedb, 0xdedb, 0xdedb, 0xdedb, 0xdedb, 0xdedb, 0xdedb, 0xdedb, 0xdedb, 0xdedb, 0xdedb,
	0xdedb, 0xdedb, 0xdedb, 0xdedb, 0xdedb, 0xdedb, 0xdedb, 0xdedb, 0xdedb, 0xdedb, 0xdedb, 0xdedb, 0xdedb, 0xdedb, 0xdedb, 0xdedb,
	0xdedb, 0xdedb, 0xdedb, 0xdedb, 0xdedb, 0xdedb, 0xdedb, 0xdedb, 0xdedb, 0xdedb, 0xdedb, 0xdedb, 0xdedb, 0xdedb, 0xdedb, 0xdedb,
	0xdedb, 0xdedb, 0xdedb, 0xdedb, 0xdedb, 0xdedb, 0xdedb, 0xdedb, 0xdedb, 0xdedb, 0xdedb, 0xdedb, 0xdedb, 0xdedb, 0xdedb, 0xdedb,
	0xdedb, 0xdedb, 0xdedb, 0xdedb, 0xdedb, 0xdedb, 0xdedb, 0xdedb, 0xdedb, 0xdedb, 0xdedb, 0xdedb, 0xdedb, 0xdedb, 0xdedb, 0xdedb,
	0xdedb, 0xdedb, 0xdedb, 0xdedb, 0xdedb, 0xdedb, 0xdedb, 0xdedb, 0xdedb, 0xdedb, 0xdedb, 0xdedb, 0xdedb, 0xdedb, 0xdedb, 0xdedb,
	0xdedb, 0xdedb, 0xdedb, 0xdedb, 0xdedb, 0xdedb, 0xdedb, 0xdedb, 0xdedb, 0xdedb, 0xdedb, 0xdedb, 0xdedb, 0xdedb, 0xdedb, 0xce79,
	0xdedb, 0xdedb, 0xdedb, 0xdedb, 0xdedb, 0xdedb, 0xdedb, 0xdedb, 0xdedb, 0xdedb, 0xdedb, 0xdedb, 0xdedb, 0xdedb, 0xdedb, 0xdedb,
	0xdedb, 0xdedb, 0xdedb, 0xdedb, 0xdedb, 0xdedb, 0xdedb, 0xdedb, 0xdedb, 0xdedb, 0xdedb, 0xdedb, 0xdedb, 0xdedb, 0xdedb, 0xdedb,
	0xdedb, 0xdedb, 0xdedb, 0xdedb, 0xdedb, 0xdedb, 0xdedb, 0xdedb, 0xdedb, 0xdedb, 0xdedb, 0xdedb, 0xdedb, 0xdedb, 0xdedb, 0xdedb,
	0xdedb, 0xdedb, 0xdedb, 0xdedb, 0xdedb, 0xdedb, 0xdedb, 0xdedb, 0xdedb, 0xdedb, 0xdedb, 0xdedb, 0xdedb, 0xdedb, 0xdedb, 0xdedb,
	0xdedb, 0xdedb, 0xdedb, 0xdedb, 0xdedb, 0xdedb, 0xdedb, 0xdedb, 0xdedb, 0xdedb, 0xdedb, 0xdedb, 0xdedb, 0xdedb, 0xdedb, 0xdedb,
	0xdedb, 0xdedb, 0xdedb, 0xdedb, 0xdedb, 0xdedb, 0xdedb, 0xdedb, 0xdedb, 0xdedb, 0xdedb, 0xdedb, 0xdedb, 0xdedb, 0xdedb, 0xdedb,
	0xdedb, 0xdedb, 0xdedb, 0xdedb, 0xdedb, 0xdedb, 0xdedb, 0xdedb, 0xdedb, 0xdedb, 0xdedb, 0xdedb, 0xdedb, 0xdedb, 0xdedb, 0xdedb,
	0xdedb, 0xdedb, 0xdedb, 0xdedb, 0xdedb, 0xdedb, 0xdedb, 0xce79, 0xdedb, 0xdedb, 0xdedb, 0xdedb, 0xdedb, 0xdedb, 0xdedb, 0xdedb,
	0xdedb, 0xdedb, 0xdedb, 0xdedb, 0xdedb, 0xdedb, 0xdedb, 0xdedb, 0xdedb, 0xdedb, 0xdedb, 0xdedb, 0xdedb, 0xdedb, 0xdedb, 0xdedb,
	0xdedb, 0xdedb, 0xdedb, 0xdedb, 0xdedb, 0xdedb, 0xdedb, 0xdedb, 0xdedb, 0xdedb, 0xdedb, 0xdedb, 0xdedb, 0xdedb, 0xdedb, 0xdedb,
	0xdedb, 0xdedb, 0xdedb, 0xdedb, 0xdedb, 0xdedb, 0xdedb, 0xdedb, 0xdedb, 0xdedb, 0xdedb, 0xdedb, 0xdedb, 0xdedb, 0xdedb, 0xdedb,
	0xdedb, 0xdedb, 0xdedb, 0xdedb, 0xdedb, 0xdedb, 0xdedb, 0xdedb, 0xdedb, 0xdedb, 0xdedb, 0xdedb, 0xdedb, 0xdedb, 0xdedb, 0xdedb,
	0xdedb, 0xdedb, 0xdedb, 0xdedb, 0xdedb, 0xdedb, 0xdedb, 0xdedb, 0xdedb, 0xdedb, 0xdedb, 0xdedb, 0xdedb, 0xdedb, 0xdedb, 0xdedb,
	0xdedb, 0xdedb, 0xdedb, 0xdedb, 0xdedb, 0xdedb, 0xdedb, 0xdedb, 0xdedb, 0xdedb, 0xdedb, 0xdedb, 0xdedb, 0xdedb, 0xdedb, 0xdedb,
	0xdedb, 0xdedb, 0xdedb, 0xdedb, 0xdedb, 0xdedb, 0xdedb, 0xdedb, 0xdedb, 0xdedb, 0xdedb, 0xdedb, 0xdedb, 0xdedb, 0xdedb, 0xce79,
	0xdedb, 0xdedb, 0xdedb, 0xdedb, 0xdedb, 0xdedb, 0xdedb, 0xdedb, 0xdedb, 0xdedb, 0xdedb, 0xdedb, 0xdedb, 0xdedb, 0xdedb, 0xdedb,
	0xdedb, 0xdedb, 0xdedb, 0xdedb, 0xdedb, 0xdedb, 0xdedb, 0xdedb, 0xdedb, 0xdedb, 0xdedb, 0xdedb, 0xdedb, 0xdedb, 0xdedb, 0xdedb,
	0xdedb, 0xdedb, 0xdedb, 0xdedb, 0xdedb, 0xdedb, 0xdedb, 0xdedb, 0xdedb, 0xdedb, 0xdedb, 0xdedb, 0xdedb, 0xdedb, 0xdedb, 0xdedb,
	0xdedb, 0xdedb, 0xdedb, 0xdedb, 0xdedb, 0xdedb, 0xdedb, 0xdedb, 0xdedb, 0xdedb, 0xdedb, 0xdedb, 0xdedb, 0xdedb, 0xdedb, 0xdedb,
	0xdedb, 0xdedb, 0xdedb, 0xdedb, 0xdedb, 0xdedb, 0xdedb, 0xdedb, 0xdedb, 0xdedb, 0xdedb, 0xdedb, 0xdedb, 0xdedb, 0xdedb, 0xdedb,
	0xdedb, 0xdedb, 0xdedb, 0xdedb, 0xdedb, 0xdedb, 0xdedb, 0xdedb, 0xdedb, 0xdedb, 0xdedb, 0xdedb, 0xdedb, 0xdedb, 0xdedb, 0xdedb,
	0xdedb, 0xdedb, 0xdedb, 0xdedb, 0xdedb, 0xdedb, 0xdedb, 0xdedb, 0xdedb, 0xdedb, 0xdedb, 0xdedb, 0xdedb, 0xdedb, 0xdedb, 0xdedb,
	0xdedb, 0xdedb, 0xdedb, 0xdedb, 0xdedb, 0xdedb, 0xdedb, 0xce79, 0xdedb, 0xdedb, 0xdedb, 0xdedb, 0xdedb, 0xdedb, 0xdedb, 0xdedb,
	0xdedb, 0xdedb, 0xdedb, 0xdedb, 0xdedb, 0xdedb, 0xdedb, 0xdedb, 0xdedb, 0xdedb, 0xdedb, 0xdedb, 0xdedb, 0xdedb, 0xdedb, 0xdedb,
	0xdedb, 0xdedb, 0xdedb, 0xdedb, 0xdedb, 0xdedb, 0xdedb, 0xdedb, 0xdedb, 0xdedb, 0xdedb, 0xdedb, 0xdedb, 0xdedb, 0xdedb, 0xdedb,
	0xdedb, 0xdedb, 0xdedb, 0xdedb, 0xdedb, 0xdedb, 0xdedb, 0xdedb, 0xdedb, 0xdedb, 0xdedb, 0xdedb, 0xdedb, 0xdedb, 0xdedb, 0xdedb,
	0xdedb, 0xdedb, 0xdedb, 0xdedb, 0xdedb, 0xdedb, 0xdedb, 0xdedb, 0xdedb, 0xdedb, 0xdedb, 0xdedb, 0xdedb, 0xdedb, 0xdedb, 0xdedb,
	0xdedb, 0xdedb, 0xdedb, 0xdedb, 0xdedb, 0xdedb, 0xdedb, 0xdedb, 0xdedb, 0xdedb, 0xdedb, 0xdedb, 0xdedb, 0xdedb, 0xdedb, 0xdedb,
	0xdedb, 0xdedb, 0xdedb, 0xdedb, 0xdedb, 0xdedb, 0xdedb, 0xdedb, 0xdedb, 0xdedb, 0xdedb, 0xdedb, 0xdedb, 0xdedb, 0xdedb, 0xdedb,
	0xdedb, 0xdedb, 0xdedb, 0xdedb, 0xdedb, 0xdedb, 0xdedb, 0xdedb, 0xdedb, 0xdedb, 0xdedb, 0xdedb, 0xdedb, 0xdedb, 0xdedb, 0xce79,
	0xdedb, 0xdedb, 0xdedb, 0xdedb, 0xdedb, 0xdedb, 0xdedb, 0xdedb, 0xdedb, 0xdedb, 0xdedb, 0xdedb, 0xdedb, 0xdedb, 0xdedb, 0xdedb,
	0xdedb, 0xdedb, 0xdedb, 0xdedb, 0xdedb, 0xdedb, 0xdedb, 0xdedb, 0xdedb, 0xdedb, 0xdedb, 0xdedb, 0xdedb, 0xdedb, 0xdedb, 0xdedb,
	0xdedb, 0xdedb, 0xdedb, 0xdedb, 0xdedb, 0xdedb, 0xdedb, 0xdedb, 0xdedb, 0xdedb, 0xdedb, 0xdedb, 0xdedb, 0xdedb, 0xdedb, 0xdedb,
	0xdedb, 0xdedb, 0xdedb, 0xdedb, 0xdedb, 0xdedb, 0xdedb, 0xdedb, 0xdedb, 0xdedb, 0xdedb, 0xdedb, 0xdedb, 0xdedb, 0xdedb, 0xdedb,
	0xdedb, 0xdedb, 0xdedb, 0xdedb, 0xdedb, 0xdedb, 0xdedb, 0xdedb, 0xdedb, 0xdedb, 0xdedb, 0xdedb, 0xdedb, 0xdedb, 0xdedb, 0xdedb,
	0xdedb, 0xdedb, 0xdedb, 0xdedb, 0xdedb, 0xdedb, 0xdedb, 0xdedb, 0xdedb, 0xdedb, 0xdedb, 0xdedb, 0xdedb, 0xdedb, 0xdedb, 0xdedb,
	0xdedb, 0xdedb, 0xdedb, 0xdedb, 0xdedb, 0xdedb, 0xdedb, 0xdedb, 0xdedb, 0xdedb, 0xdedb, 0xdedb, 0xdedb, 0xdedb, 0xdedb, 0xdedb,
	0xdedb, 0xdedb, 0xdedb, 0xdedb, 0xdedb, 0xdedb, 0xdedb, 0xce79, 0xdedb, 0xdedb, 0xdedb, 0xdedb, 0xdedb, 0xdedb, 0xdedb, 0xdedb,
	0xdedb, 0xdedb, 0xdedb, 0xdedb, 0xdedb, 0xdedb, 0xdedb, 0xdedb, 0xdedb, 0xdedb, 0xdedb, 0xdedb, 0xdedb, 0xdedb, 0xdedb, 0xdedb,
	0xdedb, 0xdedb, 0xdedb, 0xdedb, 0xdedb, 0xdedb, 0xdedb, 0xdedb, 0xdedb, 0xdedb, 0xdedb, 0xdedb, 0xdedb, 0xdedb, 0xdedb, 0xdedb,
	0xdedb, 0xdedb, 0xdedb, 0xdedb, 0xdedb, 0xdedb, 0xdedb, 0xdedb, 0xdedb, 0xdedb, 0xdedb, 0xdedb, 0xdedb, 0xdedb, 0xdedb, 0xdedb,
	0xdedb, 0xdedb, 0xdedb, 0xdedb, 0xdedb, 0xdedb, 0xdedb, 0xdedb, 0xdedb, 0xdedb, 0xdedb, 0xdedb, 0xdedb, 0xdedb, 0xdedb, 0xdedb,
	0xdedb, 0xdedb, 0xdedb, 0xdedb, 0xdedb, 0xdedb, 0xdedb, 0xdedb, 0xdedb, 0xdedb, 0xdedb, 0xdedb, 0xdedb, 0xdedb, 0xdedb, 0xdedb,
	0xdedb, 0xdedb, 0xdedb, 0xdedb, 0xdedb, 0xdedb, 0xdedb, 0xdedb, 0xdedb, 0xdedb, 0xdedb, 0xdedb, 0xdedb, 0xdedb, 0xdedb, 0xdedb,
	0xdedb, 0xdedb, 0xdedb, 0xdedb, 0xdedb, 0xdedb, 0xdedb, 0xdedb, 0xdedb, 0xdedb, 0xdedb, 0xdedb, 0xdedb, 0xdedb, 0xdedb, 0xce79,
	0xdedb, 0xdedb, 0xdedb, 0xdedb, 0xdedb, 0xdedb, 0xdedb, 0xdedb, 0xdedb, 0xdedb, 0xdedb, 0xdedb, 0xdedb, 0xdedb, 0xdedb, 0xdedb,
	0xdedb, 0xdedb, 0xdedb, 0xdedb, 0xdedb, 0xdedb, 0xdedb, 0xdedb, 0xdedb, 0xdedb, 0xdedb, 0xdedb, 0xdedb, 0xdedb, 0xdedb, 0xdedb,
	0xdedb, 0xdedb, 0xdedb, 0xdedb, 0xdedb, 0xdedb, 0xdedb, 0xdedb, 0xdedb, 0xdedb, 0xdedb, 0xdedb, 0xdedb, 0xdedb, 0xdedb, 0xdedb,
	0xdedb, 0xdedb, 0xdedb, 0xdedb, 0xdedb, 0xdedb, 0xdedb, 0xdedb, 0xdedb, 0xdedb, 0xdedb, 0xdedb, 0xdedb, 0xdedb, 0xdedb, 0xdedb,
	0xdedb, 0xdedb, 0xdedb, 0xdedb, 0xdedb, 0xdedb, 0xdedb, 0xdedb, 0xdedb, 0xdedb, 0xdedb, 0xdedb, 0xdedb, 0xdedb, 0xdedb, 0xdedb,
	0xdedb, 0xdedb, 0xdedb, 0xdedb, 0xdedb, 0xdedb, 0xdedb, 0xdedb, 0xdedb, 0xdedb, 0xdedb, 0xdedb, 0xdedb, 0xdedb, 0xdedb, 0xdedb,
	0xdedb, 0xdedb, 0xdedb, 0xdedb, 0xdedb, 0xdedb, 0xdedb, 0xdedb, 0xdedb, 0xdedb, 0xdedb, 0xdedb, 0xdedb, 0xdedb, 0xdedb, 0xdedb,
	0xdedb, 0xdedb, 0xdedb, 0xdedb, 0xdedb, 0xdedb, 0xdedb, 0xce79, 0xdedb, 0xdedb, 0xdedb, 0xdedb, 0xdedb, 0xdedb, 0xdedb, 0xdedb,
	0xdedb, 0xdedb, 0xdedb, 0xdedb, 0xdedb, 0xdedb, 0xdedb, 0xdedb, 0xdedb, 0xdedb, 0xdedb, 0xdedb, 0xdedb, 0xdedb, 0xdedb, 0xdedb,
	0xdedb, 0xdedb, 0xdedb, 0xdedb, 0xdedb, 0xdedb, 0xdedb, 0xdedb, 0xdedb, 0xdedb, 0xdedb, 0xdedb, 0xdedb, 0xdedb, 0xdedb, 0xdedb,
	0xdedb, 0xdedb, 0xdedb, 0xdedb, 0xdedb, 0xdedb, 0xdedb, 0xdedb, 0xdedb, 0xdedb, 0xdedb, 0xdedb, 0xdedb, 0xdedb, 0xdedb, 0xdedb,
	0xdedb, 0xdedb, 0xdedb, 0xdedb, 0xdedb, 0xdedb, 0xdedb, 0xdedb, 0xdedb, 0xdedb, 0xdedb, 0xdedb, 0xdedb, 0xdedb, 0xdedb, 0xdedb,
	0xdedb, 0xdedb, 0xdedb, 0xdedb, 0xdedb, 0xdedb, 0xdedb, 0xdedb, 0xdedb, 0xdedb, 0xdedb, 0xdedb, 0xdedb, 0xdedb, 0xdedb, 0xdedb,
	0xdedb, 0xdedb, 0xdedb, 0xdedb, 0xdedb, 0xdedb, 0xdedb, 0xdedb, 0xdedb, 0xdedb, 0xdedb, 0xdedb, 0xdedb, 0xdedb, 0xdedb, 0xdedb,
	0xdedb, 0xdedb, 0xdedb, 0xdedb, 0xdedb, 0xdedb, 0xdedb, 0xdedb, 0xdedb, 0xdedb, 0xdedb, 0xdedb, 0xdedb, 0xdedb, 0xdedb, 0xce79,
	0xdedb, 0xdedb, 0xdedb, 0xdedb, 0xdedb, 0xdedb, 0xdedb, 0xdedb, 0xdedb, 0xdedb, 0xdedb, 0xdedb, 0xdedb, 0xdedb, 0xdedb, 0xdedb,
	0xdedb, 0xdedb, 0xdedb, 0xdedb, 0xdedb, 0xdedb, 0xdedb, 0xdedb, 0xdedb, 0xdedb, 0xdedb, 0xdedb, 0xdedb, 0xdedb, 0xdedb, 0xdedb,
	0xdedb, 0xdedb, 0xdedb, 0xdedb, 0xdedb, 0xdedb, 0xdedb, 0xdedb, 0xdedb, 0xdedb, 0xdedb, 0xdedb, 0xdedb, 0xdedb, 0xdedb, 0xdedb,
	0xdedb, 0xdedb, 0xdedb, 0xdedb, 0xdedb, 0xdedb, 0xdedb, 0xdedb, 0xdedb, 0xdedb, 0xdedb, 0xdedb, 0xdedb, 0xdedb, 0xdedb, 0xdedb,
	0xdedb, 0xdedb, 0xdedb, 0xdedb, 0xdedb, 0xdedb, 0xdedb, 0xdedb, 0xdedb, 0xdedb, 0xdedb, 0xdedb, 0xdedb, 0xdedb, 0xdedb, 0xdedb,
	0xdedb, 0xdedb, 0xdedb, 0xdedb, 0xdedb, 0xdedb, 0xdedb, 0xdedb, 0xdedb, 0xdedb, 0xdedb, 0xdedb, 0xdedb, 0xdedb, 0xdedb, 0xdedb,
	0xdedb, 0xdedb, 0xdedb, 0xdedb, 0xdedb, 0xdedb, 0xdedb, 0xdedb, 0xdedb, 0xdedb, 0xdedb, 0xdedb, 0xdedb, 0xdedb, 0xdedb, 0xdedb,
	0xdedb, 0xdedb, 0xdedb, 0xdedb, 0xdedb, 0xdedb, 0xdedb, 0xce79, 0xdedb, 0xdedb, 0xdedb, 0xdedb, 0xdedb, 0xdedb, 0xdedb, 0xdedb,
	0xdedb, 0xdedb, 0xdedb, 0xdedb, 0xdedb, 0xdedb, 0xdedb, 0xdedb, 0xdedb, 0xdedb, 0xdedb, 0xdedb, 0xdedb, 0xdedb, 0xdedb, 0xdedb,
	0xdedb, 0xdedb, 0xdedb, 0xdedb, 0xdedb, 0xdedb, 0xdedb, 0xdedb, 0xdedb, 0xdedb, 0xdedb, 0xdedb, 0xdedb, 0xdedb, 0xdedb, 0xdedb,
	0xdedb, 0xdedb, 0xdedb, 0xdedb, 0xdedb, 0xdedb, 0xdedb, 0xdedb, 0xdedb, 0xdedb, 0xdedb, 0xdedb, 0xdedb, 0xdedb, 0xdedb, 0xdedb,
	0xdedb, 0xdedb, 0xdedb, 0xdedb, 0xdedb, 0xdedb, 0xdedb, 0xdedb, 0xdedb, 0xdedb, 0xdedb, 0xdedb, 0xdedb, 0xdedb, 0xdedb, 0xdedb,
	0xdedb, 0xdedb, 0xdedb, 0xdedb, 0xdedb, 0xdedb, 0xdedb, 0xdedb, 0xdedb, 0xdedb, 0xdedb, 0xdedb, 0xdedb, 0xdedb, 0xdedb, 0xdedb,
	0xdedb, 0xdedb, 0xdedb, 0xdedb, 0xdedb, 0xdedb, 0xdedb, 0xdedb, 0xdedb, 0xdedb, 0xdedb, 0xdedb, 0xdedb, 0xdedb, 0xdedb, 0xdedb,
	0xdedb, 0xdedb, 0xdedb, 0xdedb, 0xdedb, 0xdedb, 0xdedb, 0xdedb, 0xdedb, 0xdedb, 0xdedb, 0xdedb, 0xdedb, 0xdedb, 0xdedb, 0xce79,
	0xdedb, 0xdedb, 0xdedb, 0xdedb, 0xdedb, 0xdedb, 0xdedb, 0xdedb, 0xdedb, 0xdedb, 0xdedb, 0xdedb, 0xdedb, 0xdedb, 0xdedb, 0xdedb,
	0xdedb, 0xdedb, 0xdedb, 0xdedb, 0xdedb, 0xdedb, 0xdedb, 0xdedb, 0xdedb, 0xdedb, 0xdedb, 0xdedb, 0xdedb, 0xdedb, 0xdedb, 0xdedb,
	0xdedb, 0xdedb, 0xdedb, 0xdedb, 0xdedb, 0xdedb, 0xdedb, 0xdedb, 0xdedb, 0xdedb, 0xdedb, 0xdedb, 0xdedb, 0xdedb, 0xdedb, 0xdedb,
	0xdedb, 0xdedb, 0xdedb, 0xdedb, 0xdedb, 0xdedb, 0xdedb, 0xdedb, 0xdedb, 0xdedb, 0xdedb, 0xdedb, 0xdedb, 0xdedb, 0xdedb, 0xdedb,
	0xdedb, 0xdedb, 0xdedb, 0xdedb, 0xdedb, 0xdedb, 0xdedb, 0xdedb, 0xdedb, 0xdedb, 0xdedb, 0xdedb, 0xdedb, 0xdedb, 0xdedb, 0xdedb,
	0xdedb, 0xdedb, 0xdedb, 0xdedb, 0xdedb, 0xdedb, 0xdedb, 0xdedb, 0xdedb, 0xdedb, 0xdedb, 0xdedb, 0xdedb, 0xdedb, 0xdedb, 0xdedb,
	0xdedb, 0xdedb, 0xdedb, 0xdedb, 0xdedb, 0xdedb, 0xdedb, 0xdedb, 0xdedb, 0xdedb, 0xdedb, 0xdedb, 0xdedb, 0xdedb, 0xdedb, 0xdedb,
	0xdedb, 0xdedb, 0xdedb, 0xdedb, 0xdedb, 0xdedb, 0xdedb, 0xce79, 0xdedb, 0xdedb, 0xdedb, 0xdedb, 0xdedb, 0xdedb, 0xdedb, 0xdedb,
	0xdedb, 0xdedb, 0xdedb, 0xdedb, 0xdedb, 0xdedb, 0xdedb, 0xdedb, 0xdedb, 0xdedb, 0xdedb, 0xdedb, 0xdedb, 0xdedb, 0xdedb, 0xdedb,
	0xdedb, 0xdedb, 0xdedb, 0xdedb, 0xdedb, 0xdedb, 0xdedb, 0xdedb, 0xdedb, 0xdedb, 0xdedb, 0xdedb, 0xdedb, 0xdedb, 0xdedb, 0xdedb,
	0xdedb, 0xdedb, 0xdedb, 0xdedb, 0xdedb, 0xdedb, 0xdedb, 0xdedb, 0xdedb, 0xdedb, 0xdedb, 0xdedb, 0xdedb, 0xdedb, 0xdedb, 0xdedb,
	0xdedb, 0xdedb, 0xdedb, 0xdedb, 0xdedb, 0xdedb, 0xdedb, 0xdedb, 0xdedb, 0xdedb, 0xdedb, 0xdedb, 0xdedb, 0xdedb, 0xdedb, 0xdedb,
	0xdedb, 0xdedb, 0xdedb, 0xdedb, 0xdedb, 0xdedb, 0xdedb, 0xdedb, 0xdedb, 0xdedb, 0xdedb, 0xdedb, 0xdedb, 0xdedb, 0xdedb, 0xdedb,
	0xdedb, 0xdedb, 0xdedb, 0xdedb, 0xdedb, 0xdedb, 0xdedb, 0xdedb, 0xdedb, 0xdedb, 0xdedb, 0xdedb, 0xdedb, 0xdedb, 0xdedb, 0xdedb,
	0xdedb, 0xdedb, 0xdedb, 0xdedb, 0xdedb, 0xdedb, 0xdedb, 0xdedb, 0xdedb, 0xdedb, 0xdedb, 0xdedb, 0xdedb, 0xdedb, 0xdedb, 0xce79,
	0xdedb, 0xdedb, 0xdedb, 0xdedb, 0xdedb, 0xdedb, 0xdedb, 0xdedb, 0xdedb, 0xdedb, 0xdedb, 0xdedb, 0xdedb, 0xdedb, 0xdedb, 0xdedb,
	0xdedb, 0xdedb, 0xdedb, 0xdedb, 0xdedb, 0xdedb, 0xdedb, 0xdedb, 0xdedb, 0xdedb, 0xdedb, 0xdedb, 0xdedb, 0xdedb, 0xdedb, 0xdedb,
	0xdedb, 0xdedb, 0xdedb, 0xdedb, 0xdedb, 0xdedb, 0xdedb, 0xdedb, 0xdedb, 0xdedb, 0xdedb, 0xdedb, 0xdedb, 0xdedb, 0xdedb, 0xdedb,
	0xdedb, 0xdedb, 0xdedb, 0xdedb, 0xdedb, 0xdedb, 0xdedb, 0xdedb, 0xdedb, 0xdedb, 0xdedb, 0xdedb, 0xdedb, 0xdedb, 0xdedb, 0xdedb,
	0xdedb, 0xdedb, 0xdedb, 0xdedb, 0xdedb, 0xdedb, 0xdedb, 0xdedb, 0xdedb, 0xdedb, 0xdedb, 0xdedb, 0xdedb, 0xdedb, 0xdedb, 0xdedb,
	0xdedb, 0xdedb, 0xdedb, 0xdedb, 0xdedb, 0xdedb, 0xdedb, 0xdedb, 0xdedb, 0xdedb, 0xdedb, 0xdedb, 0xdedb, 0xdedb, 0xdedb, 0xdedb,
	0xdedb, 0xdedb, 0xdedb, 0xdedb, 0xdedb, 0xdedb, 0xdedb, 0xdedb, 0xdedb, 0xdedb, 0xdedb, 0xdedb, 0xdedb, 0xdedb, 0xdedb, 0xdedb,
	0xdedb, 0xdedb, 0xdedb, 0xdedb, 0xdedb, 0xdedb, 0xdedb, 0xce79, 0xdedb, 0xdedb, 0xdedb, 0xdedb, 0xdedb, 0xdedb, 0xdedb, 0xdedb,
	0xdedb, 0xdedb, 0xdedb, 0xdedb, 0xdedb, 0xdedb, 0xdedb, 0xdedb, 0xdedb, 0xdedb, 0xdedb, 0xdedb, 0xdedb, 0xdedb, 0xdedb, 0xdedb,
	0xdedb, 0xdedb, 0xdedb, 0xdedb, 0xdedb, 0xdedb, 0xdedb, 0xdedb, 0xdedb, 0xdedb, 0xdedb, 0xdedb, 0xdedb, 0xdedb, 0xdedb, 0xdedb,
	0xdedb, 0xdedb, 0xdedb, 0xdedb, 0xdedb, 0xdedb, 0xdedb, 0xdedb, 0xdedb, 0xdedb, 0xdedb, 0xdedb, 0xdedb, 0xdedb, 0xdedb, 0xdedb,
	0xdedb, 0xdedb, 0xdedb, 0xdedb, 0xdedb, 0xdedb, 0xdedb, 0xdedb, 0xdedb, 0xdedb, 0xdedb, 0xdedb, 0xdedb, 0xdedb, 0xdedb, 0xdedb,
	0xdedb, 0xdedb, 0xdedb, 0xdedb, 0xdedb, 0xdedb, 0xdedb, 0xdedb, 0xdedb, 0xdedb, 0xdedb, 0xdedb, 0xdedb, 0xdedb, 0xdedb, 0xdedb,
	0xdedb, 0xdedb, 0xdedb, 0xdedb, 0xdedb, 0xdedb, 0xdedb, 0xdedb, 0xdedb, 0xdedb, 0xdedb, 0xdedb, 0xdedb, 0xdedb, 0xdedb, 0xdedb,
	0xdedb, 0xdedb, 0xdedb, 0xdedb, 0xdedb, 0xdedb, 0xdedb, 0xdedb, 0xdedb, 0xdedb, 0xdedb, 0xdedb, 0xdedb, 0xdedb, 0xdedb, 0xce79,
	0xdedb, 0xdedb, 0xdedb, 0xdedb, 0xdedb, 0xdedb, 0xdedb, 0xdedb, 0xdedb, 0xdedb, 0xdedb, 0xdedb, 0xdedb, 0xdedb, 0xdedb, 0xdedb,
	0xdedb, 0xdedb, 0xdedb, 0xdedb, 0xdedb, 0xdedb, 0xdedb, 0xdedb, 0xdedb, 0xdedb, 0xdedb, 0xdedb, 0xdedb, 0xdedb, 0xdedb, 0xdedb,
	0xdedb, 0xdedb, 0xdedb, 0xdedb, 0xdedb, 0xdedb, 0xdedb, 0xdedb, 0xdedb, 0xdedb, 0xdedb, 0xdedb, 0xdedb, 0xdedb, 0xdedb, 0xdedb,
	0xdedb, 0xdedb, 0xdedb, 0xdedb, 0xdedb, 0xdedb, 0xdedb, 0xdedb, 0xdedb, 0xdedb, 0xdedb, 0xdedb, 0xdedb, 0xdedb, 0xdedb, 0xdedb,
	0xdedb, 0xdedb, 0xdedb, 0xdedb, 0xdedb, 0xdedb, 0xdedb, 0xdedb, 0xdedb, 0xdedb, 0xdedb, 0xdedb, 0xdedb, 0xdedb, 0xdedb, 0xdedb,
	0xdedb, 0xdedb, 0xdedb, 0xdedb, 0xdedb, 0xdedb, 0xdedb, 0xdedb, 0xdedb, 0xdedb, 0xdedb, 0xdedb, 0xdedb, 0xdedb, 0xdedb, 0xdedb,
	0xdedb, 0xdedb, 0xdedb, 0xdedb, 0xdedb, 0xdedb, 0xdedb, 0xdedb, 0xdedb, 0xdedb, 0xdedb, 0xdedb, 0xdedb, 0xdedb, 0xdedb, 0xdedb,
	0xdedb, 0xdedb, 0xdedb, 0xdedb, 0xdedb, 0xdedb, 0xdedb, 0xce79, 0xdedb, 0xdedb, 0xdedb, 0xdedb, 0xdedb, 0xdedb, 0xdedb, 0xdedb,
	0xdedb, 0xdedb, 0xdedb, 0xdedb, 0xdedb, 0xdedb, 0xdedb, 0xdedb, 0xdedb, 0xdedb, 0xdedb, 0xdedb, 0xdedb, 0xdedb, 0xdedb, 0xdedb,
	0xdedb, 0xdedb, 0xdedb, 0xdedb, 0xdedb, 0xdedb, 0xdedb, 0xdedb, 0xdedb, 0xdedb, 0xdedb, 0xdedb, 0xdedb, 0xdedb, 0xdedb, 0xdedb,
	0xdedb, 0xdedb, 0xdedb, 0xdedb, 0xdedb, 0xdedb, 0xdedb, 0xdedb, 0xdedb, 0xdedb, 0xdedb, 0xdedb, 0xdedb, 0xdedb, 0xdedb, 0xdedb,
	0xdedb, 0xdedb, 0xdedb, 0xdedb, 0xdedb, 0xdedb, 0xdedb, 0xdedb, 0xdedb, 0xdedb, 0xdedb, 0xdedb, 0xdedb, 0xdedb, 0xdedb, 0xdedb,
	0xdedb, 0xdedb, 0xdedb, 0xdedb, 0xdedb, 0xdedb, 0xdedb, 0xdedb, 0xdedb, 0xdedb, 0xdedb, 0xdedb, 0xdedb, 0xdedb, 0xdedb, 0xdedb,
	0xdedb, 0xdedb, 0xdedb, 0xdedb, 0xdedb, 0xdedb, 0xdedb, 0xdedb, 0xdedb, 0xdedb, 0xdedb, 0xdedb, 0xdedb, 0xdedb, 0xdedb, 0xdedb,
	0xdedb, 0xdedb, 0xdedb, 0xdedb, 0xdedb, 0xdedb, 0xdedb, 0xdedb, 0xdedb, 0xdedb, 0xdedb, 0xdedb, 0xdedb, 0xdedb, 0xdedb, 0xce79,
	0xdedb, 0xdedb, 0xdedb, 0xdedb, 0xdedb, 0xdedb, 0xdedb, 0xdedb, 0xdedb, 0xdedb, 0xdedb, 0xdedb, 0xdedb, 0xdedb, 0xdedb, 0xdedb,
	0xdedb, 0xdedb, 0xdedb, 0xdedb, 0xdedb, 0xdedb, 0xdedb, 0xdedb, 0xdedb, 0xdedb, 0xdedb, 0xdedb, 0xdedb, 0xdedb, 0xdedb, 0xdedb,
	0xdedb, 0xdedb, 0xdedb, 0xdedb, 0xdedb, 0xdedb, 0xdedb, 0xdedb, 0xdedb, 0xdedb, 0xdedb, 0xdedb, 0xdedb, 0xdedb, 0xdedb, 0xdedb,
	0xdedb, 0xdedb, 0xdedb, 0xdedb, 0xdedb, 0xdedb, 0xdedb, 0xdedb, 0xdedb, 0xdedb, 0xdedb, 0xdedb, 0xdedb, 0xdedb, 0xdedb, 0xdedb,
	0xdedb, 0xdedb, 0xdedb, 0xdedb, 0xdedb, 0xdedb, 0xdedb, 0xdedb, 0xdedb, 0xdedb, 0xdedb, 0xdedb, 0xdedb, 0xdedb, 0xdedb, 0xdedb,
	0xdedb, 0xdedb, 0xdedb, 0xdedb, 0xdedb, 0xdedb, 0xdedb, 0xdedb, 0xdedb, 0xdedb, 0xdedb, 0xdedb, 0xdedb, 0xdedb, 0xdedb, 0xdedb,
	0xdedb, 0xdedb, 0xdedb, 0xdedb, 0xdedb, 0xdedb, 0xdedb, 0xdedb, 0xdedb, 0xdedb, 0xdedb, 0xdedb, 0xdedb, 0xdedb, 0xdedb, 0xdedb,
	0xdedb, 0xdedb, 0xdedb, 0xdedb, 0xdedb, 0xdedb, 0xdedb, 0xce79, 0xdedb, 0xdedb, 0xdedb, 0xdedb, 0xdedb, 0xdedb, 0xdedb, 0xdedb,
	0xdedb, 0xdedb, 0xdedb, 0xdedb, 0xdedb, 0xdedb, 0xdedb, 0xdedb, 0xdedb, 0xdedb, 0xdedb, 0xdedb, 0xdedb, 0xdedb, 0xdedb, 0xdedb,
	0xdedb, 0xdedb, 0xdedb, 0xdedb, 0xdedb, 0xdedb, 0xdedb, 0xdedb, 0xdedb, 0xdedb, 0xdedb, 0xdedb, 0xdedb, 0xdedb, 0xdedb, 0xdedb,
	0xdedb, 0xdedb, 0xdedb, 0xdedb, 0xdedb, 0xdedb, 0xdedb, 0xdedb, 0xdedb, 0xdedb, 0xdedb, 0xdedb, 0xdedb, 0xdedb, 0xdedb, 0xdedb,
	0xdedb, 0xdedb, 0xdedb, 0xdedb, 0xdedb, 0xdedb, 0xdedb, 0xdedb, 0xdedb, 0xdedb, 0xdedb, 0xdedb, 0xdedb, 0xdedb, 0xdedb, 0xdedb,
	0xdedb, 0xdedb, 0xdedb, 0xdedb, 0xdedb, 0xdedb, 0xdedb, 0xdedb, 0xdedb, 0xdedb, 0xdedb, 0xdedb, 0xdedb, 0xdedb, 0xdedb, 0xdedb,
	0xdedb, 0xdedb, 0xdedb, 0xdedb, 0xdedb, 0xdedb, 0xdedb, 0xdedb, 0xdedb, 0xdedb, 0xdedb, 0xdedb, 0xdedb, 0xdedb, 0xdedb, 0xdedb,
	0xdedb, 0xdedb, 0xdedb, 0xdedb, 0xdedb, 0xdedb, 0xdedb, 0xdedb, 0xdedb, 0xdedb, 0xdedb, 0xdedb, 0xdedb, 0xdedb, 0xdedb, 0xce79,
	0xdedb, 0xdedb, 0xdedb, 0xdedb, 0xdedb, 0xdedb, 0xdedb, 0xdedb, 0xdedb, 0xdedb, 0xdedb, 0xdedb, 0xdedb, 0xdedb, 0xdedb, 0xdedb,
	0xdedb, 0xdedb, 0xdedb, 0xdedb, 0xdedb, 0xdedb, 0xdedb, 0xdedb, 0xdedb, 0xdedb, 0xdedb, 0xdedb, 0xdedb, 0xdedb, 0xdedb, 0xdedb,
	0xdedb, 0xdedb, 0xdedb, 0xdedb, 0xdedb, 0xdedb, 0xdedb, 0xdedb, 0xdedb, 0xdedb, 0xdedb, 0xdedb, 0xdedb, 0xdedb, 0xdedb, 0xdedb,
	0xdedb, 0xdedb, 0xdedb, 0xdedb, 0xdedb, 0xdedb, 0xdedb, 0xdedb, 0xdedb, 0xdedb, 0xdedb, 0xdedb, 0xdedb, 0xdedb, 0xdedb, 0xdedb,
	0xdedb, 0xdedb, 0xdedb, 0xdedb, 0xdedb, 0xdedb, 0xdedb, 0xdedb, 0xdedb, 0xdedb, 0xdedb, 0xdedb, 0xdedb, 0xdedb, 0xdedb, 0xdedb,
	0xdedb, 0xdedb, 0xdedb, 0xdedb, 0xdedb, 0xdedb, 0xdedb, 0xdedb, 0xdedb, 0xdedb, 0xdedb, 0xdedb, 0xdedb, 0xdedb, 0xdedb, 0xdedb,
	0xdedb, 0xdedb, 0xdedb, 0xdedb, 0xdedb, 0xdedb, 0xdedb, 0xdedb, 0xdedb, 0xdedb, 0xdedb, 0xdedb, 0xdedb, 0xdedb, 0xdedb, 0xdedb,
	0xdedb, 0xdedb, 0xdedb, 0xdedb, 0xdedb, 0xdedb, 0xdedb, 0xce79, 0xdedb, 0xdedb, 0xdedb, 0xdedb, 0xdedb, 0xdedb, 0xdedb, 0xdedb,
	0xdedb, 0xdedb, 0xdedb, 0xdedb, 0xdedb, 0xdedb, 0xdedb, 0xdedb, 0xdedb, 0xdedb, 0xdedb, 0xdedb, 0xdedb, 0xdedb, 0xdedb, 0xdedb,
	0xdedb, 0xdedb, 0xdedb, 0xdedb, 0xdedb, 0xdedb, 0xdedb, 0xdedb, 0xdedb, 0xdedb, 0xdedb, 0xdedb, 0xdedb, 0xdedb, 0xdedb, 0xdedb,
	0xdedb, 0xdedb, 0xdedb, 0xdedb, 0xdedb, 0xdedb, 0xdedb, 0xdedb, 0xdedb, 0xdedb, 0xdedb, 0xdedb, 0xdedb, 0xdedb, 0xdedb, 0xdedb,
	0xdedb, 0xdedb, 0xdedb, 0xdedb, 0xdedb, 0xdedb, 0xdedb, 0xdedb, 0xdedb, 0xdedb, 0xdedb, 0xdedb, 0xdedb, 0xdedb, 0xdedb, 0xdedb,
	0xdedb, 0xdedb, 0xdedb, 0xdedb, 0xdedb, 0xdedb, 0xdedb, 0xdedb, 0xdedb, 0xdedb, 0xdedb, 0xdedb, 0xdedb, 0xdedb, 0xdedb, 0xdedb,
	0xdedb, 0xdedb, 0xdedb, 0xdedb, 0xdedb, 0xdedb, 0xdedb, 0xdedb, 0xdedb, 0xdedb, 0xdedb, 0xdedb, 0xdedb, 0xdedb, 0xdedb, 0xdedb,
	0xdedb, 0xdedb, 0xdedb, 0xdedb, 0xdedb, 0xdedb, 0xdedb, 0xdedb, 0xdedb, 0xdedb, 0xdedb, 0xdedb, 0xdedb, 0xdedb, 0xdedb, 0xce79,
	0xdedb, 0xdedb, 0xdedb, 0xdedb, 0xdedb, 0xdedb, 0xdedb, 0xdedb, 0xdedb, 0xdedb, 0xdedb, 0xdedb, 0xdedb, 0xdedb, 0xdedb, 0xdedb,
	0xdedb, 0xdedb, 0xdedb, 0xdedb, 0xdedb, 0xdedb, 0xdedb, 0xdedb, 0xdedb, 0xdedb, 0xdedb, 0xdedb, 0xdedb, 0xdedb, 0xdedb, 0xdedb,
	0xdedb, 0xdedb, 0xdedb, 0xdedb, 0xdedb, 0xdedb, 0xdedb, 0xdedb, 0xdedb, 0xdedb, 0xdedb, 0xdedb, 0xdedb, 0xdedb, 0xdedb, 0xdedb,
	0xdedb, 0xdedb, 0xdedb, 0xdedb, 0xdedb, 0xdedb, 0xdedb, 0xdedb, 0xdedb, 0xdedb, 0xdedb, 0xdedb, 0xdedb, 0xdedb, 0xdedb, 0xdedb,
	0xdedb, 0xdedb, 0xdedb, 0xdedb, 0xdedb, 0xdedb, 0xdedb, 0xdedb, 0xdedb, 0xdedb, 0xdedb, 0xdedb, 0xdedb, 0xdedb, 0xdedb, 0xdedb,
	0xdedb, 0xdedb, 0xdedb, 0xdedb, 0xdedb, 0xdedb, 0xdedb, 0xdedb, 0xdedb, 0xdedb, 0xdedb, 0xdedb, 0xdedb, 0xdedb, 0xdedb, 0xdedb,
	0xdedb, 0xdedb, 0xdedb, 0xdedb, 0xdedb, 0xdedb, 0xdedb, 0xdedb, 0xdedb, 0xdedb, 0xdedb, 0xdedb, 0xdedb, 0xdedb, 0xdedb, 0xdedb,
	0xdedb, 0xdedb, 0xdedb, 0xdedb, 0xdedb, 0xdedb, 0xdedb, 0xce79, 0xdedb, 0xdedb, 0xdedb, 0xdedb, 0xdedb, 0xdedb, 0xdedb, 0xdedb,
	0xdedb, 0xdedb, 0xdedb, 0xdedb, 0xdedb, 0xdedb, 0xdedb, 0xdedb, 0xdedb, 0xdedb, 0xdedb, 0xdedb, 0xdedb, 0xdedb, 0xdedb, 0xdedb,
	0xdedb, 0xdedb, 0xdedb, 0xdedb, 0xdedb, 0xdedb, 0xdedb, 0xdedb, 0xdedb, 0xdedb, 0xdedb, 0xdedb, 0xdedb, 0xdedb, 0xdedb, 0xdedb,
	0xdedb, 0xdedb, 0xdedb, 0xdedb, 0xdedb, 0xdedb, 0xdedb, 0xdedb, 0xdedb, 0xdedb, 0xdedb, 0xdedb, 0xdedb, 0xdedb, 0xdedb, 0xdedb,
	0xdedb, 0xdedb, 0xdedb, 0xdedb, 0xdedb, 0xdedb, 0xdedb, 0xdedb, 0xdedb, 0xdedb, 0xdedb, 0xdedb, 0xdedb, 0xdedb, 0xdedb, 0xdedb,
	0xdedb, 0xdedb, 0xdedb, 0xdedb, 0xdedb, 0xdedb, 0xdedb, 0xdedb, 0xdedb, 0xdedb, 0xdedb, 0xdedb, 0xdedb, 0xdedb, 0xdedb, 0xdedb,
	0xdedb, 0xdedb, 0xdedb, 0xdedb, 0xdedb, 0xdedb, 0xdedb, 0xdedb, 0xdedb, 0xdedb, 0xdedb, 0xdedb, 0xdedb, 0xdedb, 0xdedb, 0xdedb,
	0xdedb, 0xdedb, 0xdedb, 0xdedb, 0xdedb, 0xdedb, 0xdedb, 0xdedb, 0xdedb, 0xdedb, 0xdedb, 0xdedb, 0xdedb, 0xdedb, 0xdedb, 0xce79,
	0xdedb, 0xdedb, 0xdedb, 0xdedb, 0xdedb, 0xdedb, 0xdedb, 0xdedb, 0xdedb, 0xdedb, 0xdedb, 0xdedb, 0xdedb, 0xdedb, 0xdedb, 0xdedb,
	0xdedb, 0xdedb, 0xdedb, 0xdedb, 0xdedb, 0xdedb, 0xdedb, 0xdedb, 0xdedb, 0xdedb, 0xdedb, 0xdedb, 0xdedb, 0xdedb, 0xdedb, 0xdedb,
	0xdedb, 0xdedb, 0xdedb, 0xdedb, 0xdedb, 0xdedb, 0xdedb, 0xdedb, 0xdedb, 0xdedb, 0xdedb, 0xdedb, 0xdedb, 0xdedb, 0xdedb, 0xdedb,
	0xdedb, 0xdedb, 0xdedb, 0xdedb, 0xdedb, 0xdedb, 0xdedb, 0xdedb, 0xdedb, 0xdedb, 0xdedb, 0xdedb, 0xdedb, 0xdedb, 0xdedb, 0xdedb,
	0xdedb, 0xdedb, 0xdedb, 0xdedb, 0xdedb, 0xdedb, 0xdedb, 0xdedb, 0xdedb, 0xdedb, 0xdedb, 0xdedb, 0xdedb, 0xdedb, 0xdedb, 0xdedb,
	0xdedb, 0xdedb, 0xdedb, 0xdedb, 0xdedb, 0xdedb, 0xdedb, 0xdedb, 0xdedb, 0xdedb, 0xdedb, 0xdedb, 0xdedb, 0xdedb, 0xdedb, 0xdedb,
	0xdedb, 0xdedb, 0xdedb, 0xdedb, 0xdedb, 0xdedb, 0xdedb, 0xdedb, 0xdedb, 0xdedb, 0xdedb, 0xdedb, 0xdedb, 0xdedb, 0xdedb, 0xdedb,
	0xdedb, 0xdedb, 0xdedb, 0xdedb, 0xdedb, 0xdedb, 0xdedb, 0xce79, 0xdedb, 0xdedb, 0xdedb, 0xdedb, 0xdedb, 0xdedb, 0xdedb, 0xdedb,
	0xdedb, 0xdedb, 0xdedb, 0xdedb, 0xdedb, 0xdedb, 0xdedb, 0xdedb, 0xdedb, 0xdedb, 0xdedb, 0xdedb, 0xdedb, 0xdedb, 0xdedb, 0xdedb,
	0xdedb, 0xdedb, 0xdedb, 0xdedb, 0xdedb, 0xdedb, 0xdedb, 0xdedb, 0xdedb, 0xdedb, 0xdedb, 0xdedb, 0xdedb, 0xdedb, 0xdedb, 0xdedb,
	0xdedb, 0xdedb, 0xdedb, 0xdedb, 0xdedb, 0xdedb, 0xdedb, 0xdedb, 0xdedb, 0xdedb, 0xdedb, 0xdedb, 0xdedb, 0xdedb, 0xdedb, 0xdedb,
	0xdedb, 0xdedb, 0xdedb, 0xdedb, 0xdedb, 0xdedb, 0xdedb, 0xdedb, 0xdedb, 0xdedb, 0xdedb, 0xdedb, 0xdedb, 0xdedb, 0xdedb, 0xdedb,
	0xdedb, 0xdedb, 0xdedb, 0xdedb, 0xdedb, 0xdedb, 0xdedb, 0xdedb, 0xdedb, 0xdedb, 0xdedb, 0xdedb, 0xdedb, 0xdedb, 0xdedb, 0xdedb,
	0xdedb, 0xdedb, 0xdedb, 0xdedb, 0xdedb, 0xdedb, 0xdedb, 0xdedb, 0xdedb, 0xdedb, 0xdedb, 0xdedb, 0xdedb, 0xdedb, 0xdedb, 0xdedb,
	0xdedb, 0xdedb, 0xdedb, 0xdedb, 0xdedb, 0xdedb, 0xdedb, 0xdedb, 0xdedb, 0xdedb, 0xdedb, 0xdedb, 0xdedb, 0xdedb, 0xdedb, 0xce79,
	0xdedb, 0xdedb, 0xdedb, 0xdedb, 0xdedb, 0xdedb, 0xdedb, 0xdedb, 0xdedb, 0xdedb, 0xdedb, 0xdedb, 0xdedb, 0xdedb, 0xdedb, 0xdedb,
	0xdedb, 0xdedb, 0xdedb, 0xdedb, 0xdedb, 0xdedb, 0xdedb, 0xdedb, 0xdedb, 0xdedb, 0xdedb, 0xdedb, 0xdedb, 0xdedb, 0xdedb, 0xdedb,
	0xdedb, 0xdedb, 0xdedb, 0xdedb, 0xdedb, 0xdedb, 0xdedb, 0xdedb, 0xdedb, 0xdedb, 0xdedb, 0xdedb, 0xdedb, 0xdedb, 0xdedb, 0xdedb,
	0xdedb, 0xdedb, 0xdedb, 0xdedb, 0xdedb, 0xdedb, 0xdedb, 0xdedb, 0xdedb, 0xdedb, 0xdedb, 0xdedb, 0xdedb, 0xdedb, 0xdedb, 0xdedb,
	0xdedb, 0xdedb, 0xdedb, 0xdedb, 0xdedb, 0xdedb, 0xdedb, 0xdedb, 0xdedb, 0xdedb, 0xdedb, 0xdedb, 0xdedb, 0xdedb, 0xdedb, 0xdedb,
	0xdedb, 0xdedb, 0xdedb, 0xdedb, 0xdedb, 0xdedb, 0xdedb, 0xdedb, 0xdedb, 0xdedb, 0xdedb, 0xdedb, 0xdedb, 0xdedb, 0xdedb, 0xdedb,
	0xdedb, 0xdedb, 0xdedb, 0xdedb, 0xdedb, 0xdedb, 0xdedb, 0xdedb, 0xdedb, 0xdedb, 0xdedb, 0xdedb, 0xdedb, 0xdedb, 0xdedb, 0xdedb,
	0xdedb, 0xdedb, 0xdedb, 0xdedb, 0xdedb, 0xdedb, 0xdedb, 0xce79, 0xdedb, 0xdedb, 0xdedb, 0xdedb, 0xdedb, 0xdedb, 0xdedb, 0xdedb,
	0xdedb, 0xdedb, 0xdedb, 0xdedb, 0xdedb, 0xdedb, 0xdedb, 0xdedb, 0xdedb, 0xdedb, 0xdedb, 0xdedb, 0xdedb, 0xdedb, 0xdedb, 0xdedb,
	0xdedb, 0xdedb, 0xdedb, 0xdedb, 0xdedb, 0xdedb, 0xdedb, 0xdedb, 0xdedb, 0xdedb, 0xdedb, 0xdedb, 0xdedb, 0xdedb, 0xdedb, 0xdedb,
	0xdedb, 0xdedb, 0xdedb, 0xdedb, 0xdedb, 0xdedb, 0xdedb, 0xdedb, 0xdedb, 0xdedb, 0xdedb, 0xdedb, 0xdedb, 0xdedb, 0xdedb, 0xdedb,
	0xdedb, 0xdedb, 0xdedb, 0xdedb, 0xdedb, 0xdedb, 0xdedb, 0xdedb, 0xdedb, 0xdedb, 0xdedb, 0xdedb, 0xdedb, 0xdedb, 0xdedb, 0xdedb,
	0xdedb, 0xdedb, 0xdedb, 0xdedb, 0xdedb, 0xdedb, 0xdedb, 0xdedb, 0xdedb, 0xdedb, 0xdedb, 0xdedb, 0xdedb, 0xdedb, 0xdedb, 0xdedb,
	0xdedb, 0xdedb, 0xdedb, 0xdedb, 0xdedb, 0xdedb, 0xdedb, 0xdedb, 0xdedb, 0xdedb, 0xdedb, 0xdedb, 0xdedb, 0xdedb, 0xdedb, 0xdedb,
	0xdedb, 0xdedb, 0xdedb, 0xdedb, 0xdedb, 0xdedb, 0xdedb, 0xdedb, 0xdedb, 0xdedb, 0xdedb, 0xdedb, 0xdedb, 0xdedb, 0xdedb, 0xce79,
	0xdedb, 0xdedb, 0xdedb, 0xdedb, 0xdedb, 0xdedb, 0xdedb, 0xdedb, 0xdedb, 0xdedb, 0xdedb, 0xdedb, 0xdedb, 0xdedb, 0xdedb, 0xdedb,
	0xdedb, 0xdedb, 0xdedb, 0xdedb, 0xdedb, 0xdedb, 0xdedb, 0xdedb, 0xdedb, 0xdedb, 0xdedb, 0xdedb, 0xdedb, 0xdedb, 0xdedb, 0xdedb,
	0xdedb, 0xdedb, 0xdedb, 0xdedb, 0xdedb, 0xdedb, 0xdedb, 0xdedb, 0xdedb, 0xdedb, 0xdedb, 0xdedb, 0xdedb, 0xdedb, 0xdedb, 0xdedb,
	0xdedb, 0xdedb, 0xdedb, 0xdedb, 0xdedb, 0xdedb, 0xdedb, 0xdedb, 0xdedb, 0xdedb, 0xdedb, 0xdedb, 0xdedb, 0xdedb, 0xdedb, 0xdedb,
	0xdedb, 0xdedb, 0xdedb, 0xdedb, 0xdedb, 0xdedb, 0xdedb, 0xdedb, 0xdedb, 0xdedb, 0xdedb, 0xdedb, 0xdedb, 0xdedb, 0xdedb, 0xdedb,
	0xdedb, 0xdedb, 0xdedb, 0xdedb, 0xdedb, 0xdedb, 0xdedb, 0xdedb, 0xdedb, 0xdedb, 0xdedb, 0xdedb, 0xdedb, 0xdedb, 0xdedb, 0xdedb,
	0xdedb, 0xdedb, 0xdedb, 0xdedb, 0xdedb, 0xdedb, 0xdedb, 0xdedb, 0xdedb, 0xdedb, 0xdedb, 0xdedb, 0xdedb, 0xdedb, 0xdedb, 0xdedb,
	0xdedb, 0xdedb, 0xdedb, 0xdedb, 0xdedb, 0xdedb, 0xdedb, 0xce79, 0xdedb, 0xdedb, 0xdedb, 0xdedb, 0xdedb, 0xdedb, 0xdedb, 0xdedb,
	0xdedb, 0xdedb, 0xdedb, 0xdedb, 0xdedb, 0xdedb, 0xdedb, 0xdedb, 0xdedb, 0xdedb, 0xdedb, 0xdedb, 0xdedb, 0xdedb, 0xdedb, 0xdedb,
	0xdedb, 0xdedb, 0xdedb, 0xdedb, 0xdedb, 0xdedb, 0xdedb, 0xdedb, 0xdedb, 0xdedb, 0xdedb, 0xdedb, 0xdedb, 0xdedb, 0xdedb, 0xdedb,
	0xdedb, 0xdedb, 0xdedb, 0xdedb, 0xdedb, 0xdedb, 0xdedb, 0xdedb, 0xdedb, 0xdedb, 0xdedb, 0xdedb, 0xdedb, 0xdedb, 0xdedb, 0xdedb,
	0xdedb, 0xdedb, 0xdedb, 0xdedb, 0xdedb, 0xdedb, 0xdedb, 0xdedb, 0xdedb, 0xdedb, 0xdedb, 0xdedb, 0xdedb, 0xdedb, 0xdedb, 0xdedb,
	0xdedb, 0xdedb, 0xdedb, 0xdedb, 0xdedb, 0xdedb, 0xdedb, 0xdedb, 0xdedb, 0xdedb, 0xdedb, 0xdedb, 0xdedb, 0xdedb, 0xdedb, 0xdedb,
	0xdedb, 0xdedb, 0xdedb, 0xdedb, 0xdedb, 0xdedb, 0xdedb, 0xdedb, 0xdedb, 0xdedb, 0xdedb, 0xdedb, 0xdedb, 0xdedb, 0xdedb, 0xdedb,
	0xdedb, 0xdedb, 0xdedb, 0xdedb, 0xdedb, 0xdedb, 0xdedb, 0xdedb, 0xdedb, 0xdedb, 0xdedb, 0xdedb, 0xdedb, 0xdedb, 0xdedb, 0xce79,
	0xdedb, 0xdedb, 0xdedb, 0xdedb, 0xdedb, 0xdedb, 0xdedb, 0xdedb, 0xdedb, 0xdedb, 0xdedb, 0xdedb, 0xdedb, 0xdedb, 0xdedb, 0xdedb,
	0xdedb, 0xdedb, 0xdedb, 0xdedb, 0xdedb, 0xdedb, 0xdedb, 0xdedb, 0xdedb, 0xdedb, 0xdedb, 0xdedb, 0xdedb, 0xdedb, 0xdedb, 0xdedb,
	0xdedb, 0xdedb, 0xdedb, 0xdedb, 0xdedb, 0xdedb, 0xdedb, 0xdedb, 0xdedb, 0xdedb, 0xdedb, 0xdedb, 0xdedb, 0xdedb, 0xdedb, 0xdedb,
	0xdedb, 0xdedb, 0xdedb, 0xdedb, 0xdedb, 0xdedb, 0xdedb, 0xdedb, 0xdedb, 0xdedb, 0xdedb, 0xdedb, 0xdedb, 0xdedb, 0xdedb, 0xdedb,
	0xdedb, 0xdedb, 0xdedb, 0xdedb, 0xdedb, 0xdedb, 0xdedb, 0xdedb, 0xdedb, 0xdedb, 0xdedb, 0xdedb, 0xdedb, 0xdedb, 0xdedb, 0xdedb,
	0xdedb, 0xdedb, 0xdedb, 0xdedb, 0xdedb, 0xdedb, 0xdedb, 0xdedb, 0xdedb, 0xdedb, 0xdedb, 0xdedb, 0xdedb, 0xdedb, 0xdedb, 0xdedb,
	0xdedb, 0xdedb, 0xdedb, 0xdedb, 0xdedb, 0xdedb, 0xdedb, 0xdedb, 0xdedb, 0xdedb, 0xdedb, 0xdedb, 0xdedb, 0xdedb, 0xdedb, 0xdedb,
	0xdedb, 0xdedb, 0xdedb, 0xdedb, 0xdedb, 0xdedb, 0xdedb, 0xce79, 0xdedb, 0xdedb, 0xdedb, 0xdedb, 0xdedb, 0xdedb, 0xdedb, 0xdedb,
	0xdedb, 0xdedb, 0xdedb, 0xdedb, 0xdedb, 0xdedb, 0xdedb, 0xdedb, 0xdedb, 0xdedb, 0xdedb, 0xdedb, 0xdedb, 0xdedb, 0xdedb, 0xdedb,
	0xdedb, 0xdedb, 0xdedb, 0xdedb, 0xdedb, 0xdedb, 0xdedb, 0xdedb, 0xdedb, 0xdedb, 0xdedb, 0xdedb, 0xdedb, 0xdedb, 0xdedb, 0xdedb,
	0xdedb, 0xdedb, 0xdedb, 0xdedb, 0xdedb, 0xdedb, 0xdedb, 0xdedb, 0xdedb, 0xdedb, 0xdedb, 0xdedb, 0xdedb, 0xdedb, 0xdedb, 0xdedb,
	0xdedb, 0xdedb, 0xdedb, 0xdedb, 0xdedb, 0xdedb, 0xdedb, 0xdedb, 0xdedb, 0xdedb, 0xdedb, 0xdedb, 0xdedb, 0xdedb, 0xdedb, 0xdedb,
	0xdedb, 0xdedb, 0xdedb, 0xdedb, 0xdedb, 0xdedb, 0xdedb, 0xdedb, 0xdedb, 0xdedb, 0xdedb, 0xdedb, 0xdedb, 0xdedb, 0xdedb, 0xdedb,
	0xdedb, 0xdedb, 0xdedb, 0xdedb, 0xdedb, 0xdedb, 0xdedb, 0xdedb, 0xdedb, 0xdedb, 0xdedb, 0xdedb, 0xdedb, 0xdedb, 0xdedb, 0xdedb,
	0xdedb, 0xdedb, 0xdedb, 0xdedb, 0xdedb, 0xdedb, 0xdedb, 0xdedb, 0xdedb, 0xdedb, 0xdedb, 0xdedb, 0xdedb, 0xdedb, 0xdedb, 0xce79,
	0xdedb, 0xdedb, 0xdedb, 0xdedb, 0xdedb, 0xdedb, 0xdedb, 0xdedb, 0xdedb, 0xdedb, 0xdedb, 0xdedb, 0xdedb, 0xdedb, 0xdedb, 0xdedb,
	0xdedb, 0xdedb, 0xdedb, 0xdedb, 0xdedb, 0xdedb, 0xdedb, 0xdedb, 0xdedb, 0xdedb, 0xdedb, 0xdedb, 0xdedb, 0xdedb, 0xdedb, 0xdedb,
	0xdedb, 0xdedb, 0xdedb, 0xdedb, 0xdedb, 0xdedb, 0xdedb, 0xdedb, 0xdedb, 0xdedb, 0xdedb, 0xdedb, 0xdedb, 0xdedb, 0xdedb, 0xdedb,
	0xdedb, 0xdedb, 0xdedb, 0xdedb, 0xdedb, 0xdedb, 0xdedb, 0xdedb, 0xdedb, 0xdedb, 0xdedb, 0xdedb, 0xdedb, 0xdedb, 0xdedb, 0xdedb,
	0xdedb, 0xdedb, 0xdedb, 0xdedb, 0xdedb, 0xdedb, 0xdedb, 0xdedb, 0xdedb, 0xdedb, 0xdedb, 0xdedb, 0xdedb, 0xdedb, 0xdedb, 0xdedb,
	0xdedb, 0xdedb, 0xdedb, 0xdedb, 0xdedb, 0xdedb, 0xdedb, 0xdedb, 0xdedb, 0xdedb, 0xdedb, 0xdedb, 0xdedb, 0xdedb, 0xdedb, 0xdedb,
	0xdedb, 0xdedb, 0xdedb, 0xdedb, 0xdedb, 0xdedb, 0xdedb, 0xdedb, 0xdedb, 0xdedb, 0xdedb, 0xdedb, 0xdedb, 0xdedb, 0xdedb, 0xdedb,
	0xdedb, 0xdedb, 0xdedb, 0xdedb, 0xdedb, 0xdedb, 0xdedb, 0xce79, 0xdedb, 0xdedb, 0xdedb, 0xdedb, 0xdedb, 0xdedb, 0xdedb, 0xdedb,
	0xdedb, 0xdedb, 0xdedb, 0xdedb, 0xdedb, 0xdedb, 0xdedb, 0xdedb, 0xdedb, 0xdedb, 0xdedb, 0xdedb, 0xdedb, 0xdedb, 0xdedb, 0xdedb,
	0xdedb, 0xdedb, 0xdedb, 0xdedb, 0xdedb, 0xdedb, 0xdedb, 0xdedb, 0xdedb, 0xdedb, 0xdedb, 0xdedb, 0xdedb, 0xdedb, 0xdedb, 0xdedb,
	0xdedb, 0xdedb, 0xdedb, 0xdedb, 0xdedb, 0xdedb, 0xdedb, 0xdedb, 0xdedb, 0xdedb, 0xdedb, 0xdedb, 0xdedb, 0xdedb, 0xdedb, 0xdedb,
	0xdedb, 0xdedb, 0xdedb, 0xdedb, 0xdedb, 0xdedb, 0xdedb, 0xdedb, 0xdedb, 0xdedb, 0xdedb, 0xdedb, 0xdedb, 0xdedb, 0xdedb, 0xdedb,
	0xdedb, 0xdedb, 0xdedb, 0xdedb, 0xdedb, 0xdedb, 0xdedb, 0xdedb, 0xdedb, 0xdedb, 0xdedb, 0xdedb, 0xdedb, 0xdedb, 0xdedb, 0xdedb,
	0xdedb, 0xdedb, 0xdedb, 0xdedb, 0xdedb, 0xdedb, 0xdedb, 0xdedb, 0xdedb, 0xdedb, 0xdedb, 0xdedb, 0xdedb, 0xdedb, 0xdedb, 0xdedb,
	0xdedb, 0xdedb, 0xdedb, 0xdedb, 0xdedb, 0xdedb, 0xdedb, 0xdedb, 0xdedb, 0xdedb, 0xdedb, 0xdedb, 0xdedb, 0xdedb, 0xdedb, 0xce79,
	0xdedb, 0xdedb, 0xdedb, 0xdedb, 0xdedb, 0xdedb, 0xdedb, 0xdedb, 0xdedb, 0xdedb, 0xdedb, 0xdedb, 0xdedb, 0xdedb, 0xdedb, 0xdedb,
	0xdedb, 0xdedb, 0xdedb, 0xdedb, 0xdedb, 0xdedb, 0xdedb, 0xdedb, 0xdedb, 0xdedb, 0xdedb, 0xdedb, 0xdedb, 0xdedb, 0xdedb, 0xdedb,
	0xdedb, 0xdedb, 0xdedb, 0xdedb, 0xdedb, 0xdedb, 0xdedb, 0xdedb, 0xdedb, 0xdedb, 0xdedb, 0xdedb, 0xdedb, 0xdedb, 0xdedb, 0xdedb,
	0xdedb, 0xdedb, 0xdedb, 0xdedb, 0xdedb, 0xdedb, 0xdedb, 0xdedb, 0xdedb, 0xdedb, 0xdedb, 0xdedb, 0xdedb, 0xdedb, 0xdedb, 0xdedb,
	0xdedb, 0xdedb, 0xdedb, 0xdedb, 0xdedb, 0xdedb, 0xdedb, 0xdedb, 0xdedb, 0xdedb, 0xdedb, 0xdedb, 0xdedb, 0xdedb, 0xdedb, 0xdedb,
	0xdedb, 0xdedb, 0xdedb, 0xdedb, 0xdedb, 0xdedb, 0xdedb, 0xdedb, 0xdedb, 0xdedb, 0xdedb, 0xdedb, 0xdedb, 0xdedb, 0xdedb, 0xdedb,
	0xdedb, 0xdedb, 0xdedb, 0xdedb, 0xdedb, 0xdedb, 0xdedb, 0xdedb, 0xdedb, 0xdedb, 0xdedb, 0xdedb, 0xdedb, 0xdedb, 0xdedb, 0xdedb,
	0xdedb, 0xdedb, 0xdedb, 0xdedb, 0xdedb, 0xdedb, 0xdedb, 0xce79, 0xdedb, 0xdedb, 0xdedb, 0xdedb, 0xdedb, 0xdedb, 0xdedb, 0xdedb,
	0xdedb, 0xdedb, 0xdedb, 0xdedb, 0xdedb, 0xdedb, 0xdedb, 0xdedb, 0xdedb, 0xdedb, 0xdedb, 0xdedb, 0xdedb, 0xdedb, 0xdedb, 0xdedb,
	0xdedb, 0xdedb, 0xe73c, 0xef5d, 0xef5d, 0xdedb, 0xdedb, 0xdedb, 0xdedb, 0xdedb, 0xdedb, 0xdedb, 0xdedb, 0xdedb, 0xe73c, 0xef5d,
	0xef5d, 0xdefb, 0xdedb, 0xdedb, 0xdedb, 0xdedb, 0xdedb, 0xdedb, 0xdedb, 0xdedb, 0xdedb, 0xdedb, 0xdedb, 0xdedb, 0xdedb, 0xdedb,
	0xdedb, 0xdedb, 0xdedb, 0xdedb, 0xdedb, 0xdedb, 0xdedb, 0xdedb, 0xdedb, 0xdedb, 0xdedb, 0xdedb, 0xdedb, 0xdedb, 0xdedb, 0xdedb,
	0xdedb, 0xdedb, 0xdedb, 0xdedb, 0xdedb, 0xdedb, 0xdedb, 0xdedb, 0xdedb, 0xdedb, 0xdedb, 0xdedb, 0xdedb, 0xdedb, 0xdedb, 0xdedb,
	0xdedb, 0xdedb, 0xdedb, 0xdedb, 0xdedb, 0xdedb, 0xdedb, 0xdedb, 0xdedb, 0xdedb, 0xdedb, 0xdedb, 0xdedb, 0xdedb, 0xdedb, 0xdedb,
	0xdedb, 0xdedb, 0xdedb, 0xdedb, 0xdedb, 0xdedb, 0xdedb, 0xdedb, 0xdedb, 0xdedb, 0xdedb, 0xdedb, 0xdedb, 0xdedb, 0xdedb, 0xce79,
	0xdedb, 0xdedb, 0xdedb, 0xdedb, 0xdedb, 0xdedb, 0xdedb, 0xdedb, 0xdedb, 0xdedb, 0xdedb, 0xdedb, 0xdedb, 0xdedb, 0xdedb, 0xdedb,
	0xdedb, 0xdedb, 0xdedb, 0xdedb, 0xdedb, 0xdedb, 0xdedb, 0xdedb, 0xdedb, 0xdedb, 0x8410, 0x6b6d, 0x8410, 0xdedb, 0xdedb, 0xdedb,
	0xdedb, 0xdedb, 0xdedb, 0xdedb, 0xdedb, 0xe71c, 0x9cd3, 0x6b6d, 0x6b6d, 0xc638, 0xdefb, 0xdedb, 0xdedb, 0xdedb, 0xdedb, 0xdedb,
	0xdedb, 0xdedb, 0xdedb, 0xdedb, 0xdedb, 0xdedb, 0xdedb, 0xdedb, 0xdedb, 0xdedb, 0xdefb, 0xef5d, 0xdedb, 0xdedb, 0xdedb, 0xdedb,
	0xdedb, 0xdedb, 0xdedb, 0xdedb, 0xdedb, 0xdedb, 0xdedb, 0xdedb, 0xdedb, 0xdedb, 0xdedb, 0xdedb, 0xdedb, 0xdedb, 0xdedb, 0xdedb,
	0xdedb, 0xdedb, 0xdedb, 0xdedb, 0xdedb, 0xdedb, 0xdedb, 0xdedb, 0xdedb, 0xdedb, 0xdedb, 0xdedb, 0xdedb, 0xdedb, 0xdedb, 0xdedb,
	0xdedb, 0xdedb, 0xdedb, 0xdedb, 0xdedb, 0xdedb, 0xdedb, 0xdedb, 0xdedb, 0xdedb, 0xdedb, 0xdedb, 0xdedb, 0xdedb, 0xdedb, 0xdedb,
	0xdedb, 0xdedb, 0xdedb, 0xdedb, 0xdedb, 0xdedb, 0xdedb, 0xce79, 0xdedb, 0xdedb, 0xdedb, 0xdedb, 0xdedb, 0xdedb, 0xdedb, 0xdedb,
	0xdedb, 0xdedb, 0xdedb, 0xdedb, 0xdedb, 0xdedb, 0xdedb, 0xdedb, 0xdedb, 0xdedb, 0xdedb, 0xdedb, 0xdedb, 0xdedb, 0xdedb, 0xdedb,
	0xdefb, 0xdedb, 0x18e3, 0x0000, 0x0000, 0xb596, 0xe73c, 0xdedb, 0xdedb, 0xdedb, 0xdedb, 0xdedb, 0xdefb, 0xd6ba, 0x18c3, 0x0000,
	0x0000, 0xb596, 0xe73c, 0xdedb, 0xdedb, 0xdedb, 0xdedb, 0xdedb, 0xdedb, 0xdedb, 0xdedb, 0xdedb, 0xdedb, 0xdedb, 0xdedb, 0xdedb,
	0xdedb, 0xdefb, 0xc618, 0x8410, 0xd6ba, 0xdedb, 0xdedb, 0xdedb, 0xdedb, 0xdedb, 0xdedb, 0xdedb, 0xdedb, 0xdedb, 0xdedb, 0xdedb,
	0xdedb, 0xdedb, 0xdedb, 0xdedb, 0xdedb, 0xdedb, 0xdedb, 0xdedb, 0xdedb, 0xdedb, 0xdedb, 0xdedb, 0xdedb, 0xdedb, 0xdedb, 0xdedb,
	0xdedb, 0xdedb, 0xdedb, 0xdedb, 0xdedb, 0xdedb, 0xdedb, 0xdedb, 0xdedb, 0xdedb, 0xdedb, 0xdedb, 0xdedb, 0xdedb, 0xdedb, 0xdedb,
	0xdedb, 0xdedb, 0xdedb, 0xdedb, 0xdedb, 0xdedb, 0xdedb, 0xdedb, 0xdedb, 0xdedb, 0xdedb, 0xdedb, 0xdedb, 0xdedb, 0xdedb, 0xce79,
	0xdedb, 0xdedb, 0xdedb, 0xdedb, 0xdedb, 0xdedb, 0xdedb, 0xdedb, 0xdedb, 0xdedb, 0xdedb, 0xdedb, 0xdedb, 0xdedb, 0xdedb, 0xdedb,
	0xdedb, 0xdedb, 0xdedb, 0xdedb, 0xdedb, 0xdedb, 0xdedb, 0xdedb, 0xdefb, 0xdedb, 0x2945, 0x10a2, 0x0000, 0x630c, 0xef5d, 0xdedb,
	0xdedb, 0xdedb, 0xdedb, 0xdedb, 0xe73c, 0x9cd3, 0x0000, 0x18e3, 0x0000, 0xb596, 0xe71c, 0xdedb, 0xdedb, 0xdedb, 0xdedb, 0xdedb,
	0xdefb, 0xe71c, 0xe71c, 0xdefb, 0xdedb, 0xdedb, 0xdedb, 0xdedb, 0xdedb, 0xef5d, 0x7bef, 0x0841, 0xd6ba, 0xdefb, 0xdedb, 0xdedb,
	0xdedb, 0xdedb, 0xdedb, 0xdedb, 0xdefb, 0xe71c, 0xe71c, 0xdefb, 0xdedb, 0xdedb, 0xdedb, 0xdedb, 0xdedb, 0xdedb, 0xdedb, 0xdedb,
	0xdedb, 0xdedb, 0xdefb, 0xe71c, 0xe71c, 0xdedb, 0xdedb, 0xdedb, 0xdedb, 0xdefb, 0xe71c, 0xe71c, 0xdefb, 0xdedb, 0xdedb, 0xdedb,
	0xdedb, 0xdedb, 0xdedb, 0xdedb, 0xdedb, 0xdedb, 0xdedb, 0xdedb, 0xdedb, 0xdedb, 0xdedb, 0xdedb, 0xdedb, 0xdedb, 0xdedb, 0xdedb,
	0xdedb, 0xdedb, 0xdedb, 0xdedb, 0xdedb, 0xdedb, 0xdedb, 0xce79, 0xdedb, 0xdedb, 0xdedb, 0xdedb, 0xdedb, 0xdedb, 0xdedb, 0xdedb,
	0xdedb, 0xdedb, 0xdedb, 0xdedb, 0xdedb, 0xdedb, 0xdedb, 0xdedb, 0xdedb, 0xdedb, 0xdedb, 0xdedb, 0xdedb, 0xdedb, 0xdedb, 0xdedb,
	0xdefb, 0xdedb, 0x2104, 0x39e7, 0x3186, 0x1082, 0xd69a, 0xdefb, 0xdedb, 0xdedb, 0xdedb, 0xdedb, 0xe73c, 0x39e7, 0x18e3, 0x52aa,
	0x0000, 0xb596, 0xe71c, 0xdedb, 0xdedb, 0xdedb, 0xe71c, 0xe73c, 0xce59, 0xbdf7, 0xbdf7, 0xdedb, 0xef5d, 0xdedb, 0xdedb, 0xdedb,
	0xe71c, 0xef7d, 0x39e7, 0x10a2, 0xdefb, 0xe73c, 0xe71c, 0xdedb, 0xdedb, 0xdedb, 0xdefb, 0xef5d, 0xd6ba, 0xbdf7, 0xbdf7, 0xce79,
	0xe73c, 0xe71c, 0xdedb, 0xdedb, 0xdedb, 0xdedb, 0xdefb, 0xe71c, 0xdedb, 0xe73c, 0xd6ba, 0xbdf7, 0xc618, 0xd6ba, 0xdedb, 0xe73c,
	0xe71c, 0xc638, 0xbdf7, 0xbdf7, 0xd69a, 0xe73c, 0xdefb, 0xdedb, 0xdedb, 0xdedb, 0xdedb, 0xdedb, 0xdedb, 0xdedb, 0xdedb, 0xdedb,
	0xdedb, 0xdedb, 0xdedb, 0xdedb, 0xdedb, 0xdedb, 0xdedb, 0xdedb, 0xdedb, 0xdedb, 0xdedb, 0xdedb, 0xdedb, 0xdedb, 0xdedb, 0xce79,
	0xdedb, 0xdedb, 0xdedb, 0xdedb, 0xdedb, 0xdedb, 0xdedb, 0xdedb, 0xdedb, 0xdedb, 0xdedb, 0xdedb, 0xdedb, 0xdedb, 0xdedb, 0xdedb,
	0xdedb, 0xdedb, 0xdedb, 0xdedb, 0xdedb, 0xdedb, 0xdedb, 0xdedb, 0xdefb, 0xdedb, 0x18e3, 0x4208, 0x8430, 0x0000, 0x9492, 0xef5d,
	0xdedb, 0xdedb, 0xdedb, 0xe71c, 0xbdf7, 0x0000, 0x738e, 0x630c, 0x0000, 0xb596, 0xe71c, 0xdedb, 0xdedb, 0xe73c, 0xbdf7, 0x4a69,
	0x0841, 0x0000, 0x0000, 0x2104, 0x8430, 0xe71c, 0xdefb, 0xe71c, 0xb596, 0x39c7, 0x0000, 0x0020, 0x2124, 0x2124, 0x2124, 0xb596,
	0xe71c, 0xdefb, 0xdefb, 0x7bcf, 0x18c3, 0x0000, 0x0000, 0x0861, 0x5acb, 0xce59, 0xe71c, 0xdedb, 0xdedb, 0xe73c, 0x8430, 0x39e7,
	0xdefb, 0x9cd3, 0x18c3, 0x0000, 0x1082, 0xce79, 0xef5d, 0xb596, 0x39e7, 0x0000, 0x0000, 0x0000, 0x1082, 0x4a49, 0xc638, 0xdefb,
	0xdedb, 0xdedb, 0xdedb, 0xdedb, 0xdedb, 0xdedb, 0xdedb, 0xdedb, 0xdedb, 0xdedb, 0xdedb, 0xdedb, 0xdedb, 0xdedb, 0xdedb, 0xdedb,
	0xdedb, 0xdedb, 0xdedb, 0xdedb, 0xdedb, 0xdedb, 0xdedb, 0xce79, 0xdedb, 0xdedb, 0xdedb, 0xdedb, 0xdedb, 0xdedb, 0xdedb, 0xdedb,
	0xdedb, 0xdedb, 0xdedb, 0xdedb, 0xdedb, 0xdedb, 0xdedb, 0xdedb, 0xdedb, 0xdedb, 0xdedb, 0xdedb, 0xdedb, 0xdedb, 0xdedb, 0xdedb,
	0xdefb, 0xdedb, 0x18e3, 0x39c7, 0xce79, 0x0020, 0x39c7, 0xe73c, 0xdedb, 0xdedb, 0xdedb, 0xef5d, 0x738e, 0x0000, 0xc618, 0x5aeb,
	0x0000, 0xb596, 0xe71c, 0xdedb, 0xe71c, 0xbdf7, 0x10a2, 0x0000, 0x5acb, 0x9492, 0x7bef, 0x2124, 0x0000, 0x6b4d, 0xe73c, 0xe73c,
	0x9cf3, 0x4228, 0x0861, 0x0841, 0x4228, 0x4a49, 0x4228, 0xbdd7, 0xe71c, 0xe71c, 0x528a, 0x0000, 0x3186, 0x8430, 0x8c71, 0x4a69,
	0x0000, 0x2124, 0xce59, 0xe71c, 0xdedb, 0xef5d, 0x632c, 0x0000, 0x73ae, 0x0000, 0x39e7, 0x6b6d, 0x738e, 0xdefb, 0xbdf7, 0x0861,
	0x1082, 0x73ae, 0x9cd3, 0x8410, 0x4208, 0x2124, 0xc638, 0xdefb, 0xdedb, 0xdedb, 0xdedb, 0xdedb, 0xdedb, 0xdedb, 0xdedb, 0xdedb,
	0xdedb, 0xdedb, 0xdedb, 0xdedb, 0xdedb, 0xdedb, 0xdedb, 0xdedb, 0xdedb, 0xdedb, 0xdedb, 0xdedb, 0xdedb, 0xdedb, 0xdedb, 0xce79,
	0xdedb, 0xdedb, 0xdedb, 0xdedb, 0xdedb, 0xdedb, 0xdedb, 0xdedb, 0xdedb, 0xdedb, 0xdedb, 0xdedb, 0xdedb, 0xdedb, 0xdedb, 0xdedb,
	0xdedb, 0xdedb, 0xdedb, 0xdedb, 0xdedb, 0xdedb, 0xdedb, 0xdedb, 0xdefb, 0xdedb, 0x18e3, 0x3186, 0xef7d, 0x4a69, 0x0000, 0xbdd7,
	0xe71c, 0xdedb, 0xdefb, 0xdedb, 0x18c3, 0x3186, 0xef7d, 0x528a, 0x0000, 0xb596, 0xe71c, 0xdedb, 0xe71c, 0x39c7, 0x0000, 0xa514,
	0xf79e, 0xef5d, 0xef7d, 0xe71c, 0x4208, 0x0000, 0xa534, 0xe73c, 0xe71c, 0xef7d, 0x2945, 0x18c3, 0xe73c, 0xef7d, 0xef5d, 0xdefb,
	0xe73c, 0x8c71, 0x0000, 0x52aa, 0xef5d, 0xef5d, 0xef5d, 0xf79e, 0x8c71, 0x0000, 0x528a, 0xe73c, 0xdedb, 0xef5d, 0x738e, 0x0000,
	0x0000, 0x8c51, 0xef7d, 0xef5d, 0xe73c, 0xef5d, 0x738e, 0x0000, 0xad55, 0xf7be, 0xe73c, 0xef5d, 0xe73c, 0xdedb, 0xdedb, 0xdedb,
	0xdedb, 0xdedb, 0xdedb, 0xdedb, 0xdedb, 0xdedb, 0xdedb, 0xdedb, 0xdedb, 0xdedb, 0xdedb, 0xdedb, 0xdedb, 0xdedb, 0xdedb, 0xdedb,
	0xdedb, 0xdedb, 0xdedb, 0xdedb, 0xdedb, 0xdedb, 0xdedb, 0xce79, 0xdedb, 0xdedb, 0xdedb, 0xdedb, 0xdedb, 0xdedb, 0xdedb, 0xdedb,
	0xdedb, 0xdedb, 0xdedb, 0xdedb, 0xdedb, 0xdedb, 0xdedb, 0xdedb, 0xdedb, 0xdedb, 0xdedb, 0xdedb, 0xdedb, 0xdedb, 0xdedb, 0xdedb,
	0xdefb, 0xdedb, 0x18e3, 0x3186, 0xef7d, 0xa514, 0x0000, 0x6b6d, 0xef5d, 0xdedb, 0xe73c, 0xa514, 0x0000, 0x8c51, 0xf7be, 0x528a,
	0x0000, 0xb596, 0xe71c, 0xe71c, 0xb596, 0x0000, 0x4228, 0xef5d, 0xdedb, 0xdedb, 0xdedb, 0xef5d, 0xb596, 0x0000, 0x4a69, 0xe73c,
	0xdefb, 0xdedb, 0x2124, 0x18c3, 0xd6ba, 0xdefb, 0xdedb, 0xdedb, 0xe71c, 0x31a6, 0x0000, 0xc618, 0xe73c, 0xdedb, 0xdedb, 0xdefb,
	0xe73c, 0x3186, 0x0000, 0xc618, 0xe71c, 0xef5d, 0x738e, 0x0000, 0x528a, 0xef7d, 0xdedb, 0xdedb, 0xdedb, 0xef5d, 0x73ae, 0x0000,
	0x8c51, 0xf79e, 0xe73c, 0xdedb, 0xdedb, 0xdefb, 0xdedb, 0xdedb, 0xdedb, 0xdedb, 0xdedb, 0xdedb, 0xdedb, 0xdedb, 0xdedb, 0xdedb,
	0xdedb, 0xdedb, 0xdedb, 0xdedb, 0xdedb, 0xdedb, 0xdedb, 0xdedb, 0xdedb, 0xdedb, 0xdedb, 0xdedb, 0xdedb, 0xdedb, 0xdedb, 0xce79,
	0xdedb, 0xdedb, 0xdedb, 0xdedb, 0xdedb, 0xdedb, 0xdedb, 0xdedb, 0xdedb, 0xdedb, 0xdedb, 0xdedb, 0xdedb, 0xdedb, 0xdedb, 0xdedb,
	0xdedb, 0xdedb, 0xdedb, 0xdedb, 0xdedb, 0xdedb, 0xdedb, 0xdedb, 0xdefb, 0xdedb, 0x18e3, 0x3186, 0xe73c, 0xdedb, 0x18c3, 0x18c3,
	0xd6ba, 0xdefb, 0xe73c, 0x4a49, 0x0841, 0xce79, 0xef7d, 0x528a, 0x0000, 0xb596, 0xe71c, 0xef5d, 0x8c51, 0x0000, 0x7bef, 0xef5d,
	0xdedb, 0xdedb, 0xdedb, 0xdefb, 0xd6ba, 0x10a2, 0x18e3, 0xd6ba, 0xdefb, 0xdedb, 0x2124, 0x18c3, 0xd6ba, 0xdefb, 0xdedb, 0xdefb,
	0xce79, 0x0861, 0x2124, 0xdefb, 0xdefb, 0xdedb, 0xdedb, 0xdedb, 0xef5d, 0x6b6d, 0x0000, 0x9cd3, 0xe73c, 0xef5d, 0x738e, 0x0000,
	0x9cd3, 0xef5d, 0xdedb, 0xdedb, 0xdedb, 0xe71c, 0xc618, 0x18c3, 0x0000, 0x5acb, 0xb596, 0xe71c, 0xef5d, 0xdedb, 0xdedb, 0xdedb,
	0xdedb, 0xdedb, 0xdedb, 0xdedb, 0xdedb, 0xdedb, 0xdedb, 0xdedb, 0xdedb, 0xdedb, 0xdedb, 0xdedb, 0xdedb, 0xdedb, 0xdedb, 0xdedb,
	0xdedb, 0xdedb, 0xdedb, 0xdedb, 0xdedb, 0xdedb, 0xdedb, 0xce79, 0xdedb, 0xdedb, 0xdedb, 0xdedb, 0xdedb, 0xdedb, 0xdedb, 0xdedb,
	0xdedb, 0xdedb, 0xdedb, 0xdedb, 0xdedb, 0xdedb, 0xdedb, 0xdedb, 0xdedb, 0xdedb, 0xdedb, 0xdedb, 0xdedb, 0xdedb, 0xdedb, 0xdedb,
	0xdefb, 0xdedb, 0x18e3, 0x3186, 0xe71c, 0xef5d, 0x738e, 0x0000, 0x9cf3, 0xef7d, 0xc638, 0x0000, 0x52aa, 0xef5d, 0xe73c, 0x528a,
	0x0000, 0xb596, 0xe71c, 0xef5d, 0x73ae, 0x0000, 0x9492, 0xe73c, 0xdedb, 0xdedb, 0xdedb, 0xdefb, 0xdedb, 0x2945, 0x0841, 0xce59,
	0xe71c, 0xdedb, 0x2124, 0x18c3, 0xd6ba, 0xdefb, 0xdedb, 0xe71c, 0xc618, 0x0000, 0x39e7, 0xe71c, 0xdedb, 0xdedb, 0xdedb, 0xdedb,
	0xef5d, 0x7bef, 0x0000, 0x8430, 0xef5d, 0xef5d, 0x738e, 0x0000, 0xa534, 0xe73c, 0xdedb, 0xdedb, 0xdedb, 0xdedb, 0xe71c, 0xbdf7,
	0x4a49, 0x0000, 0x0000, 0x3186, 0x9492, 0xe71c, 0xdefb, 0xdedb, 0xdedb, 0xdedb, 0xdedb, 0xdedb, 0xdedb, 0xdedb, 0xdedb, 0xdedb,
	0xdedb, 0xdedb, 0xdedb, 0xdedb, 0xdedb, 0xdedb, 0xdedb, 0xdedb, 0xdedb, 0xdedb, 0xdedb, 0xdedb, 0xdedb, 0xdedb, 0xdedb, 0xce79,
	0xdedb, 0xdedb, 0xdedb, 0xdedb, 0xdedb, 0xdedb, 0xdedb, 0xdedb, 0xdedb, 0xdedb, 0xdedb, 0xdedb, 0xdedb, 0xdedb, 0xdedb, 0xdedb,
	0xdedb, 0xdedb, 0xdedb, 0xdedb, 0xdedb, 0xdedb, 0xdedb, 0xdedb, 0xdefb, 0xdedb, 0x18e3, 0x3186, 0xe71c, 0xe73c, 0xbdd7, 0x0000,
	0x4a49, 0xf7be, 0x7bef, 0x0000, 0xad55, 0xe73c, 0xe73c, 0x528a, 0x0000, 0xb596, 0xe71c, 0xef5d, 0x7bcf, 0x0000, 0x8c71, 0xef5d,
	0xdedb, 0xdedb, 0xdedb, 0xdefb, 0xdedb, 0x2124, 0x0861, 0xce79, 0xe71c, 0xdedb, 0x2124, 0x18c3, 0xd6ba, 0xdefb, 0xdedb, 0xe71c,
	0xc638, 0x0000, 0x39c7, 0xe71c, 0xdedb, 0xdedb, 0xdedb, 0xdedb, 0xef5d, 0x7bef, 0x0000, 0x8c51, 0xef5d, 0xef5d, 0x738e, 0x0000,
	0xa534, 0xe73c, 0xdedb, 0xdedb, 0xdedb, 0xdedb, 0xdedb, 0xe71c, 0xe73c, 0xb5b6, 0x632c, 0x0841, 0x0000, 0x4a69, 0xdedb, 0xdefb,
	0xdedb, 0xdedb, 0xdedb, 0xdedb, 0xdedb, 0xdedb, 0xdedb, 0xdedb, 0xdedb, 0xdedb, 0xdedb, 0xdedb, 0xdedb, 0xdedb, 0xdedb, 0xdedb,
	0xdedb, 0xdedb, 0xdedb, 0xdedb, 0xdedb, 0xdedb, 0xdedb, 0xce79, 0xdedb, 0xdedb, 0xdedb, 0xdedb, 0xdedb, 0xdedb, 0xdedb, 0xdedb,
	0xdedb, 0xdedb, 0xdedb, 0xdedb, 0xdedb, 0xdedb, 0xdedb, 0xdedb, 0xdedb, 0xdedb, 0xdedb, 0xdedb, 0xdedb, 0xdedb, 0xdedb, 0xdedb,
	0xdefb, 0xdedb, 0x18e3, 0x3186, 0xe71c, 0xdefb, 0xe73c, 0x39c7, 0x0020, 0xce59, 0x2945, 0x2124, 0xdefb, 0xdefb, 0xe73c, 0x528a,
	0x0000, 0xb596, 0xe71c, 0xe73c, 0x94b2, 0x0000, 0x738e, 0xef5d, 0xdedb, 0xdedb, 0xdedb, 0xdefb, 0xd69a, 0x0861, 0x2124, 0xdedb,
	0xdefb, 0xdedb, 0x2124, 0x18c3, 0xd6ba, 0xdefb, 0xdedb, 0xdefb, 0xd6ba, 0x18c3, 0x18c3, 0xdedb, 0xdefb, 0xdedb, 0xdedb, 0xdedb,
	0xef5d, 0x630c, 0x0000, 0xa514, 0xe73c, 0xef5d, 0x738e, 0x0000, 0xa534, 0xe73c, 0xdedb, 0xdedb, 0xdedb, 0xdedb, 0xdedb, 0xdedb,
	0xdedb, 0xe71c, 0xef5d, 0xd69a, 0x4a49, 0x0000, 0x8430, 0xe73c, 0xdedb, 0xdedb, 0xdedb, 0xdedb, 0xdedb, 0xdedb, 0xdedb, 0xdedb,
	0xdedb, 0xdedb, 0xdedb, 0xdedb, 0xdedb, 0xdedb, 0xdedb, 0xdedb, 0xdedb, 0xdedb, 0xdedb, 0xdedb, 0xdedb, 0xdedb, 0xdedb, 0xce79,
	0xdedb, 0xdedb, 0xdedb, 0xdedb, 0xdedb, 0xdedb, 0xdedb, 0xdedb, 0xdedb, 0xdedb, 0xdedb, 0xdedb, 0xdedb, 0xdedb, 0xdedb, 0xdedb,
	0xdedb, 0xdedb, 0xdedb, 0xdedb, 0xdedb, 0xdedb, 0xdedb, 0xdedb, 0xdefb, 0xdedb, 0x18e3, 0x3186, 0xe71c, 0xdedb, 0xef5d, 0x9492,
	0x0000, 0x4228, 0x0000, 0x7bef, 0xef5d, 0xdedb, 0xe73c, 0x528a, 0x0000, 0xb596, 0xe71c, 0xe71c, 0xc638, 0x0020, 0x2965, 0xe73c,
	0xdefb, 0xdedb, 0xdedb, 0xef7d, 0x9cf3, 0x0000, 0x5aeb, 0xef5d, 0xdefb, 0xdedb, 0x2124, 0x1082, 0xdedb, 0xdefb, 0xdedb, 0xdedb,
	0xe73c, 0x528a, 0x0000, 0xad75, 0xef5d, 0xdedb, 0xdedb, 0xe71c, 0xdefb, 0x18e3, 0x0861, 0xce79, 0xdefb, 0xef5d, 0x738e, 0x0000,
	0xa534, 0xe73c, 0xdedb, 0xdedb, 0xdedb, 0xdedb, 0xe71c, 0xe71c, 0xdedb, 0xdedb, 0xdedb, 0xef7d, 0xc618, 0x0000, 0x5aeb, 0xef5d,
	0xdedb, 0xdedb, 0xdedb, 0xdedb, 0xdedb, 0xdedb, 0xdedb, 0xdedb, 0xdedb, 0xdedb, 0xdedb, 0xdedb, 0xdedb, 0xdedb, 0xdedb, 0xdedb,
	0xdedb, 0xdedb, 0xdedb, 0xdedb, 0xdedb, 0xdedb, 0xdedb, 0xce79, 0xdedb, 0xdedb, 0xdedb, 0xdedb, 0xdedb, 0xdedb, 0xdedb, 0xdedb,
	0xdedb, 0xdedb, 0xdedb, 0xdedb, 0xdedb, 0xdedb, 0xdedb, 0xdedb, 0xdedb, 0xdedb, 0xdedb, 0xdedb, 0xdedb, 0xdedb, 0xdedb, 0xdedb,
	0xdefb, 0xdedb, 0x18e3, 0x3186, 0xe71c, 0xdedb, 0xdefb, 0xd69a, 0x18c3, 0x0000, 0x0861, 0xc638, 0xe71c, 0xdedb, 0xe73c, 0x528a,
	0x0000, 0xb596, 0xe71c, 0xdedb, 0xe73c, 0x632c, 0x0000, 0x738e, 0xe71c, 0xef5d, 0xef5d, 0xc618, 0x2104, 0x0020, 0xbdd7, 0xe71c,
	0xdedb, 0xe73c, 0x39e7, 0x0000, 0xad55, 0xf79e, 0xe73c, 0xdedb, 0xe71c, 0xb5b6, 0x0000, 0x2945, 0xce59, 0xef5d, 0xef5d, 0xdefb,
	0x630c, 0x0000, 0x6b6d, 0xe73c, 0xdedb, 0xef5d, 0x738e, 0x0000, 0xa534, 0xe73c, 0xdedb, 0xdedb, 0xdedb, 0xdefb, 0xad75, 0xb596,
	0xdefb, 0xef5d, 0xef5d, 0xef5d, 0x8410, 0x0000, 0x8410, 0xef5d, 0xdedb, 0xdedb, 0xdedb, 0xdedb, 0xdedb, 0xdedb, 0xdedb, 0xdedb,
	0xdedb, 0xdedb, 0xdedb, 0xdedb, 0xdedb, 0xdedb, 0xdedb, 0xdedb, 0xdedb, 0xdedb, 0xdedb, 0xdedb, 0xdedb, 0xdedb, 0xdedb, 0xce79,
	0xdedb, 0xdedb, 0xdedb, 0xdedb, 0xdedb, 0xdedb, 0xdedb, 0xdedb, 0xdedb, 0xdedb, 0xdedb, 0xdedb, 0xdedb, 0xdedb, 0xdedb, 0xdedb,
	0xdedb, 0xdedb, 0xdedb, 0xdedb, 0xdedb, 0xdedb, 0xdedb, 0xdedb, 0xdefb, 0xdedb, 0x1082, 0x2104, 0xe71c, 0xdedb, 0xdedb, 0xef5d,
	0x630c, 0x0000, 0x528a, 0xef5d, 0xdedb, 0xdedb, 0xe73c, 0x4228, 0x0000, 0xb596, 0xe73c, 0xdedb, 0xdefb, 0xdedb, 0x4228, 0x0000,
	0x2104, 0x52aa, 0x4228, 0x0000, 0x0000, 0x9492, 0xe73c, 0xdedb, 0xdedb, 0xe73c, 0x94b2, 0x0000, 0x0020, 0x528a, 0x4a49, 0xad55,
	0xe71c, 0xe73c, 0x8c71, 0x0000, 0x0000, 0x4228, 0x52aa, 0x18c3, 0x0000, 0x4a69, 0xdedb, 0xdefb, 0xdedb, 0xef5d, 0x632c, 0x0000,
	0xa514, 0xe73c, 0xdedb, 0xdedb, 0xdedb, 0xef5d, 0x738e, 0x0000, 0x2124, 0x528a, 0x52aa, 0x2965, 0x0000, 0x39c7, 0xd6ba, 0xdefb,
	0xdedb, 0xdedb, 0xdedb, 0xdedb, 0xdedb, 0xdedb, 0xdedb, 0xdedb, 0xdedb, 0xdedb, 0xdedb, 0xdedb, 0xdedb, 0xdedb, 0xdedb, 0xdedb,
	0xdedb, 0xdedb, 0xdedb, 0xdedb, 0xdedb, 0xdedb, 0xdedb, 0xce79, 0xdedb, 0xdedb, 0xdedb, 0xdedb, 0xdedb, 0xdedb, 0xdedb, 0xdedb,
	0xdedb, 0xdedb, 0xdedb, 0xdedb, 0xdedb, 0xdedb, 0xdedb, 0xdedb, 0xdedb, 0xdedb, 0xdedb, 0xdedb, 0xdedb, 0xdedb, 0xdedb, 0xdedb,
	0xdedb, 0xdedb, 0x7bef, 0x8430, 0xdefb, 0xdedb, 0xdedb, 0xe71c, 0xbdf7, 0x6b6d, 0xb5b6, 0xe71c, 0xdedb, 0xdedb, 0xdefb, 0x94b2,
	0x6b6d, 0xc638, 0xdefb, 0xdedb, 0xdedb, 0xdefb, 0xdefb, 0x8c71, 0x39e7, 0x18c3, 0x2104, 0x5acb, 0xb5b6, 0xe73c, 0xdedb, 0xdedb,
	0xdedb, 0xdedb, 0xe71c, 0x9492, 0x39c7, 0x18c3, 0x2965, 0xbdd7, 0xe71c, 0xdedb, 0xe73c, 0xb596, 0x52aa, 0x18e3, 0x18c3, 0x4208,
	0x8c71, 0xdefb, 0xdefb, 0xdedb, 0xdedb, 0xe71c, 0xa534, 0x6b6d, 0xc618, 0xdefb, 0xdedb, 0xdedb, 0xdedb, 0xdefb, 0xc638, 0x6b6d,
	0x3186, 0x18c3, 0x18c3, 0x31a6, 0x8410, 0xd6ba, 0xe71c, 0xdedb, 0xdedb, 0xdedb, 0xdedb, 0xdedb, 0xdedb, 0xdedb, 0xdedb, 0xdedb,
	0xdedb, 0xdedb, 0xdedb, 0xdedb, 0xdedb, 0xdedb, 0xdedb, 0xdedb, 0xdedb, 0xdedb, 0xdedb, 0xdedb, 0xdedb, 0xdedb, 0xdedb, 0xce79,
	0xdedb, 0xdedb, 0xdedb, 0xdedb, 0xdedb, 0xdedb, 0xdedb, 0xdedb, 0xdedb, 0xdedb, 0xdedb, 0xdedb, 0xdedb, 0xdedb, 0xdedb, 0xdedb,
	0xdedb, 0xdedb, 0xdedb, 0xdedb, 0xdedb, 0xdedb, 0xdedb, 0xdedb, 0xdedb, 0xdedb, 0xef5d, 0xe73c, 0xdedb, 0xdedb, 0xdedb, 0xdedb,
	0xdefb, 0xef5d, 0xe71c, 0xdedb, 0xdedb, 0xdedb, 0xdedb, 0xe73c, 0xef5d, 0xdefb, 0xdedb, 0xdedb, 0xdedb, 0xdedb, 0xdedb, 0xef5d,
	0xe71c, 0xdefb, 0xdefb, 0xef5d, 0xe71c, 0xdedb, 0xdedb, 0xdedb, 0xdedb, 0xdedb, 0xdedb, 0xe73c, 0xe71c, 0xdefb, 0xe71c, 0xdefb,
	0xdedb, 0xdedb, 0xdedb, 0xe71c, 0xe73c, 0xdefb, 0xdefb, 0xe73c, 0xef5d, 0xdedb, 0xdedb, 0xdedb, 0xdedb, 0xdedb, 0xe71c, 0xef5d,
	0xdefb, 0xdedb, 0xdedb, 0xdedb, 0xdedb, 0xdedb, 0xdefb, 0xef5d, 0xe71c, 0xdefb, 0xdefb, 0xe71c, 0xef5d, 0xdefb, 0xdedb, 0xdedb,
	0xdedb, 0xdedb, 0xdedb, 0xdedb, 0xdedb, 0xdedb, 0xdedb, 0xdedb, 0xdedb, 0xdedb, 0xdedb, 0xdedb, 0xdedb, 0xdedb, 0xdedb, 0xdedb,
	0xdedb, 0xdedb, 0xdedb, 0xdedb, 0xdedb, 0xdedb, 0xdedb, 0xce79, 0xdedb, 0xdedb, 0xdedb, 0xdedb, 0xdedb, 0xdedb, 0xdedb, 0xdedb,
	0xdedb, 0xdedb, 0xdedb, 0xdedb, 0xdedb, 0xdedb, 0xdedb, 0xdedb, 0xdedb, 0xdedb, 0xdedb, 0xdedb, 0xdedb, 0xdedb, 0xdedb, 0xdedb,
	0xdedb, 0xdedb, 0xdedb, 0xdedb, 0xdedb, 0xdedb, 0xdedb, 0xdedb, 0xdedb, 0xdedb, 0xdedb, 0xdedb, 0xdedb, 0xdedb, 0xdedb, 0xdedb,
	0xdedb, 0xdedb, 0xdedb, 0xdedb, 0xdedb, 0xdedb, 0xdedb, 0xdedb, 0xdedb, 0xdedb, 0xdedb, 0xdedb, 0xdedb, 0xdedb, 0xdedb, 0xdedb,
	0xdedb, 0xdedb, 0xdedb, 0xdedb, 0xdedb, 0xdedb, 0xdedb, 0xdedb, 0xdedb, 0xdedb, 0xdedb, 0xdedb, 0xdedb, 0xdedb, 0xdedb, 0xdedb,
	0xdedb, 0xdedb, 0xdedb, 0xdedb, 0xdedb, 0xdedb, 0xdedb, 0xdedb, 0xdedb, 0xdedb, 0xdedb, 0xdedb, 0xdedb, 0xdedb, 0xdedb, 0xdedb,
	0xdedb, 0xdedb, 0xdedb, 0xdedb, 0xdedb, 0xdedb, 0xdedb, 0xdedb, 0xdedb, 0xdedb, 0xdedb, 0xdedb, 0xdedb, 0xdedb, 0xdedb, 0xdedb,
	0xdedb, 0xdedb, 0xdedb, 0xdedb, 0xdedb, 0xdedb, 0xdedb, 0xdedb, 0xdedb, 0xdedb, 0xdedb, 0xdedb, 0xdedb, 0xdedb, 0xdedb, 0xce79,
	0xdedb, 0xdedb, 0xdedb, 0xdedb, 0xdedb, 0xdedb, 0xdedb, 0xdedb, 0xdedb, 0xdedb, 0xdedb, 0xdedb, 0xdedb, 0xdedb, 0xdedb, 0xdedb,
	0xdedb, 0xdedb, 0xdedb, 0xdedb, 0xdedb, 0xdedb, 0xdedb, 0xdedb, 0xdedb, 0xdedb, 0xdedb, 0xdedb, 0xdedb, 0xdedb, 0xdedb, 0xdedb,
	0xdedb, 0xdedb, 0xdedb, 0xdedb, 0xdedb, 0xdedb, 0xdedb, 0xdedb, 0xdedb, 0xdedb, 0xdedb, 0xdedb, 0xdedb, 0xdedb, 0xdedb, 0xdedb,
	0xdedb, 0xdedb, 0xdedb, 0xdedb, 0xdedb, 0xdedb, 0xdedb, 0xdedb, 0xdedb, 0xdedb, 0xdedb, 0xdedb, 0xdedb, 0xdedb, 0xdedb, 0xdedb,
	0xdedb, 0xdedb, 0xdedb, 0xdedb, 0xdedb, 0xdedb, 0xdedb, 0xdedb, 0xdedb, 0xdedb, 0xdedb, 0xdedb, 0xdedb, 0xdedb, 0xdedb, 0xdedb,
	0xdedb, 0xdedb, 0xdedb, 0xdedb, 0xdedb, 0xdedb, 0xdedb, 0xdedb, 0xdedb, 0xdedb, 0xdedb, 0xdedb, 0xdedb, 0xdedb, 0xdedb, 0xdedb,
	0xdedb, 0xdedb, 0xdedb, 0xdedb, 0xdedb, 0xdedb, 0xdedb, 0xdedb, 0xdedb, 0xdedb, 0xdedb, 0xdedb, 0xdedb, 0xdedb, 0xdedb, 0xdedb,
	0xdedb, 0xdedb, 0xdedb, 0xdedb, 0xdedb, 0xdedb, 0xdedb, 0xce79, 0xdedb, 0xdedb, 0xdedb, 0xdedb, 0xdedb, 0xdedb, 0xdedb, 0xdedb,
	0xdedb, 0xdedb, 0xdedb, 0xdedb, 0xdedb, 0xdedb, 0xdedb, 0xdedb, 0xdedb, 0xdedb, 0xdedb, 0xdedb, 0xdedb, 0xdedb, 0xdedb, 0xdedb,
	0xdedb, 0xdedb, 0xdedb, 0xdedb, 0xdedb, 0xdedb, 0xdedb, 0xdedb, 0xdedb, 0xdedb, 0xdedb, 0xdedb, 0xdedb, 0xdedb, 0xdedb, 0xdedb,
	0xdedb, 0xdedb, 0xdedb, 0xdedb, 0xdedb, 0xdedb, 0xdedb, 0xdedb, 0xdedb, 0xdedb, 0xdedb, 0xdedb, 0xdedb, 0xdedb, 0xdedb, 0xdedb,
	0xdedb, 0xdedb, 0xdedb, 0xdedb, 0xdedb, 0xdedb, 0xdedb, 0xdedb, 0xdedb, 0xdedb, 0xdedb, 0xdedb, 0xdedb, 0xdedb, 0xdedb, 0xdedb,
	0xdedb, 0xdedb, 0xdedb, 0xdedb, 0xdedb, 0xdedb, 0xdedb, 0xdedb, 0xdedb, 0xdedb, 0xdedb, 0xdedb, 0xdedb, 0xdedb, 0xdedb, 0xdedb,
	0xdedb, 0xdedb, 0xdedb, 0xdedb, 0xdedb, 0xdedb, 0xdedb, 0xdedb, 0xdedb, 0xdedb, 0xdedb, 0xdedb, 0xdedb, 0xdedb, 0xdedb, 0xdedb,
	0xdedb, 0xdedb, 0xdedb, 0xdedb, 0xdedb, 0xdedb, 0xdedb, 0xdedb, 0xdedb, 0xdedb, 0xdedb, 0xdedb, 0xdedb, 0xdedb, 0xdedb, 0xce79,
	0xdedb, 0xdedb, 0xdedb, 0xdedb, 0xdedb, 0xdedb, 0xdedb, 0xdedb, 0xdedb, 0xdedb, 0xdedb, 0xdedb, 0xdedb, 0xdedb, 0xdedb, 0xdedb,
	0xdedb, 0xdedb, 0xdedb, 0xdedb, 0xdedb, 0xdedb, 0xdedb, 0xdedb, 0xdedb, 0xdedb, 0xdedb, 0xdedb, 0xdedb, 0xdedb, 0xdedb, 0xdedb,
	0xdedb, 0xdedb, 0xdedb, 0xdedb, 0xdedb, 0xdedb, 0xdedb, 0xdedb, 0xdedb, 0xdedb, 0xdedb, 0xdedb, 0xdedb, 0xdedb, 0xdedb, 0xdedb,
	0xdedb, 0xdedb, 0xdedb, 0xdedb, 0xdedb, 0xdedb, 0xdedb, 0xdedb, 0xdedb, 0xdedb, 0xdedb, 0xdedb, 0xdedb, 0xdedb, 0xdedb, 0xdedb,
	0xdedb, 0xdedb, 0xdedb, 0xdedb, 0xdedb, 0xdedb, 0xdedb, 0xdedb, 0xdedb, 0xdedb, 0xdedb, 0xdedb, 0xdedb, 0xdedb, 0xdedb, 0xdedb,
	0xdedb, 0xdedb, 0xdedb, 0xdedb, 0xdedb, 0xdedb, 0xdedb, 0xdedb, 0xdedb, 0xdedb, 0xdedb, 0xdedb, 0xdedb, 0xdedb, 0xdedb, 0xdedb,
	0xdedb, 0xdedb, 0xdedb, 0xdedb, 0xdedb, 0xdedb, 0xdedb, 0xdedb, 0xdedb, 0xdedb, 0xdedb, 0xdedb, 0xdedb, 0xdedb, 0xdedb, 0xdedb,
	0xdedb, 0xdedb, 0xdedb, 0xdedb, 0xdedb, 0xdedb, 0xdedb, 0xce79, 0xdedb, 0xdedb, 0xdedb, 0xdedb, 0xdedb, 0xdedb, 0xdedb, 0xdedb,
	0xdedb, 0xdedb, 0xdedb, 0xdedb, 0xdedb, 0xdedb, 0xdedb, 0xdedb, 0xdedb, 0xdedb, 0xdedb, 0xdedb, 0xdedb, 0xdedb, 0xdedb, 0xdedb,
	0xdedb, 0xdedb, 0xdedb, 0xdedb, 0xdedb, 0xdedb, 0xdedb, 0xdedb, 0xdedb, 0xdedb, 0xdedb, 0xdedb, 0xdedb, 0xdedb, 0xdedb, 0xdedb,
	0xdedb, 0xdedb, 0xdedb, 0xdedb, 0xdedb, 0xdedb, 0xdedb, 0xdedb, 0xdedb, 0xdedb, 0xdedb, 0xdedb, 0xdedb, 0xdedb, 0xdedb, 0xdedb,
	0xdedb, 0xdedb, 0xdedb, 0xdedb, 0xdedb, 0xdedb, 0xdedb, 0xdedb, 0xdedb, 0xdedb, 0xdedb, 0xdedb, 0xdedb, 0xdedb, 0xdedb, 0xdedb,
	0xdedb, 0xdedb, 0xdedb, 0xdedb, 0xdedb, 0xdedb, 0xdedb, 0xdedb, 0xdedb, 0xdedb, 0xdedb, 0xdedb, 0xdedb, 0xdedb, 0xdedb, 0xdedb,
	0xdedb, 0xdedb, 0xdedb, 0xdedb, 0xdedb, 0xdedb, 0xdedb, 0xdedb, 0xdedb, 0xdedb, 0xdedb, 0xdedb, 0xdedb, 0xdedb, 0xdedb, 0xdedb,
	0xdedb, 0xdedb, 0xdedb, 0xdedb, 0xdedb, 0xdedb, 0xdedb, 0xdedb, 0xdedb, 0xdedb, 0xdedb, 0xdedb, 0xdedb, 0xdedb, 0xdedb, 0xce79,
	0xdedb, 0xdedb, 0xdedb, 0xdedb, 0xdedb, 0xdedb, 0xdedb, 0xdedb, 0xdedb, 0xdedb, 0xdedb, 0xdedb, 0xdedb, 0xdedb, 0xdedb, 0xdedb,
	0xdedb, 0xdedb, 0xdedb, 0xdedb, 0xdedb, 0xdedb, 0xdedb, 0xdedb, 0xdedb, 0xdedb, 0xdedb, 0xdedb, 0xdedb, 0xdedb, 0xdedb, 0xdedb,
	0xdedb, 0xdedb, 0xdedb, 0xdedb, 0xdedb, 0xdedb, 0xdedb, 0xdedb, 0xdedb, 0xdedb, 0xdedb, 0xdedb, 0xdedb, 0xdedb, 0xdedb, 0xdedb,
	0xdedb, 0xdedb, 0xdedb, 0xdedb, 0xdedb, 0xdedb, 0xdedb, 0xdedb, 0xdedb, 0xdedb, 0xdedb, 0xdedb, 0xdedb, 0xdedb, 0xdedb, 0xdedb,
	0xdedb, 0xdedb, 0xdedb, 0xdedb, 0xdedb, 0xdedb, 0xdedb, 0xdedb, 0xdedb, 0xdedb, 0xdedb, 0xdedb, 0xdedb, 0xdedb, 0xdedb, 0xdedb,
	0xdedb, 0xdedb, 0xdedb, 0xdedb, 0xdedb, 0xdedb, 0xdedb, 0xdedb, 0xdedb, 0xdedb, 0xdedb, 0xdedb, 0xdedb, 0xdedb, 0xdedb, 0xdedb,
	0xdedb, 0xdedb, 0xdedb, 0xdedb, 0xdedb, 0xdedb, 0xdedb, 0xdedb, 0xdedb, 0xdedb, 0xdedb, 0xdedb, 0xdedb, 0xdedb, 0xdedb, 0xdedb,
	0xdedb, 0xdedb, 0xdedb, 0xdedb, 0xdedb, 0xdedb, 0xdedb, 0xce79, 0xdedb, 0xdedb, 0xdedb, 0xdedb, 0xdedb, 0xdedb, 0xdedb, 0xdedb,
	0xdedb, 0xdedb, 0xdedb, 0xdedb, 0xdedb, 0xdedb, 0xdedb, 0xdedb, 0xdedb, 0xdedb, 0xdedb, 0xdedb, 0xdedb, 0xdedb, 0xdedb, 0xdedb,
	0xdedb, 0xdedb, 0xdedb, 0xdedb, 0xdedb, 0xdedb, 0xdedb, 0xdedb, 0xdedb, 0xdedb, 0xdedb, 0xdedb, 0xdedb, 0xdedb, 0xdedb, 0xdedb,
	0xdedb, 0xdedb, 0xdedb, 0xdedb, 0xdedb, 0xdedb, 0xdedb, 0xdedb, 0xdedb, 0xdedb, 0xdedb, 0xdedb, 0xdedb, 0xdedb, 0xdedb, 0xdedb,
	0xdedb, 0xdedb, 0xdedb, 0xdedb, 0xdedb, 0xdedb, 0xdedb, 0xdedb, 0xdedb, 0xdedb, 0xdedb, 0xdedb, 0xdedb, 0xdedb, 0xdedb, 0xdedb,
	0xdedb, 0xdedb, 0xdedb, 0xdedb, 0xdedb, 0xdedb, 0xdedb, 0xdedb, 0xdedb, 0xdedb, 0xdedb, 0xdedb, 0xdedb, 0xdedb, 0xdedb, 0xdedb,
	0xdedb, 0xdedb, 0xdedb, 0xdedb, 0xdedb, 0xdedb, 0xdedb, 0xdedb, 0xdedb, 0xdedb, 0xdedb, 0xdedb, 0xdedb, 0xdedb, 0xdedb, 0xdedb,
	0xdedb, 0xdedb, 0xdedb, 0xdedb, 0xdedb, 0xdedb, 0xdedb, 0xdedb, 0xdedb, 0xdedb, 0xdedb, 0xdedb, 0xdedb, 0xdedb, 0xdedb, 0xce79,
	0xdedb, 0xdedb, 0xdedb, 0xdedb, 0xdedb, 0xdedb, 0xdedb, 0xdedb, 0xdedb, 0xdedb, 0xdedb, 0xdedb, 0xdedb, 0xdedb, 0xdedb, 0xdedb,
	0xdedb, 0xdedb, 0xdedb, 0xdedb, 0xdedb, 0xdedb, 0xdedb, 0xdedb, 0xdedb, 0xdedb, 0xdedb, 0xdedb, 0xdedb, 0xdedb, 0xdedb, 0xdedb,
	0xdedb, 0xdedb, 0xdedb, 0xdedb, 0xdedb, 0xdedb, 0xdedb, 0xdedb, 0xdedb, 0xdedb, 0xdedb, 0xdedb, 0xdedb, 0xdedb, 0xdedb, 0xdedb,
	0xdedb, 0xdedb, 0xdedb, 0xdedb, 0xdedb, 0xdedb, 0xdedb, 0xdedb, 0xdedb, 0xdedb, 0xdedb, 0xdedb, 0xdedb, 0xdedb, 0xdedb, 0xdedb,
	0xdedb, 0xdedb, 0xdedb, 0xdedb, 0xdedb, 0xdedb, 0xdedb, 0xdedb, 0xdedb, 0xdedb, 0xdedb, 0xdedb, 0xdedb, 0xdedb, 0xdedb, 0xdedb,
	0xdedb, 0xdedb, 0xdedb, 0xdedb, 0xdedb, 0xdedb, 0xdedb, 0xdedb, 0xdedb, 0xdedb, 0xdedb, 0xdedb, 0xdedb, 0xdedb, 0xdedb, 0xdedb,
	0xdedb, 0xdedb, 0xdedb, 0xdedb, 0xdedb, 0xdedb, 0xdedb, 0xdedb, 0xdedb, 0xdedb, 0xdedb, 0xdedb, 0xdedb, 0xdedb, 0xdedb, 0xdedb,
	0xdedb, 0xdedb, 0xdedb, 0xdedb, 0xdedb, 0xdedb, 0xdedb, 0xce79, 0xdedb, 0xdedb, 0xdedb, 0xdedb, 0xdedb, 0xdedb, 0xdedb, 0xdedb,
	0xdedb, 0xdedb, 0xdedb, 0xdedb, 0xdedb, 0xdedb, 0xdedb, 0xdedb, 0xdedb, 0xdedb, 0xdedb, 0xdedb, 0xdedb, 0xdedb, 0xdedb, 0xdedb,
	0xdedb, 0xdedb, 0xdedb, 0xdedb, 0xdedb, 0xdedb, 0xdedb, 0xdedb, 0xdedb, 0xdedb, 0xdedb, 0xdedb, 0xdedb, 0xdedb, 0xdedb, 0xdedb,
	0xdedb, 0xdedb, 0xdedb, 0xdedb, 0xdedb, 0xdedb, 0xdedb, 0xdedb, 0xdedb, 0xdedb, 0xdedb, 0xdedb, 0xdedb, 0xdedb, 0xdedb, 0xdedb,
	0xdedb, 0xdedb, 0xdedb, 0xdedb, 0xdedb, 0xdedb, 0xdedb, 0xdedb, 0xdedb, 0xdedb, 0xdedb, 0xdedb, 0xdedb, 0xdedb, 0xdedb, 0xdedb,
	0xdedb, 0xdedb, 0xdedb, 0xdedb, 0xdedb, 0xdedb, 0xdedb, 0xdedb, 0xdedb, 0xdedb, 0xdedb, 0xdedb, 0xdedb, 0xdedb, 0xdedb, 0xdedb,
	0xdedb, 0xdedb, 0xdedb, 0xdedb, 0xdedb, 0xdedb, 0xdedb, 0xdedb, 0xdedb, 0xdedb, 0xdedb, 0xdedb, 0xdedb, 0xdedb, 0xdedb, 0xdedb,
	0xdedb, 0xdedb, 0xdedb, 0xdedb, 0xdedb, 0xdedb, 0xdedb, 0xdedb, 0xdedb, 0xdedb, 0xdedb, 0xdedb, 0xdedb, 0xdedb, 0xdedb, 0xce79,
	0xdedb, 0xdedb, 0xdedb, 0xdedb, 0xdedb, 0xdedb, 0xdedb, 0xdedb, 0xdedb, 0xdedb, 0xdedb, 0xdedb, 0xdedb, 0xdedb, 0xdedb, 0xdedb,
	0xdedb, 0xdedb, 0xdedb, 0xdedb, 0xdedb, 0xdedb, 0xdedb, 0xdedb, 0xdedb, 0xdedb, 0xdedb, 0xdedb, 0xdedb, 0xdedb, 0xdedb, 0xdedb,
	0xdedb, 0xdedb, 0xdedb, 0xdedb, 0xdedb, 0xdedb, 0xdedb, 0xdedb, 0xdedb, 0xdedb, 0xdedb, 0xdedb, 0xdedb, 0xdedb, 0xdedb, 0xdedb,
	0xdedb, 0xdedb, 0xdedb, 0xdedb, 0xdedb, 0xdedb, 0xdedb, 0xdedb, 0xdedb, 0xdedb, 0xdedb, 0xdedb, 0xdedb, 0xdedb, 0xdedb, 0xdedb,
	0xdedb, 0xdedb, 0xdedb, 0xdedb, 0xdedb, 0xdedb, 0xdedb, 0xdedb, 0xdedb, 0xdedb, 0xdedb, 0xdedb, 0xdedb, 0xdedb, 0xdedb, 0xdedb,
	0xdedb, 0xdedb, 0xdedb, 0xdedb, 0xdedb, 0xdedb, 0xdedb, 0xdedb, 0xdedb, 0xdedb, 0xdedb, 0xdedb, 0xdedb, 0xdedb, 0xdedb, 0xdedb,
	0xdedb, 0xdedb, 0xdedb, 0xdedb, 0xdedb, 0xdedb, 0xdedb, 0xdedb, 0xdedb, 0xdedb, 0xdedb, 0xdedb, 0xdedb, 0xdedb, 0xdedb, 0xdedb,
	0xdedb, 0xdedb, 0xdedb, 0xdedb, 0xdedb, 0xdedb, 0xdedb, 0xce79, 0xdedb, 0xdedb, 0xdedb, 0xdedb, 0xdedb, 0xdedb, 0xdedb, 0xdedb,
	0xdedb, 0xdedb, 0xdedb, 0xdedb, 0xdedb, 0xdedb, 0xdedb, 0xdedb, 0xdedb, 0xdedb, 0xdedb, 0xdedb, 0xdedb, 0xdedb, 0xdedb, 0xdedb,
	0xdedb, 0xdedb, 0xdedb, 0xdedb, 0xdedb, 0xdedb, 0xdedb, 0xdedb, 0xdedb, 0xdedb, 0xdedb, 0xdedb, 0xdedb, 0xdedb, 0xdedb, 0xdedb,
	0xdedb, 0xdedb, 0xdedb, 0xdedb, 0xdedb, 0xdedb, 0xdedb, 0xdedb, 0xdedb, 0xdedb, 0xdedb, 0xdedb, 0xdedb, 0xdedb, 0xdedb, 0xdedb,
	0xdedb, 0xdedb, 0xdedb, 0xdedb, 0xdedb, 0xdedb, 0xdedb, 0xdedb, 0xdedb, 0xdedb, 0xdedb, 0xdedb, 0xdedb, 0xdedb, 0xdedb, 0xdedb,
	0xdedb, 0xdedb, 0xdedb, 0xdedb, 0xdedb, 0xdedb, 0xdedb, 0xdedb, 0xdedb, 0xdedb, 0xdedb, 0xdedb, 0xdedb, 0xdedb, 0xdedb, 0xdedb,
	0xdedb, 0xdedb, 0xdedb, 0xdedb, 0xdedb, 0xdedb, 0xdedb, 0xdedb, 0xdedb, 0xdedb, 0xdedb, 0xdedb, 0xdedb, 0xdedb, 0xdedb, 0xdedb,
	0xdedb, 0xdedb, 0xdedb, 0xdedb, 0xdedb, 0xdedb, 0xdedb, 0xdedb, 0xdedb, 0xdedb, 0xdedb, 0xdedb, 0xdedb, 0xdedb, 0xdedb, 0xce79,
	0xdedb, 0xdedb, 0xdedb, 0xdedb, 0xdedb, 0xdedb, 0xdedb, 0xdedb, 0xdedb, 0xdedb, 0xdedb, 0xdedb, 0xdedb, 0xdedb, 0xdedb, 0xdedb,
	0xdedb, 0xdedb, 0xdedb, 0xdedb, 0xdedb, 0xdedb, 0xdedb, 0xdedb, 0xdedb, 0xdedb, 0xdedb, 0xdedb, 0xdedb, 0xdedb, 0xdedb, 0xdedb,
	0xdedb, 0xdedb, 0xdedb, 0xdedb, 0xdedb, 0xdedb, 0xdedb, 0xdedb, 0xdedb, 0xdedb, 0xdedb, 0xdedb, 0xdedb, 0xdedb, 0xdedb, 0xdedb,
	0xdedb, 0xdedb, 0xdedb, 0xdedb, 0xdedb, 0xdedb, 0xdedb, 0xdedb, 0xdedb, 0xdedb, 0xdedb, 0xdedb, 0xdedb, 0xdedb, 0xdedb, 0xdedb,
	0xdedb, 0xdedb, 0xdedb, 0xdedb, 0xdedb, 0xdedb, 0xdedb, 0xdedb, 0xdedb, 0xdedb, 0xdedb, 0xdedb, 0xdedb, 0xdedb, 0xdedb, 0xdedb,
	0xdedb, 0xdedb, 0xdedb, 0xdedb, 0xdedb, 0xdedb, 0xdedb, 0xdedb, 0xdedb, 0xdedb, 0xdedb, 0xdedb, 0xdedb, 0xdedb, 0xdedb, 0xdedb,
	0xdedb, 0xdedb, 0xdedb, 0xdedb, 0xdedb, 0xdedb, 0xdedb, 0xdedb, 0xdedb, 0xdedb, 0xdedb, 0xdedb, 0xdedb, 0xdedb, 0xdedb, 0xdedb,
	0xdedb, 0xdedb, 0xdedb, 0xdedb, 0xdedb, 0xdedb, 0xdedb, 0xce79, 0xdedb, 0xdedb, 0xdedb, 0xdedb, 0xdedb, 0xdedb, 0xdedb, 0xdedb,
	0xdedb, 0xdedb, 0xdedb, 0xdedb, 0xdedb, 0xdedb, 0xdedb, 0xdedb, 0xdedb, 0xdedb, 0xdedb, 0xdedb, 0xdedb, 0xdedb, 0xdedb, 0xdedb,
	0xdedb, 0xdedb, 0xdedb, 0xdedb, 0xdedb, 0xdedb, 0xdedb, 0xdedb, 0xdedb, 0xdedb, 0xdedb, 0xdedb, 0xdedb, 0xdedb, 0xdedb, 0xdedb,
	0xdedb, 0xdedb, 0xdedb, 0xdedb, 0xdedb, 0xdedb, 0xdedb, 0xdedb, 0xdedb, 0xdedb, 0xdedb, 0xdedb, 0xdedb, 0xdedb, 0xdedb, 0xdedb,
	0xdedb, 0xdedb, 0xdedb, 0xdedb, 0xdedb, 0xdedb, 0xdedb, 0xdedb, 0xdedb, 0xdedb, 0xdedb, 0xdedb, 0xdedb, 0xdedb, 0xdedb, 0xdedb,
	0xdedb, 0xdedb, 0xdedb, 0xdedb, 0xdedb, 0xdedb, 0xdedb, 0xdedb, 0xdedb, 0xdedb, 0xdedb, 0xdedb, 0xdedb, 0xdedb, 0xdedb, 0xdedb,
	0xdedb, 0xdedb, 0xdedb, 0xdedb, 0xdedb, 0xdedb, 0xdedb, 0xdedb, 0xdedb, 0xdedb, 0xdedb, 0xdedb, 0xdedb, 0xdedb, 0xdedb, 0xdedb,
	0xdedb, 0xdedb, 0xdedb, 0xdedb, 0xdedb, 0xdedb, 0xdedb, 0xdedb, 0xdedb, 0xdedb, 0xdedb, 0xdedb, 0xdedb, 0xdedb, 0xdedb, 0xce79,
	0xdedb, 0xdedb, 0xdedb, 0xdedb, 0xdedb, 0xdedb, 0xdedb, 0xdedb, 0xdedb, 0xdedb, 0xdedb, 0xdedb, 0xdedb, 0xdedb, 0xdedb, 0xdedb,
	0xdedb, 0xdedb, 0xdefb, 0xdedb, 0xdedb, 0xdedb, 0xdedb, 0xdedb, 0xdedb, 0xdedb, 0xdedb, 0xdedb, 0xdedb, 0xdedb, 0xdedb, 0xdedb,
	0xdedb, 0xdedb, 0xdedb, 0xdedb, 0xdedb, 0xdedb, 0xdedb, 0xdedb, 0xdedb, 0xdedb, 0xdedb, 0xdedb, 0xdedb, 0xdedb, 0xdedb, 0xdedb,
	0xdedb, 0xdedb, 0xdedb, 0xdedb, 0xdedb, 0xdedb, 0xdedb, 0xdedb, 0xdedb, 0xdedb, 0xdedb, 0xdedb, 0xdedb, 0xdedb, 0xdedb, 0xdedb,
	0xdedb, 0xdedb, 0xdedb, 0xdedb, 0xdedb, 0xdedb, 0xdedb, 0xdedb, 0xdedb, 0xdedb, 0xdedb, 0xdedb, 0xdedb, 0xdedb, 0xdedb, 0xdedb,
	0xdedb, 0xdedb, 0xdedb, 0xdedb, 0xdedb, 0xdedb, 0xdedb, 0xdedb, 0xdedb, 0xdedb, 0xdedb, 0xdedb, 0xdedb, 0xdedb, 0xdedb, 0xdedb,
	0xdedb, 0xdedb, 0xdedb, 0xdedb, 0xdedb, 0xdedb, 0xdedb, 0xdedb, 0xdedb, 0xdedb, 0xdedb, 0xdedb, 0xdedb, 0xdedb, 0xdedb, 0xdedb,
	0xdedb, 0xdedb, 0xdedb, 0xdedb, 0xdedb, 0xdedb, 0xdedb, 0xce79, 0xdedb, 0xdedb, 0xdedb, 0xdedb, 0xdedb, 0xdedb, 0xdedb, 0xdedb,
	0xdedb, 0xdedb, 0xdedb, 0xdedb, 0xdedb, 0xdedb, 0xdedb, 0xdedb, 0xe73c, 0x7bef, 0x2124, 0xad55, 0xe71c, 0xdedb, 0xdedb, 0xdedb,
	0xdedb, 0xdedb, 0xdedb, 0xdedb, 0xdedb, 0xdedb, 0xdedb, 0xdedb, 0xdedb, 0xdedb, 0xdedb, 0xdedb, 0xdedb, 0xdedb, 0xdedb, 0xdedb,
	0xdedb, 0xdedb, 0xdedb, 0xdedb, 0xdedb, 0xdedb, 0xdedb, 0xdedb, 0xdedb, 0xdedb, 0xdedb, 0xdedb, 0xdedb, 0xdedb, 0xdedb, 0xdedb,
	0xdedb, 0xdedb, 0xdedb, 0xdedb, 0xdedb, 0xdedb, 0xdedb, 0xdedb, 0xdedb, 0xdedb, 0xdedb, 0xdedb, 0xdefb, 0xdedb, 0xdedb, 0xdedb,
	0xdedb, 0xdedb, 0xdedb, 0xdedb, 0xdedb, 0xdedb, 0xdedb, 0xdedb, 0xdedb, 0xdedb, 0xdedb, 0xdedb, 0xdedb, 0xdedb, 0xdedb, 0xdedb,
	0xdedb, 0xdedb, 0xdedb, 0xdedb, 0xdedb, 0xdedb, 0xdedb, 0xdedb, 0xdedb, 0xdedb, 0xdedb, 0xdedb, 0xdedb, 0xdedb, 0xdedb, 0xdedb,
	0xdedb, 0xdedb, 0xdedb, 0xdedb, 0xdedb, 0xdedb, 0xdedb, 0xdedb, 0xdedb, 0xdedb, 0xdedb, 0xdedb, 0xdedb, 0xdedb, 0xdedb, 0xce79,
	0xdedb, 0xdedb, 0xdedb, 0xdedb, 0xdedb, 0xdedb, 0xdedb, 0xdedb, 0xdedb, 0xdedb, 0xdedb, 0xdedb, 0xdedb, 0xdedb, 0xdedb, 0xdedb,
	0xef5d, 0x632c, 0x0000, 0x9cf3, 0xe73c, 0xdedb, 0xdedb, 0xdedb, 0xdedb, 0xdedb, 0xdedb, 0xdedb, 0xdedb, 0xdedb, 0xdedb, 0xdedb,
	0xdedb, 0xdedb, 0xdedb, 0xdedb, 0xdedb, 0xdedb, 0xdedb, 0xdedb, 0xdedb, 0xdedb, 0xdedb, 0xdedb, 0xdedb, 0xdedb, 0xdedb, 0xdedb,
	0xdedb, 0xdedb, 0xdedb, 0xdedb, 0xdedb, 0xdedb, 0xdedb, 0xdedb, 0xdedb, 0xdedb, 0xdedb, 0xdedb, 0xdedb, 0xdedb, 0xdedb, 0xdedb,
	0xdedb, 0xdedb, 0xdedb, 0xe73c, 0x630c, 0x7bef, 0xe73c, 0xdedb, 0xdedb, 0xdedb, 0xdedb, 0xdedb, 0xdedb, 0xdedb, 0xdedb, 0xdedb,
	0xdedb, 0xdedb, 0xdedb, 0xdedb, 0xdedb, 0xdedb, 0xdedb, 0xdedb, 0xdedb, 0xdedb, 0xdedb, 0xdedb, 0xdedb, 0xdedb, 0xdedb, 0xdedb,
	0xdedb, 0xdedb, 0xdedb, 0xdedb, 0xdedb, 0xdedb, 0xdedb, 0xdedb, 0xdedb, 0xdedb, 0xdedb, 0xdedb, 0xdedb, 0xdedb, 0xdedb, 0xdedb,
	0xdedb, 0xdedb, 0xdedb, 0xdedb, 0xdedb, 0xdedb, 0xdedb, 0xce79, 0xdedb, 0xdedb, 0xdedb, 0xdedb, 0xdedb, 0xdedb, 0xdedb, 0xdedb,
	0xdedb, 0xdedb, 0xdedb, 0xdedb, 0xdedb, 0xdedb, 0xdedb, 0xdedb, 0xef5d, 0x6b4d, 0x0000, 0x9cf3, 0xe73c, 0xdedb, 0xdedb, 0xe71c,
	0xdefb, 0xdedb, 0xe71c, 0xef5d, 0xef5d, 0xef5d, 0xe71c, 0xdedb, 0xdedb, 0xdedb, 0xdefb, 0xe71c, 0xdefb, 0xdedb, 0xdedb, 0xdedb,
	0xdedb, 0xdedb, 0xdedb, 0xe71c, 0xe71c, 0xdedb, 0xdedb, 0xdedb, 0xdedb, 0xe71c, 0xef5d, 0xef5d, 0xe73c, 0xdefb, 0xdedb, 0xdedb,
	0xdedb, 0xdedb, 0xdedb, 0xe71c, 0xdefb, 0xdedb, 0xe71c, 0xef5d, 0xef5d, 0xdefb, 0xdefb, 0xdedb, 0x0841, 0x6b6d, 0xf79e, 0xe71c,
	0xdefb, 0xdedb, 0xdedb, 0xdedb, 0xdedb, 0xdefb, 0xef5d, 0xef5d, 0xef5d, 0xe71c, 0xdedb, 0xdedb, 0xdedb, 0xdedb, 0xdedb, 0xe71c,
	0xdefb, 0xdedb, 0xdefb, 0xe73c, 0xef5d, 0xe73c, 0xdedb, 0xdedb, 0xdedb, 0xe71c, 0xef5d, 0xef5d, 0xef5d, 0xe73c, 0xdefb, 0xdedb,
	0xdedb, 0xdedb, 0xdedb, 0xdedb, 0xdedb, 0xdedb, 0xdedb, 0xdedb, 0xdedb, 0xdedb, 0xdedb, 0xdedb, 0xdedb, 0xdedb, 0xdedb, 0xce79,
	0xdedb, 0xdedb, 0xdedb, 0xdedb, 0xdedb, 0xdedb, 0xdedb, 0xdedb, 0xdedb, 0xdedb, 0xdedb, 0xdedb, 0xdedb, 0xdedb, 0xdedb, 0xdedb,
	0xef5d, 0x6b4d, 0x0000, 0x9cf3, 0xe73c, 0xdedb, 0xdedb, 0xbdf7, 0xce59, 0xef5d, 0xc638, 0x8430, 0x738e, 0x8410, 0xbdd7, 0xe73c,
	0xdedb, 0xdedb, 0xc638, 0xbdd7, 0xd69a, 0xdefb, 0xdedb, 0xdedb, 0xdedb, 0xdedb, 0xdefb, 0xc618, 0xb5b6, 0xd6ba, 0xdedb, 0xdefb,
	0xe73c, 0xb5b6, 0x7bef, 0x738e, 0x9492, 0xce79, 0xe73c, 0xdedb, 0xdedb, 0xdedb, 0xd6ba, 0xbdd7, 0xce79, 0xef5d, 0xc618, 0x8410,
	0x73ae, 0xb5b6, 0xef5d, 0x8c51, 0x0000, 0x630c, 0xc638, 0xbdd7, 0xc618, 0xdedb, 0xdedb, 0xdedb, 0xe73c, 0xce59, 0x8c71, 0x738e,
	0x8410, 0xbdd7, 0xe73c, 0xdefb, 0xdedb, 0xdedb, 0xdedb, 0xc618, 0xc638, 0xe73c, 0xd6ba, 0x9492, 0x73ae, 0x9cd3, 0xdefb, 0xe71c,
	0xe71c, 0xad75, 0x7bcf, 0x738e, 0x7bef, 0xad55, 0xd69a, 0xdedb, 0xdedb, 0xdedb, 0xdedb, 0xdedb, 0xdedb, 0xdedb, 0xdedb, 0xdedb,
	0xdedb, 0xdedb, 0xdedb, 0xdedb, 0xdedb, 0xdedb, 0xdedb, 0xce79, 0xdedb, 0xdedb, 0xdedb, 0xdedb, 0xdedb, 0xdedb, 0xdedb, 0xdedb,
	0xdedb, 0xdedb, 0xdedb, 0xdedb, 0xdedb, 0xdedb, 0xdedb, 0xdedb, 0xef5d, 0x6b4d, 0x0000, 0x9cf3, 0xe73c, 0xdefb, 0xd6ba, 0x18c3,
	0x4a69, 0x9492, 0x0020, 0x0000, 0x0020, 0x0000, 0x0000, 0x738e, 0xe71c, 0xe73c, 0x94b2, 0x0000, 0x6b4d, 0xef5d, 0xdedb, 0xdedb,
	0xdedb, 0xdefb, 0xce79, 0x1082, 0x2104, 0xd6ba, 0xe71c, 0xdefb, 0x630c, 0x0000, 0x0000, 0x0020, 0x0000, 0x10a2, 0xa514, 0xe73c,
	0xdedb, 0xe71c, 0xbdf7, 0x0000, 0x9492, 0xa514, 0x0000, 0x0000, 0x0000, 0x8c51, 0x52aa, 0x0000, 0x0000, 0x0000, 0x0000, 0x0000,
	0x3186, 0xdefb, 0xdedb, 0xe73c, 0x94b2, 0x0861, 0x0000, 0x0020, 0x0000, 0x0000, 0x738e, 0xe71c, 0xdedb, 0xdedb, 0xdefb, 0x2965,
	0x4208, 0xce79, 0x2124, 0x0000, 0x0000, 0x4208, 0xef5d, 0xd69a, 0x4a49, 0x0000, 0x0000, 0x0020, 0x0000, 0x0000, 0x31a6, 0xdedb,
	0xdefb, 0xdedb, 0xdedb, 0xdedb, 0xdedb, 0xdedb, 0xdedb, 0xdedb, 0xdedb, 0xdedb, 0xdedb, 0xdedb, 0xdedb, 0xdedb, 0xdedb, 0xce79,
	0xdedb, 0xdedb, 0xdedb, 0xdedb, 0xdedb, 0xdedb, 0xdedb, 0xdedb, 0xdedb, 0xdedb, 0xdedb, 0xdedb, 0xdedb, 0xdedb, 0xdedb, 0xdedb,
	0xef5d, 0x6b4d, 0x0000, 0x9cf3, 0xe73c, 0xdefb, 0xd6ba, 0x2104, 0x0841, 0x1082, 0x8410, 0xc638, 0xce79, 0xa534, 0x18e3, 0x0000,
	0xa534, 0xef5d, 0xd69a, 0x1082, 0x10a2, 0xd6ba, 0xdefb, 0xdedb, 0xdedb, 0xef5d, 0x9492, 0x0000, 0x6b6d, 0xef5d, 0xe73c, 0x630c,
	0x0000, 0x5aeb, 0xc618, 0xd69a, 0xa514, 0x1082, 0x0841, 0xbdf7, 0xe71c, 0xe71c, 0xbdf7, 0x0000, 0x39e7, 0x0861, 0x630c, 0xb596,
	0xad75, 0xce59, 0xad75, 0x738e, 0x0000, 0x528a, 0xa534, 0x9cd3, 0xad75, 0xdedb, 0xe73c, 0xa534, 0x0000, 0x3186, 0xb596, 0xd6ba,
	0xbdf7, 0x4208, 0x0000, 0x8430, 0xe73c, 0xdedb, 0xdefb, 0x3186, 0x18e3, 0x2124, 0x31a6, 0xa534, 0xb596, 0xbdf7, 0xef5d, 0x630c,
	0x0000, 0x73ae, 0xce59, 0xd69a, 0xbdd7, 0x8410, 0x8430, 0xdefb, 0xdedb, 0xdedb, 0xdedb, 0xdedb, 0xdedb, 0xdedb, 0xdedb, 0xdedb,
	0xdedb, 0xdedb, 0xdedb, 0xdedb, 0xdedb, 0xdedb, 0xdedb, 0xce79, 0xdedb, 0xdedb, 0xdedb, 0xdedb, 0xdedb, 0xdedb, 0xdedb, 0xdedb,
	0xdedb, 0xdedb, 0xdedb, 0xdedb, 0xdedb, 0xdedb, 0xdedb, 0xdedb, 0xef5d, 0x6b4d, 0x0000, 0x9cf3, 0xe73c, 0xdefb, 0xd6ba, 0x2124,
	0x0000, 0x8430, 0xf7be, 0xe71c, 0xdefb, 0xf79e, 0x9cd3, 0x0000, 0x632c, 0xef5d, 0xef5d, 0x632c, 0x0000, 0x9cf3, 0xe73c, 0xdedb,
	0xdedb, 0xe73c, 0x39e7, 0x0000, 0xbdf7, 0xef5d, 0xbdd7, 0x0000, 0x4228, 0xef7d, 0xe73c, 0xdefb, 0xf79e, 0x9cf3, 0x0000, 0x5acb,
	0xe73c, 0xe71c, 0xbdf7, 0x0841, 0x0000, 0x7bcf, 0xf79e, 0xe73c, 0xe73c, 0xdefb, 0xf79e, 0xad55, 0x0000, 0x7bcf, 0xf7be, 0xe73c,
	0xe71c, 0xdedb, 0xdefb, 0x2945, 0x0861, 0xce79, 0xef7d, 0xdefb, 0xef5d, 0xd6ba, 0x10a2, 0x10a2, 0xd6ba, 0xdefb, 0xdefb, 0x39c7,
	0x0000, 0x39c7, 0xe71c, 0xef5d, 0xe73c, 0xe71c, 0xdefb, 0x2945, 0x10a2, 0xef5d, 0xef5d, 0xdefb, 0xe71c, 0xef5d, 0xe73c, 0xdedb,
	0xdedb, 0xdedb, 0xdedb, 0xdedb, 0xdedb, 0xdedb, 0xdedb, 0xdedb, 0xdedb, 0xdedb, 0xdedb, 0xdedb, 0xdedb, 0xdedb, 0xdedb, 0xce79,
	0xdedb, 0xdedb, 0xdedb, 0xdedb, 0xdedb, 0xdedb, 0xdedb, 0xdedb, 0xdedb, 0xdedb, 0xdedb, 0xdedb, 0xdedb, 0xdedb, 0xdedb, 0xdedb,
	0xef5d, 0x6b4d, 0x0000, 0x9cf3, 0xe73c, 0xdefb, 0xd6ba, 0x2104, 0x0841, 0xce79, 0xe71c, 0xdedb, 0xdedb, 0xe71c, 0xbdd7, 0x0000,
	0x52aa, 0xe73c, 0xe73c, 0xb5b6, 0x0000, 0x4a69, 0xe73c, 0xdedb, 0xe71c, 0xc618, 0x0000, 0x39e7, 0xe73c, 0xef5d, 0x73ae, 0x0000,
	0xad55, 0xf7be, 0xe73c, 0xe73c, 0xef7d, 0xdefb, 0x0861, 0x2104, 0xdedb, 0xe73c, 0xbdf7, 0x0000, 0x18e3, 0xdedb, 0xdefb, 0xdedb,
	0xdedb, 0xdedb, 0xe73c, 0xa514, 0x0000, 0x73ae, 0xef5d, 0xdedb, 0xdedb, 0xe71c, 0xb5b6, 0x0000, 0x5aeb, 0xffdf, 0xe73c, 0xe73c,
	0xef5d, 0xffdf, 0x528a, 0x0000, 0xad75, 0xe73c, 0xdefb, 0x31a6, 0x0000, 0xad55, 0xef5d, 0xdedb, 0xdedb, 0xdedb, 0xe73c, 0x4a69,
	0x0000, 0x8410, 0xe71c, 0xef5d, 0xdefb, 0xdedb, 0xdedb, 0xdedb, 0xdedb, 0xdedb, 0xdedb, 0xdedb, 0xdedb, 0xdedb, 0xdedb, 0xdedb,
	0xdedb, 0xdedb, 0xdedb, 0xdedb, 0xdedb, 0xdedb, 0xdedb, 0xce79, 0xdedb, 0xdedb, 0xdedb, 0xdedb, 0xdedb, 0xdedb, 0xdedb, 0xdedb,
	0xdedb, 0xdedb, 0xdedb, 0xdedb, 0xdedb, 0xdedb, 0xdedb, 0xdedb, 0xef5d, 0x6b4d, 0x0000, 0x9cf3, 0xe73c, 0xdefb, 0xd6ba, 0x18e3,
	0x18e3, 0xdedb, 0xdefb, 0xdedb, 0xdedb, 0xe71c, 0xb5b6, 0x0000, 0x52aa, 0xe73c, 0xdedb, 0xe71c, 0x2965, 0x0841, 0xce59, 0xdefb,
	0xef5d, 0x7bcf, 0x0000, 0x9492, 0xef5d, 0xe73c, 0x528a, 0x0000, 0x2965, 0x39c7, 0x39c7, 0x39c7, 0x39c7, 0x31a6, 0x0000, 0x1082,
	0xd69a, 0xe73c, 0xbdf7, 0x0000, 0x4a49, 0xe73c, 0xdedb, 0xdedb, 0xdedb, 0xdedb, 0xe73c, 0xa514, 0x0000, 0x73ae, 0xef5d, 0xdedb,
	0xdedb, 0xe73c, 0x94b2, 0x0000, 0x2104, 0x39e7, 0x39c7, 0x39c7, 0x39c7, 0x39e7, 0x0861, 0x0000, 0xa514, 0xe73c, 0xdefb, 0x3186,
	0x0841, 0xce79, 0xdefb, 0xdedb, 0xdedb, 0xdedb, 0xe71c, 0xc618, 0x2124, 0x0000, 0x2124, 0x8430, 0xce59, 0xef5d, 0xdefb, 0xdedb,
	0xdedb, 0xdedb, 0xdedb, 0xdedb, 0xdedb, 0xdedb, 0xdedb, 0xdedb, 0xdedb, 0xdedb, 0xdedb, 0xdedb, 0xdedb, 0xdedb, 0xdedb, 0xce79,
	0xdedb, 0xdedb, 0xdedb, 0xdedb, 0xdedb, 0xdedb, 0xdedb, 0xdedb, 0xdedb, 0xdedb, 0xdedb, 0xdedb, 0xdedb, 0xdedb, 0xdedb, 0xdedb,
	0xef5d, 0x6b4d, 0x0000, 0x9cf3, 0xe73c, 0xdefb, 0xd6ba, 0x18e3, 0x2104, 0xdedb, 0xdefb, 0xdedb, 0xdedb, 0xe71c, 0xb5b6, 0x0000,
	0x52aa, 0xe73c, 0xdedb, 0xef5d, 0x8430, 0x0000, 0x8c51, 0xef5d, 0xdefb, 0x2945, 0x0861, 0xd69a, 0xdefb, 0xe71c, 0x4228, 0x0000,
	0x3186, 0x39c7, 0x31a6, 0x31a6, 0x31a6, 0x31a6, 0x4228, 0x5aeb, 0xd6ba, 0xe73c, 0xbdf7, 0x0000, 0x528a, 0xe73c, 0xdedb, 0xdedb,
	0xdedb, 0xdedb, 0xe73c, 0xa514, 0x0000, 0x73ae, 0xef5d, 0xdedb, 0xdedb, 0xef5d, 0x8c51, 0x0000, 0x2104, 0x39c7, 0x31a6, 0x31a6,
	0x31a6, 0x31a6, 0x39e7, 0x4228, 0xb5b6, 0xe71c, 0xdefb, 0x3186, 0x0861, 0xce79, 0xdefb, 0xdedb, 0xdedb, 0xdedb, 0xdedb, 0xe71c,
	0xd69a, 0x73ae, 0x18c3, 0x0000, 0x0841, 0x6b4d, 0xd6ba, 0xdefb, 0xdedb, 0xdedb, 0xdedb, 0xdedb, 0xdedb, 0xdedb, 0xdedb, 0xdedb,
	0xdedb, 0xdedb, 0xdedb, 0xdedb, 0xdedb, 0xdedb, 0xdedb, 0xce79, 0xdedb, 0xdedb, 0xdedb, 0xdedb, 0xdedb, 0xdedb, 0xdedb, 0xdedb,
	0xdedb, 0xdedb, 0xdedb, 0xdedb, 0xdedb, 0xdedb, 0xdedb, 0xdedb, 0xef5d, 0x6b4d, 0x0000, 0x9cf3, 0xe73c, 0xdefb, 0xd6ba, 0x18e3,
	0x2104, 0xdedb, 0xdefb, 0xdedb, 0xdedb, 0xe71c, 0xb5b6, 0x0000, 0x52aa, 0xe73c, 0xdedb, 0xdefb, 0xce59, 0x0841, 0x31a6, 0xef7d,
	0xb596, 0x0000, 0x5aeb, 0xef5d, 0xdedb, 0xe73c, 0x4a69, 0x0000, 0xbdf7, 0xf79e, 0xe73c, 0xe73c, 0xe73c, 0xe73c, 0xe73c, 0xe73c,
	0xdedb, 0xe71c, 0xbdf7, 0x0000, 0x528a, 0xe73c, 0xdedb, 0xdedb, 0xdedb, 0xdedb, 0xe73c, 0xa514, 0x0000, 0x73ae, 0xef5d, 0xdedb,
	0xdedb, 0xe73c, 0x9492, 0x0000, 0x7bef, 0xffdf, 0xe73c, 0xe73c, 0xe73c, 0xe73c, 0xe73c, 0xe73c, 0xdefb, 0xdedb, 0xdefb, 0x3186,
	0x0861, 0xce79, 0xdefb, 0xdedb, 0xdedb, 0xdedb, 0xdedb, 0xdedb, 0xdefb, 0xef5d, 0xd6ba, 0x9cd3, 0x3186, 0x0000, 0x4208, 0xdefb,
	0xdedb, 0xdedb, 0xdedb, 0xdedb, 0xdedb, 0xdedb, 0xdedb, 0xdedb, 0xdedb, 0xdedb, 0xdedb, 0xdedb, 0xdedb, 0xdedb, 0xdedb, 0xce79,
	0xdedb, 0xdedb, 0xdedb, 0xdedb, 0xdedb, 0xdedb, 0xdedb, 0xdedb, 0xdedb, 0xdedb, 0xdedb, 0xdedb, 0xdedb, 0xdedb, 0xdedb, 0xdedb,
	0xef5d, 0x6b4d, 0x0000, 0x9cf3, 0xe73c, 0xdefb, 0xd6ba, 0x18e3, 0x2104, 0xdedb, 0xdefb, 0xdedb, 0xdedb, 0xe71c, 0xb5b6, 0x0000,
	0x52aa, 0xe73c, 0xdedb, 0xdedb, 0xef5d, 0x528a, 0x0000, 0xce79, 0x6b6d, 0x0000, 0xad75, 0xe73c, 0xdedb, 0xef5d, 0x738e, 0x0000,
	0x8c51, 0xef7d, 0xdedb, 0xdedb, 0xdedb, 0xdedb, 0xdedb, 0xdedb, 0xdedb, 0xe71c, 0xbdf7, 0x0000, 0x528a, 0xe73c, 0xdedb, 0xdedb,
	0xdedb, 0xdedb, 0xe73c, 0x9cf3, 0x0000, 0x73ae, 0xef5d, 0xdedb, 0xdedb, 0xe71c, 0xb596, 0x0000, 0x4228, 0xef5d, 0xdedb, 0xdedb,
	0xdedb, 0xdedb, 0xdedb, 0xdedb, 0xdedb, 0xdedb, 0xdefb, 0x3186, 0x0861, 0xce79, 0xdefb, 0xdedb, 0xdedb, 0xdedb, 0xdedb, 0xdedb,
	0xdedb, 0xdedb, 0xdefb, 0xef5d, 0xe73c, 0x4a69, 0x0000, 0xad55, 0xe73c, 0xdedb, 0xdedb, 0xdedb, 0xdedb, 0xdedb, 0xdedb, 0xdedb,
	0xdedb, 0xdedb, 0xdedb, 0xdedb, 0xdedb, 0xdedb, 0xdedb, 0xce79, 0xdedb, 0xdedb, 0xdedb, 0xdedb, 0xdedb, 0xdedb, 0xdedb, 0xdedb,
	0xdedb, 0xdedb, 0xdedb, 0xdedb, 0xdedb, 0xdedb, 0xdedb, 0xdedb, 0xef5d, 0x6b4d, 0x0000, 0x9cf3, 0xe73c, 0xdefb, 0xd6ba, 0x18e3,
	0x2104, 0xdedb, 0xdefb, 0xdedb, 0xdedb, 0xe71c, 0xb5b6, 0x0000, 0x52aa, 0xe73c, 0xdedb, 0xdedb, 0xe73c, 0xa534, 0x0000, 0x7bcf,
	0x2945, 0x2124, 0xdefb, 0xdedb, 0xdedb, 0xe71c, 0xb596, 0x0000, 0x2945, 0xdefb, 0xef5d, 0xdefb, 0xe71c, 0xe73c, 0xef5d, 0xdefb,
	0xdedb, 0xe71c, 0xbdf7, 0x0000, 0x528a, 0xe73c, 0xdedb, 0xdedb, 0xdedb, 0xdedb, 0xe73c, 0xa534, 0x0000, 0x6b4d, 0xf79e, 0xdefb,
	0xdefb, 0xdefb, 0xdedb, 0x2124, 0x0000, 0xb596, 0xf79e, 0xe71c, 0xdefb, 0xe71c, 0xef5d, 0xe71c, 0xdedb, 0xdedb, 0xdefb, 0x3186,
	0x0861, 0xce79, 0xdefb, 0xdedb, 0xdedb, 0xdedb, 0xdedb, 0xe71c, 0xef5d, 0xe71c, 0xdefb, 0xdefb, 0xffdf, 0x8430, 0x0000, 0x9cf3,
	0xe73c, 0xdedb, 0xdedb, 0xdedb, 0xdedb, 0xdedb, 0xdedb, 0xdedb, 0xdedb, 0xdedb, 0xdedb, 0xdedb, 0xdedb, 0xdedb, 0xdedb, 0xce79,
	0xdedb, 0xdedb, 0xdedb, 0xdedb, 0xdedb, 0xdedb, 0xdedb, 0xdedb, 0xdedb, 0xdedb, 0xdedb, 0xdedb, 0xdedb, 0xdedb, 0xdedb, 0xdedb,
	0xef5d, 0x6b4d, 0x0000, 0x9cf3, 0xe73c, 0xdefb, 0xd6ba, 0x18c3, 0x2104, 0xdedb, 0xdefb, 0xdedb, 0xdedb, 0xe71c, 0xb5b6, 0x0000,
	0x52aa, 0xe73c, 0xdedb, 0xdedb, 0xdefb, 0xdedb, 0x2124, 0x0861, 0x0000, 0x7bef, 0xef5d, 0xdedb, 0xdedb, 0xdedb, 0xe73c, 0x632c,
	0x0000, 0x31a6, 0xad55, 0xce59, 0xc638, 0xad75, 0x6b6d, 0x9492, 0xe71c, 0xe71c, 0xbdf7, 0x0000, 0x4a69, 0xe73c, 0xdedb, 0xdedb,
	0xdedb, 0xdedb, 0xe71c, 0xc638, 0x0020, 0x18c3, 0xb5b6, 0xdedb, 0xce59, 0xdedb, 0xe73c, 0xa514, 0x0000, 0x1082, 0x8c71, 0xc638,
	0xce59, 0xb5b6, 0x8c51, 0x6b6d, 0xdedb, 0xdefb, 0xdefb, 0x3186, 0x0861, 0xce79, 0xdefb, 0xdedb, 0xdedb, 0xdedb, 0xdefb, 0x6b4d,
	0x8430, 0xbdf7, 0xd6ba, 0xd69a, 0xad55, 0x18c3, 0x0861, 0xce59, 0xdefb, 0xdedb, 0xdedb, 0xdedb, 0xdedb, 0xdedb, 0xdedb, 0xdedb,
	0xdedb, 0xdedb, 0xdedb, 0xdedb, 0xdedb, 0xdedb, 0xdedb, 0xce79, 0xdedb, 0xdedb, 0xdedb, 0xdedb, 0xdedb, 0xdedb, 0xdedb, 0xdedb,
	0xdedb, 0xdedb, 0xdedb, 0xdedb, 0xdedb, 0xdedb, 0xdedb, 0xdedb, 0xef5d, 0x6b4d, 0x0000, 0x9cf3, 0xe73c, 0xdefb, 0xd6ba, 0x18e3,
	0x2104, 0xdedb, 0xdefb, 0xdedb, 0xdedb, 0xe71c, 0xb5b6, 0x0000, 0x52aa, 0xe73c, 0xdedb, 0xdedb, 0xdedb, 0xef5d, 0x7bcf, 0x0000,
	0x1082, 0xc638, 0xe71c, 0xdedb, 0xdedb, 0xdedb, 0xdefb, 0xdefb, 0x6b4d, 0x0000, 0x0000, 0x0000, 0x0000, 0x0000, 0x0000, 0x8430,
	0xe73c, 0xe71c, 0xbdf7, 0x0000, 0x4a69, 0xe73c, 0xdedb, 0xdedb, 0xdedb, 0xdedb, 0xdedb, 0xe73c, 0x73ae, 0x0000, 0x0000, 0x0841,
	0x31a6, 0xdedb, 0xdedb, 0xe73c, 0x9cd3, 0x10a2, 0x0000, 0x0000, 0x0000, 0x0000, 0x0000, 0x4228, 0xe71c, 0xdefb, 0xdefb, 0x3186,
	0x0861, 0xce79, 0xdefb, 0xdedb, 0xdedb, 0xdedb, 0xe73c, 0x4a49, 0x0000, 0x0000, 0x0861, 0x0841, 0x0000, 0x18c3, 0xa514, 0xe73c,
	0xdedb, 0xdedb, 0xdedb, 0xdedb, 0xdedb, 0xdedb, 0xdedb, 0xdedb, 0xdedb, 0xdedb, 0xdedb, 0xdedb, 0xdedb, 0xdedb, 0xdedb, 0xce79,
	0xdedb, 0xdedb, 0xdedb, 0xdedb, 0xdedb, 0xdedb, 0xdedb, 0xdedb, 0xdedb, 0xdedb, 0xdedb, 0xdedb, 0xdedb, 0xdedb, 0xdedb, 0xdedb,
	0xdedb, 0xc638, 0xb5b6, 0xce79, 0xdedb, 0xdedb, 0xdedb, 0xbdd7, 0xbdd7, 0xdedb, 0xdedb, 0xdedb, 0xdedb, 0xdedb, 0xd69a, 0xb5b6,
	0xc638, 0xdedb, 0xdedb, 0xdedb, 0xdedb, 0xdedb, 0xd69a, 0xb5b6, 0xbdf7, 0xdefb, 0xdedb, 0xdedb, 0xdedb, 0xdedb, 0xdedb, 0xdefb,
	0xe73c, 0xbdf7, 0x8430, 0x6b6d, 0x6b6d, 0x8c51, 0xbdf7, 0xdefb, 0xdedb, 0xdedb, 0xd6ba, 0xb5b6, 0xc618, 0xdedb, 0xdedb, 0xdedb,
	0xdedb, 0xdedb, 0xdedb, 0xdedb, 0xe71c, 0xad55, 0x738e, 0x6b4d, 0x9cf3, 0xdefb, 0xdedb, 0xdedb, 0xe73c, 0xd69a, 0x94b2, 0x6b6d,
	0x6b6d, 0x7bef, 0xad75, 0xd6ba, 0xdedb, 0xdedb, 0xdedb, 0xbdf7, 0xbdd7, 0xd6ba, 0xdedb, 0xdedb, 0xdedb, 0xdedb, 0xdedb, 0xd6ba,
	0xa534, 0x73ae, 0x6b4d, 0x6b4d, 0x94b2, 0xd69a, 0xe73c, 0xdedb, 0xdedb, 0xdedb, 0xdedb, 0xdedb, 0xdedb, 0xdedb, 0xdedb, 0xdedb,
	0xdedb, 0xdedb, 0xdedb, 0xdedb, 0xdedb, 0xdedb, 0xdedb, 0xce79, 0xdedb, 0xdedb, 0xdedb, 0xdedb, 0xdedb, 0xdedb, 0xdedb, 0xdedb,
	0xdedb, 0xdedb, 0xdedb, 0xdedb, 0xdedb, 0xdedb, 0xdedb, 0xdedb, 0xdedb, 0xdefb, 0xe71c, 0xdefb, 0xdedb, 0xdedb, 0xdedb, 0xe71c,
	0xe71c, 0xdedb, 0xdedb, 0xdedb, 0xdedb, 0xdedb, 0xdedb, 0xe71c, 0xdefb, 0xdedb, 0xdedb, 0xdedb, 0xdedb, 0xdedb, 0xdefb, 0xe71c,
	0xe71c, 0xdedb, 0xdedb, 0xdedb, 0xdedb, 0xdedb, 0xdedb, 0xdedb, 0xdedb, 0xe71c, 0xef5d, 0xef5d, 0xef5d, 0xef5d, 0xe71c, 0xdedb,
	0xdedb, 0xdedb, 0xdedb, 0xe71c, 0xdefb, 0xdedb, 0xdedb, 0xdedb, 0xdedb, 0xdedb, 0xdedb, 0xdedb, 0xdedb, 0xe73c, 0xef5d, 0xef5d,
	0xe73c, 0xdedb, 0xdedb, 0xdedb, 0xdedb, 0xdefb, 0xe73c, 0xef5d, 0xef5d, 0xef5d, 0xe73c, 0xdefb, 0xdedb, 0xdedb, 0xdedb, 0xe71c,
	0xe71c, 0xdedb, 0xdedb, 0xdedb, 0xdedb, 0xdedb, 0xdedb, 0xdefb, 0xe73c, 0xef5d, 0xef5d, 0xef5d, 0xe73c, 0xdefb, 0xdedb, 0xdedb,
	0xdedb, 0xdedb, 0xdedb, 0xdedb, 0xdedb, 0xdedb, 0xdedb, 0xdedb, 0xdedb, 0xdedb, 0xdedb, 0xdedb, 0xdedb, 0xdedb, 0xdedb, 0xce79,
	0xdedb, 0xdedb, 0xdedb, 0xdedb, 0xdedb, 0xdedb, 0xdedb, 0xdedb, 0xdedb, 0xdedb, 0xdedb, 0xdedb, 0xdedb, 0xdedb, 0xdedb, 0xdedb,
	0xdedb, 0xdedb, 0xdedb, 0xdedb, 0xdedb, 0xdedb, 0xdedb, 0xdedb, 0xdedb, 0xdedb, 0xdedb, 0xdedb, 0xdedb, 0xdedb, 0xdedb, 0xdedb,
	0xdedb, 0xdedb, 0xdedb, 0xdedb, 0xdedb, 0xdedb, 0xdedb, 0xdedb, 0xdedb, 0xdedb, 0xdedb, 0xdedb, 0xdedb, 0xdedb, 0xdedb, 0xdedb,
	0xdedb, 0xdedb, 0xdedb, 0xdedb, 0xdedb, 0xdedb, 0xdedb, 0xdedb, 0xdedb, 0xdedb, 0xdedb, 0xdedb, 0xdedb, 0xdedb, 0xdedb, 0xdedb,
	0xdedb, 0xdedb, 0xdedb, 0xdedb, 0xdedb, 0xdedb, 0xdedb, 0xdedb, 0xdedb, 0xdedb, 0xdedb, 0xdedb, 0xdedb, 0xdedb, 0xdedb, 0xdedb,
	0xdedb, 0xdedb, 0xdedb, 0xdedb, 0xdedb, 0xdedb, 0xdedb, 0xdedb, 0xdedb, 0xdedb, 0xdedb, 0xdedb, 0xdedb, 0xdedb, 0xdedb, 0xdedb,
	0xdedb, 0xdedb, 0xdedb, 0xdedb, 0xdedb, 0xdedb, 0xdedb, 0xdedb, 0xdedb, 0xdedb, 0xdedb, 0xdedb, 0xdedb, 0xdedb, 0xdedb, 0xdedb,
	0xdedb, 0xdedb, 0xdedb, 0xdedb, 0xdedb, 0xdedb, 0xdedb, 0xce79, 0xdedb, 0xdedb, 0xdedb, 0xdedb, 0xdedb, 0xdedb, 0xdedb, 0xdedb,
	0xdedb, 0xdedb, 0xdedb, 0xdedb, 0xdedb, 0xdedb, 0xdedb, 0xdedb, 0xdedb, 0xdedb, 0xdedb, 0xdedb, 0xdedb, 0xdedb, 0xdedb, 0xdedb,
	0xdedb, 0xdedb, 0xdedb, 0xdedb, 0xdedb, 0xdedb, 0xdedb, 0xdedb, 0xdedb, 0xdedb, 0xdedb, 0xdedb, 0xdedb, 0xdedb, 0xdedb, 0xdedb,
	0xdedb, 0xdedb, 0xdedb, 0xdedb, 0xdedb, 0xdedb, 0xdedb, 0xdedb, 0xdedb, 0xdedb, 0xdedb, 0xdedb, 0xdedb, 0xdedb, 0xdedb, 0xdedb,
	0xdedb, 0xdedb, 0xdedb, 0xdedb, 0xdedb, 0xdedb, 0xdedb, 0xdedb, 0xdedb, 0xdedb, 0xdedb, 0xdedb, 0xdedb, 0xdedb, 0xdedb, 0xdedb,
	0xdedb, 0xdedb, 0xdedb, 0xdedb, 0xdedb, 0xdedb, 0xdedb, 0xdedb, 0xdedb, 0xdedb, 0xdedb, 0xdedb, 0xdedb, 0xdedb, 0xdedb, 0xdedb,
	0xdedb, 0xdedb, 0xdedb, 0xdedb, 0xdedb, 0xdedb, 0xdedb, 0xdedb, 0xdedb, 0xdedb, 0xdedb, 0xdedb, 0xdedb, 0xdedb, 0xdedb, 0xdedb,
	0xdedb, 0xdedb, 0xdedb, 0xdedb, 0xdedb, 0xdedb, 0xdedb, 0xdedb, 0xdedb, 0xdedb, 0xdedb, 0xdedb, 0xdedb, 0xdedb, 0xdedb, 0xce79,
	0xdedb, 0xdedb, 0xdedb, 0xdedb, 0xdedb, 0xdedb, 0xdedb, 0xdedb, 0xdedb, 0xdedb, 0xdedb, 0xdedb, 0xdedb, 0xdedb, 0xdedb, 0xdedb,
	0xdedb, 0xdedb, 0xdedb, 0xdedb, 0xdedb, 0xdedb, 0xdedb, 0xdedb, 0xdedb, 0xdedb, 0xdedb, 0xdedb, 0xdedb, 0xdedb, 0xdedb, 0xdedb,
	0xdedb, 0xdedb, 0xdedb, 0xdedb, 0xdedb, 0xdedb, 0xdedb, 0xdedb, 0xdedb, 0xdedb, 0xdedb, 0xdedb, 0xdedb, 0xdedb, 0xdedb, 0xdedb,
	0xdedb, 0xdedb, 0xdedb, 0xdedb, 0xdedb, 0xdedb, 0xdedb, 0xdedb, 0xdedb, 0xdedb, 0xdedb, 0xdedb, 0xdedb, 0xdedb, 0xdedb, 0xdedb,
	0xdedb, 0xdedb, 0xdedb, 0xdedb, 0xdedb, 0xdedb, 0xdedb, 0xdedb, 0xdedb, 0xdedb, 0xdedb, 0xdedb, 0xdedb, 0xdedb, 0xdedb, 0xdedb,
	0xdedb, 0xdedb, 0xdedb, 0xdedb, 0xdedb, 0xdedb, 0xdedb, 0xdedb, 0xdedb, 0xdedb, 0xdedb, 0xdedb, 0xdedb, 0xdedb, 0xdedb, 0xdedb,
	0xdedb, 0xdedb, 0xdedb, 0xdedb, 0xdedb, 0xdedb, 0xdedb, 0xdedb, 0xdedb, 0xdedb, 0xdedb, 0xdedb, 0xdedb, 0xdedb, 0xdedb, 0xdedb,
	0xdedb, 0xdedb, 0xdedb, 0xdedb, 0xdedb, 0xdedb, 0xdedb, 0xce79, 0xdedb, 0xdedb, 0xdedb, 0xdedb, 0xdedb, 0xdedb, 0xdedb, 0xdedb,
	0xdedb, 0xdedb, 0xdedb, 0xdedb, 0xdedb, 0xdedb, 0xdedb, 0xdedb, 0xdedb, 0xdedb, 0xdedb, 0xdedb, 0xdedb, 0xdedb, 0xdedb, 0xdedb,
	0xdedb, 0xdedb, 0xdedb, 0xdedb, 0xdedb, 0xdedb, 0xdedb, 0xdedb, 0xdedb, 0xdedb, 0xdedb, 0xdedb, 0xdedb, 0xdedb, 0xdedb, 0xdedb,
	0xdedb, 0xdedb, 0xdedb, 0xdedb, 0xdedb, 0xdedb, 0xdedb, 0xdedb, 0xdedb, 0xdedb, 0xdedb, 0xdedb, 0xdedb, 0xdedb, 0xdedb, 0xdedb,
	0xdedb, 0xdedb, 0xdedb, 0xdedb, 0xdedb, 0xdedb, 0xdedb, 0xdedb, 0xdedb, 0xdedb, 0xdedb, 0xdedb, 0xdedb, 0xdedb, 0xdedb, 0xdedb,
	0xdedb, 0xdedb, 0xdedb, 0xdedb, 0xdedb, 0xdedb, 0xdedb, 0xdedb, 0xdedb, 0xdedb, 0xdedb, 0xdedb, 0xdedb, 0xdedb, 0xdedb, 0xdedb,
	0xdedb, 0xdedb, 0xdedb, 0xdedb, 0xdedb, 0xdedb, 0xdedb, 0xdedb, 0xdedb, 0xdedb, 0xdedb, 0xdedb, 0xdedb, 0xdedb, 0xdedb, 0xdedb,
	0xdedb, 0xdedb, 0xdedb, 0xdedb, 0xdedb, 0xdedb, 0xdedb, 0xdedb, 0xdedb, 0xdedb, 0xdedb, 0xdedb, 0xdedb, 0xdedb, 0xdedb, 0xce79,
	0xdedb, 0xdedb, 0xdedb, 0xdedb, 0xdedb, 0xdedb, 0xdedb, 0xdedb, 0xdedb, 0xdedb, 0xdedb, 0xdedb, 0xdedb, 0xdedb, 0xdedb, 0xdedb,
	0xdedb, 0xdedb, 0xdedb, 0xdedb, 0xdedb, 0xdedb, 0xdedb, 0xdedb, 0xdedb, 0xdedb, 0xdedb, 0xdedb, 0xdedb, 0xdedb, 0xdedb, 0xdedb,
	0xdedb, 0xdedb, 0xdedb, 0xdedb, 0xdedb, 0xdedb, 0xdedb, 0xdedb, 0xdedb, 0xdedb, 0xdedb, 0xdedb, 0xdedb, 0xdedb, 0xdedb, 0xdedb,
	0xdedb, 0xdedb, 0xdedb, 0xdedb, 0xdedb, 0xdedb, 0xdedb, 0xdedb, 0xdedb, 0xdedb, 0xdedb, 0xdedb, 0xdedb, 0xdedb, 0xdedb, 0xdedb,
	0xdedb, 0xdedb, 0xdedb, 0xdedb, 0xdedb, 0xdedb, 0xdedb, 0xdedb, 0xdedb, 0xdedb, 0xdedb, 0xdedb, 0xdedb, 0xdedb, 0xdedb, 0xdedb,
	0xdedb, 0xdedb, 0xdedb, 0xdedb, 0xdedb, 0xdedb, 0xdedb, 0xdedb, 0xdedb, 0xdedb, 0xdedb, 0xdedb, 0xdedb, 0xdedb, 0xdedb, 0xdedb,
	0xdedb, 0xdedb, 0xdedb, 0xdedb, 0xdedb, 0xdedb, 0xdedb, 0xdedb, 0xdedb, 0xdedb, 0xdedb, 0xdedb, 0xdedb, 0xdedb, 0xdedb, 0xdedb,
	0xdedb, 0xdedb, 0xdedb, 0xdedb, 0xdedb, 0xdedb, 0xdedb, 0xce79, 0xdedb, 0xdedb, 0xdedb, 0xdedb, 0xdedb, 0xdedb, 0xdedb, 0xdedb,
	0xdedb, 0xdedb, 0xdedb, 0xdedb, 0xdedb, 0xdedb, 0xdedb, 0xdedb, 0xdedb, 0xdedb, 0xdedb, 0xdedb, 0xdedb, 0xdedb, 0xdedb, 0xdedb,
	0xdedb, 0xdedb, 0xdedb, 0xdedb, 0xdedb, 0xdedb, 0xdedb, 0xdedb, 0xdedb, 0xdedb, 0xdedb, 0xdedb, 0xdedb, 0xdedb, 0xdedb, 0xdedb,
	0xdedb, 0xdedb, 0xdedb, 0xdedb, 0xdedb, 0xdedb, 0xdedb, 0xdedb, 0xdedb, 0xdedb, 0xdedb, 0xdedb, 0xdedb, 0xdedb, 0xdedb, 0xdedb,
	0xdedb, 0xdedb, 0xdedb, 0xdedb, 0xdedb, 0xdedb, 0xdedb, 0xdedb, 0xdedb, 0xdedb, 0xdedb, 0xdedb, 0xdedb, 0xdedb, 0xdedb, 0xdedb,
	0xdedb, 0xdedb, 0xdedb, 0xdedb, 0xdedb, 0xdedb, 0xdedb, 0xdedb, 0xdedb, 0xdedb, 0xdedb, 0xdedb, 0xdedb, 0xdedb, 0xdedb, 0xdedb,
	0xdedb, 0xdedb, 0xdedb, 0xdedb, 0xdedb, 0xdedb, 0xdedb, 0xdedb, 0xdedb, 0xdedb, 0xdedb, 0xdedb, 0xdedb, 0xdedb, 0xdedb, 0xdedb,
	0xdedb, 0xdedb, 0xdedb, 0xdedb, 0xdedb, 0xdedb, 0xdedb, 0xdedb, 0xdedb, 0xdedb, 0xdedb, 0xdedb, 0xdedb, 0xdedb, 0xdedb, 0xce79,
	0xdedb, 0xdedb, 0xdedb, 0xdedb, 0xdedb, 0xdedb, 0xdedb, 0xdedb, 0xdedb, 0xdedb, 0xdedb, 0xdedb, 0xdedb, 0xdedb, 0xdedb, 0xdedb,
	0xdedb, 0xdedb, 0xdedb, 0xdedb, 0xdedb, 0xdedb, 0xdedb, 0xdedb, 0xdedb, 0xdedb, 0xdedb, 0xdedb, 0xdedb, 0xdedb, 0xdedb, 0xdedb,
	0xdedb, 0xdedb, 0xdedb, 0xdedb, 0xdedb, 0xdedb, 0xdedb, 0xdedb, 0xdedb, 0xdedb, 0xdedb, 0xdedb, 0xdedb, 0xdedb, 0xdedb, 0xdedb,
	0xdedb, 0xdedb, 0xdedb, 0xdedb, 0xdedb, 0xdedb, 0xdedb, 0xdedb, 0xdedb, 0xdedb, 0xdedb, 0xdedb, 0xdedb, 0xdedb, 0xdedb, 0xdedb,
	0xdedb, 0xdedb, 0xdedb, 0xdedb, 0xdedb, 0xdedb, 0xdedb, 0xdedb, 0xdedb, 0xdedb, 0xdedb, 0xdedb, 0xdedb, 0xdedb, 0xdedb, 0xdedb,
	0xdedb, 0xdedb, 0xdedb, 0xdedb, 0xdedb, 0xdedb, 0xdedb, 0xdedb, 0xdedb, 0xdedb, 0xdedb, 0xdedb, 0xdedb, 0xdedb, 0xdedb, 0xdedb,
	0xdedb, 0xdedb, 0xdedb, 0xdedb, 0xdedb, 0xdedb, 0xdedb, 0xdedb, 0xdedb, 0xdedb, 0xdedb, 0xdedb, 0xdedb, 0xdedb, 0xdedb, 0xdedb,
	0xdedb, 0xdedb, 0xdedb, 0xdedb, 0xdedb, 0xdedb, 0xdedb, 0xce79, 0xdedb, 0xdedb, 0xdedb, 0xdedb, 0xdedb, 0xdedb, 0xdedb, 0xdedb,
	0xdedb, 0xdedb, 0xdedb, 0xdedb, 0xdedb, 0xdedb, 0xdedb, 0xdedb, 0xdedb, 0xdedb, 0xdedb, 0xdedb, 0xdedb, 0xdedb, 0xdedb, 0xdedb,
	0xdedb, 0xdedb, 0xdedb, 0xdedb, 0xdedb, 0xdedb, 0xdedb, 0xdedb, 0xdedb, 0xdedb, 0xdedb, 0xdedb, 0xdedb, 0xdedb, 0xdedb, 0xdedb,
	0xdedb, 0xdedb, 0xdedb, 0xdedb, 0xdedb, 0xdedb, 0xdedb, 0xdedb, 0xdedb, 0xdedb, 0xdedb, 0xdedb, 0xdedb, 0xdedb, 0xdedb, 0xdedb,
	0xdedb, 0xdedb, 0xdedb, 0xdedb, 0xdedb, 0xdedb, 0xdedb, 0xdedb, 0xdedb, 0xdedb, 0xdedb, 0xdedb, 0xdedb, 0xdedb, 0xdedb, 0xdedb,
	0xdedb, 0xdedb, 0xdedb, 0xdedb, 0xdedb, 0xdedb, 0xdedb, 0xdedb, 0xdedb, 0xdedb, 0xdedb, 0xdedb, 0xdedb, 0xdedb, 0xdedb, 0xdedb,
	0xdedb, 0xdedb, 0xdedb, 0xdedb, 0xdedb, 0xdedb, 0xdedb, 0xdedb, 0xdedb, 0xdedb, 0xdedb, 0xdedb, 0xdedb, 0xdedb, 0xdedb, 0xdedb,
	0xdedb, 0xdedb, 0xdedb, 0xdedb, 0xdedb, 0xdedb, 0xdedb, 0xdedb, 0xdedb, 0xdedb, 0xdedb, 0xdedb, 0xdedb, 0xdedb, 0xdedb, 0xce79,
	0xdedb, 0xdedb, 0xdedb, 0xdedb, 0xdedb, 0xdedb, 0xdedb, 0xdedb, 0xdedb, 0xdedb, 0xdedb, 0xdedb, 0xdedb, 0xdedb, 0xdedb, 0xdedb,
	0xdedb, 0xdedb, 0xdedb, 0xdedb, 0xdedb, 0xdedb, 0xdedb, 0xdedb, 0xdedb, 0xdedb, 0xdedb, 0xdedb, 0xdedb, 0xdedb, 0xdedb, 0xdedb,
	0xdedb, 0xdedb, 0xdedb, 0xdedb, 0xdedb, 0xdedb, 0xdedb, 0xdedb, 0xdedb, 0xdedb, 0xdedb, 0xdedb, 0xdedb, 0xdedb, 0xdedb, 0xdedb,
	0xdedb, 0xdedb, 0xdedb, 0xdedb, 0xdedb, 0xdedb, 0xdedb, 0xdedb, 0xdedb, 0xdedb, 0xdedb, 0xdedb, 0xdedb, 0xdedb, 0xdedb, 0xdedb,
	0xdedb, 0xdedb, 0xdedb, 0xdedb, 0xdedb, 0xdedb, 0xdedb, 0xdedb, 0xdedb, 0xdedb, 0xdedb, 0xdedb, 0xdedb, 0xdedb, 0xdedb, 0xdedb,
	0xdedb, 0xdedb, 0xdedb, 0xdedb, 0xdedb, 0xdedb, 0xdedb, 0xdedb, 0xdedb, 0xdedb, 0xdedb, 0xdedb, 0xdedb, 0xdedb, 0xdedb, 0xdedb,
	0xdedb, 0xdedb, 0xdedb, 0xdedb, 0xdedb, 0xdedb, 0xdedb, 0xdedb, 0xdedb, 0xdedb, 0xdedb, 0xdedb, 0xdedb, 0xdedb, 0xdedb, 0xdedb,
	0xdedb, 0xdedb, 0xdedb, 0xdedb, 0xdedb, 0xdedb, 0xdedb, 0xce79, 0xdedb, 0xdedb, 0xdedb, 0xdedb, 0xdedb, 0xdedb, 0xdedb, 0xdedb,
	0xdedb, 0xdedb, 0xdedb, 0xdedb, 0xdedb, 0xdedb, 0xdedb, 0xdedb, 0xdedb, 0xdedb, 0xdedb, 0xdedb, 0xdedb, 0xdedb, 0xdedb, 0xdedb,
	0xdedb, 0xdedb, 0xdedb, 0xdedb, 0xdedb, 0xdedb, 0xdedb, 0xdedb, 0xdedb, 0xdedb, 0xdedb, 0xdedb, 0xdedb, 0xdedb, 0xdedb, 0xdedb,
	0xdedb, 0xdedb, 0xdedb, 0xdedb, 0xdedb, 0xdedb, 0xdedb, 0xdedb, 0xdedb, 0xdedb, 0xdedb, 0xdedb, 0xdedb, 0xdedb, 0xdedb, 0xdedb,
	0xdedb, 0xdedb, 0xdedb, 0xdedb, 0xdedb, 0xdedb, 0xdedb, 0xdedb, 0xdedb, 0xdedb, 0xdedb, 0xdedb, 0xdedb, 0xdedb, 0xdedb, 0xdedb,
	0xdedb, 0xdedb, 0xdedb, 0xdedb, 0xdedb, 0xdedb, 0xdedb, 0xdedb, 0xdedb, 0xdedb, 0xdedb, 0xdedb, 0xdedb, 0xdedb, 0xdedb, 0xdedb,
	0xdedb, 0xdedb, 0xdedb, 0xdedb, 0xdedb, 0xdedb, 0xdedb, 0xdedb, 0xdedb, 0xdedb, 0xdedb, 0xdedb, 0xdedb, 0xdedb, 0xdedb, 0xdedb,
	0xdedb, 0xdedb, 0xdedb, 0xdedb, 0xdedb, 0xdedb, 0xdedb, 0xdedb, 0xdedb, 0xdedb, 0xdedb, 0xdedb, 0xdedb, 0xdedb, 0xdedb, 0xce79,
	0xdedb, 0xdedb, 0xdedb, 0xdedb, 0xdedb, 0xdedb, 0xdedb, 0xdedb, 0xdedb, 0xdedb, 0xdedb, 0xdedb, 0xdedb, 0xdedb, 0xdedb, 0xdedb,
	0xdedb, 0xdedb, 0xdedb, 0xdedb, 0xdedb, 0xdedb, 0xdedb, 0xdedb, 0xdedb, 0xdedb, 0xdedb, 0xdedb, 0xdedb, 0xdedb, 0xdedb, 0xdedb,
	0xdedb, 0xdedb, 0xdedb, 0xdedb, 0xdedb, 0xdedb, 0xdedb, 0xdedb, 0xdedb, 0xdedb, 0xdedb, 0xdedb, 0xdedb, 0xdedb, 0xdedb, 0xdedb,
	0xdedb, 0xdedb, 0xdedb, 0xdedb, 0xdedb, 0xdedb, 0xdedb, 0xdedb, 0xdedb, 0xdedb, 0xdedb, 0xdedb, 0xdedb, 0xdedb, 0xdedb, 0xdedb,
	0xdedb, 0xdedb, 0xdedb, 0xdedb, 0xdedb, 0xdedb, 0xdedb, 0xdedb, 0xdedb, 0xdedb, 0xdedb, 0xdedb, 0xdedb, 0xdedb, 0xdedb, 0xdedb,
	0xdedb, 0xdedb, 0xdedb, 0xdedb, 0xdedb, 0xdedb, 0xdedb, 0xdedb, 0xdedb, 0xdedb, 0xdedb, 0xdedb, 0xdedb, 0xdedb, 0xdedb, 0xdedb,
	0xdedb, 0xdedb, 0xdedb, 0xdedb, 0xdedb, 0xdedb, 0xdedb, 0xdedb, 0xdedb, 0xdedb, 0xdedb, 0xdedb, 0xdedb, 0xdedb, 0xdedb, 0xdedb,
	0xdedb, 0xdedb, 0xdedb, 0xdedb, 0xdedb, 0xdedb, 0xdedb, 0xce79, 0xdedb, 0xdedb, 0xdedb, 0xdedb, 0xdedb, 0xdedb, 0xdedb, 0xdedb,
	0xdedb, 0xdedb, 0xdedb, 0xdedb, 0xdedb, 0xdedb, 0xdedb, 0xdedb, 0xdedb, 0xdedb, 0xdedb, 0xdedb, 0xdedb, 0xdedb, 0xdedb, 0xdedb,
	0xdedb, 0xdedb, 0xdedb, 0xdedb, 0xdedb, 0xdedb, 0xdedb, 0xdedb, 0xdedb, 0xdedb, 0xdedb, 0xdedb, 0xdedb, 0xdedb, 0xdedb, 0xdedb,
	0xdedb, 0xdedb, 0xdedb, 0xdedb, 0xdedb, 0xdedb, 0xdedb, 0xdedb, 0xdedb, 0xdedb, 0xdedb, 0xdedb, 0xdedb, 0xdedb, 0xdedb, 0xdedb,
	0xdedb, 0xdedb, 0xdedb, 0xdedb, 0xdedb, 0xdedb, 0xdedb, 0xdedb, 0xdedb, 0xdedb, 0xdedb, 0xdedb, 0xdedb, 0xdedb, 0xdedb, 0xdedb,
	0xdedb, 0xdedb, 0xdedb, 0xdedb, 0xdedb, 0xdedb, 0xdedb, 0xdedb, 0xdedb, 0xdedb, 0xdedb, 0xdedb, 0xdedb, 0xdedb, 0xdedb, 0xdedb,
	0xdedb, 0xdedb, 0xdedb, 0xdedb, 0xdedb, 0xdedb, 0xdedb, 0xdedb, 0xdedb, 0xdedb, 0xdedb, 0xdedb, 0xdedb, 0xdedb, 0xdedb, 0xdedb,
	0xdedb, 0xdedb, 0xdedb, 0xdedb, 0xdedb, 0xdedb, 0xdedb, 0xdedb, 0xdedb, 0xdedb, 0xdedb, 0xdedb, 0xdedb, 0xdedb, 0xdedb, 0xce79,
	0xdedb, 0xdedb, 0xdedb, 0xdedb, 0xdedb, 0xdedb, 0xdedb, 0xdedb, 0xdedb, 0xdedb, 0xdedb, 0xdedb, 0xdedb, 0xdedb, 0xdedb, 0xdedb,
	0xdedb, 0xdedb, 0xdedb, 0xdedb, 0xdedb, 0xdedb, 0xdedb, 0xdedb, 0xdedb, 0xdedb, 0xdedb, 0xdedb, 0xdedb, 0xdedb, 0xdedb, 0xdedb,
	0xdedb, 0xdedb, 0xdedb, 0xdedb, 0xdedb, 0xdedb, 0xdedb, 0xdedb, 0xdedb, 0xdedb, 0xdedb, 0xdedb, 0xdedb, 0xdedb, 0xdedb, 0xdedb,
	0xdedb, 0xdedb, 0xdedb, 0xdedb, 0xdedb, 0xdedb, 0xdedb, 0xdedb, 0xdedb, 0xdedb, 0xdedb, 0xdedb, 0xdedb, 0xdedb, 0xdedb, 0xdedb,
	0xdedb, 0xdedb, 0xdedb, 0xdedb, 0xdedb, 0xdedb, 0xdedb, 0xdedb, 0xdedb, 0xdedb, 0xdedb, 0xdedb, 0xdedb, 0xdedb, 0xdedb, 0xdedb,
	0xdedb, 0xdedb, 0xdedb, 0xdedb, 0xdedb, 0xdedb, 0xdedb, 0xdedb, 0xdedb, 0xdedb, 0xdedb, 0xdedb, 0xdedb, 0xdedb, 0xdedb, 0xdedb,
	0xdedb, 0xdedb, 0xdedb, 0xdedb, 0xdedb, 0xdedb, 0xdedb, 0xdedb, 0xdedb, 0xdedb, 0xdedb, 0xdedb, 0xdedb, 0xdedb, 0xdedb, 0xdedb,
	0xdedb, 0xdedb, 0xdedb, 0xdedb, 0xdedb, 0xdedb, 0xdedb, 0xce79, 0xdedb, 0xdedb, 0xdedb, 0xdedb, 0xdedb, 0xdedb, 0xdedb, 0xdedb,
	0xdedb, 0xdedb, 0xdedb, 0xdedb, 0xdedb, 0xdedb, 0xdedb, 0xdedb, 0xdedb, 0xdedb, 0xdedb, 0xdedb, 0xdedb, 0xdedb, 0xdedb, 0xdedb,
	0xdedb, 0xdedb, 0xdedb, 0xdedb, 0xdedb, 0xdedb, 0xdedb, 0xdedb, 0xdedb, 0xdedb, 0xdedb, 0xdedb, 0xdedb, 0xdedb, 0xdedb, 0xdedb,
	0xdedb, 0xdedb, 0xdedb, 0xdedb, 0xdedb, 0xdedb, 0xdedb, 0xdedb, 0xdedb, 0xdedb, 0xdedb, 0xdedb, 0xdedb, 0xdedb, 0xdedb, 0xdedb,
	0xdedb, 0xdedb, 0xdedb, 0xdedb, 0xdedb, 0xdedb, 0xdedb, 0xdedb, 0xdedb, 0xdedb, 0xdedb, 0xdedb, 0xdedb, 0xdedb, 0xdedb, 0xdedb,
	0xdedb, 0xdedb, 0xdedb, 0xdedb, 0xdedb, 0xdedb, 0xdedb, 0xdedb, 0xdedb, 0xdedb, 0xdedb, 0xdedb, 0xdedb, 0xdedb, 0xdedb, 0xdedb,
	0xdedb, 0xdedb, 0xdedb, 0xdedb, 0xdedb, 0xdedb, 0xdedb, 0xdedb, 0xdedb, 0xdedb, 0xdedb, 0xdedb, 0xdedb, 0xdedb, 0xdedb, 0xdedb,
	0xdedb, 0xdedb, 0xdedb, 0xdedb, 0xdedb, 0xdedb, 0xdedb, 0xdedb, 0xdedb, 0xdedb, 0xdedb, 0xdedb, 0xdedb, 0xdedb, 0xdedb, 0xce79,
	0xdedb, 0xdedb, 0xdedb, 0xdedb, 0xdedb, 0xdedb, 0xdedb, 0xdedb, 0xdedb, 0xdedb, 0xdedb, 0xdedb, 0xdedb, 0xdedb, 0xdedb, 0xdedb,
	0xdedb, 0xdedb, 0xdedb, 0xdedb, 0xdedb, 0xdedb, 0xdedb, 0xdedb, 0xdedb, 0xdedb, 0xdedb, 0xdedb, 0xdedb, 0xdedb, 0xdedb, 0xdedb,
	0xdedb, 0xdedb, 0xdedb, 0xdedb, 0xdedb, 0xdedb, 0xdedb, 0xdedb, 0xdedb, 0xdedb, 0xdedb, 0xdedb, 0xdedb, 0xdedb, 0xdedb, 0xdedb,
	0xdedb, 0xdedb, 0xdedb, 0xdedb, 0xdedb, 0xdedb, 0xdedb, 0xdedb, 0xdedb, 0xdedb, 0xdedb, 0xdedb, 0xdedb, 0xdedb, 0xdedb, 0xdedb,
	0xdedb, 0xdedb, 0xdedb, 0xdedb, 0xdedb, 0xdedb, 0xdedb, 0xdedb, 0xdedb, 0xdedb, 0xdedb, 0xdedb, 0xdedb, 0xdedb, 0xdedb, 0xdedb,
	0xdedb, 0xdedb, 0xdedb, 0xdedb, 0xdedb, 0xdedb, 0xdedb, 0xdedb, 0xdedb, 0xdedb, 0xdedb, 0xdedb, 0xdedb, 0xdedb, 0xdedb, 0xdedb,
	0xdedb, 0xdedb, 0xdedb, 0xdedb, 0xdedb, 0xdedb, 0xdedb, 0xdedb, 0xdedb, 0xdedb, 0xdedb, 0xdedb, 0xdedb, 0xdedb, 0xdedb, 0xdedb,
	0xdedb, 0xdedb, 0xdedb, 0xdedb, 0xdedb, 0xdedb, 0xdedb, 0xce79, 0xdedb, 0xdedb, 0xdedb, 0xdedb, 0xdedb, 0xdedb, 0xdedb, 0xdedb,
	0xdedb, 0xdedb, 0xdedb, 0xdedb, 0xdedb, 0xdedb, 0xdedb, 0xdedb, 0xdedb, 0xdedb, 0xdedb, 0xdedb, 0xdedb, 0xdedb, 0xdedb, 0xdedb,
	0xdedb, 0xdedb, 0xdedb, 0xdedb, 0xdedb, 0xdedb, 0xdedb, 0xdedb, 0xdedb, 0xdedb, 0xdedb, 0xdedb, 0xdedb, 0xdedb, 0xdedb, 0xdedb,
	0xdedb, 0xdedb, 0xdedb, 0xdedb, 0xdedb, 0xdedb, 0xdedb, 0xdedb, 0xdedb, 0xdedb, 0xdedb, 0xdedb, 0xdedb, 0xdedb, 0xdedb, 0xdedb,
	0xdedb, 0xdedb, 0xdedb, 0xdedb, 0xdedb, 0xdedb, 0xdedb, 0xdedb, 0xdedb, 0xdedb, 0xdedb, 0xdedb, 0xdedb, 0xdedb, 0xdedb, 0xdedb,
	0xdedb, 0xdedb, 0xdedb, 0xdedb, 0xdedb, 0xdedb, 0xdedb, 0xdedb, 0xdedb, 0xdedb, 0xdedb, 0xdedb, 0xdedb, 0xdedb, 0xdedb, 0xdedb,
	0xdedb, 0xdedb, 0xdedb, 0xdedb, 0xdedb, 0xdedb, 0xdedb, 0xdedb, 0xdedb, 0xdedb, 0xdedb, 0xdedb, 0xdedb, 0xdedb, 0xdedb, 0xdedb,
	0xdedb, 0xdedb, 0xdedb, 0xdedb, 0xdedb, 0xdedb, 0xdedb, 0xdedb, 0xdedb, 0xdedb, 0xdedb, 0xdedb, 0xdedb, 0xdedb, 0xdedb, 0xce79,
	0xdedb, 0xdedb, 0xdedb, 0xdedb, 0xdedb, 0xdedb, 0xdedb, 0xdedb, 0xdedb, 0xdedb, 0xdedb, 0xdedb, 0xdedb, 0xdedb, 0xdedb, 0xdedb,
	0xdedb, 0xdedb, 0xdedb, 0xdedb, 0xdedb, 0xdedb, 0xdedb, 0xdedb, 0xdedb, 0xdedb, 0xdedb, 0xdedb, 0xdedb, 0xdedb, 0xdedb, 0xdedb,
	0xdedb, 0xdedb, 0xdedb, 0xdedb, 0xdedb, 0xdedb, 0xdedb, 0xdedb, 0xdedb, 0xdedb, 0xdedb, 0xdedb, 0xdedb, 0xdedb, 0xdedb, 0xdedb,
	0xdedb, 0xdedb, 0xdedb, 0xdedb, 0xdedb, 0xdedb, 0xdedb, 0xdedb, 0xdedb, 0xdedb, 0xdedb, 0xdedb, 0xdedb, 0xdedb, 0xdedb, 0xdedb,
	0xdedb, 0xdedb, 0xdedb, 0xdedb, 0xdedb, 0xdedb, 0xdedb, 0xdedb, 0xdedb, 0xdedb, 0xdedb, 0xdedb, 0xdedb, 0xdedb, 0xdedb, 0xdedb,
	0xdedb, 0xdedb, 0xdedb, 0xdedb, 0xdedb, 0xdedb, 0xdedb, 0xdedb, 0xdedb, 0xdedb, 0xdedb, 0xdedb, 0xdedb, 0xdedb, 0xdedb, 0xdedb,
	0xdedb, 0xdedb, 0xdedb, 0xdedb, 0xdedb, 0xdedb, 0xdedb, 0xdedb, 0xdedb, 0xdedb, 0xdedb, 0xdedb, 0xdedb, 0xdedb, 0xdedb, 0xdedb,
	0xdedb, 0xdedb, 0xdedb, 0xdedb, 0xdedb, 0xdedb, 0xdedb, 0xce79, 0xdedb, 0xdedb, 0xdedb, 0xdedb, 0xdedb, 0xdedb, 0xdedb, 0xdedb,
	0xdedb, 0xdedb, 0xdedb, 0xdedb, 0xdedb, 0xdedb, 0xdedb, 0xdedb, 0xdedb, 0xdedb, 0xdedb, 0xdedb, 0xdedb, 0xdedb, 0xdedb, 0xdedb,
	0xdedb, 0xdedb, 0xdedb, 0xdedb, 0xdedb, 0xdedb, 0xdedb, 0xdedb, 0xdedb, 0xdedb, 0xdedb, 0xdedb, 0xdedb, 0xdedb, 0xdedb, 0xdedb,
	0xdedb, 0xdedb, 0xdedb, 0xdedb, 0xdedb, 0xdedb, 0xdedb, 0xdedb, 0xdedb, 0xdedb, 0xdedb, 0xdedb, 0xdedb, 0xdedb, 0xdedb, 0xdedb,
	0xdedb, 0xdedb, 0xdedb, 0xdedb, 0xdedb, 0xdedb, 0xdedb, 0xdedb, 0xdedb, 0xdedb, 0xdedb, 0xdedb, 0xdedb, 0xdedb, 0xdedb, 0xdedb,
	0xdedb, 0xdedb, 0xdedb, 0xdedb, 0xdedb, 0xdedb, 0xdedb, 0xdedb, 0xdedb, 0xdedb, 0xdedb, 0xdedb, 0xdedb, 0xdedb, 0xdedb, 0xdedb,
	0xdedb, 0xdedb, 0xdedb, 0xdedb, 0xdedb, 0xdedb, 0xdedb, 0xdedb, 0xdedb, 0xdedb, 0xdedb, 0xdedb, 0xdedb, 0xdedb, 0xdedb, 0xdedb,
	0xdedb, 0xdedb, 0xdedb, 0xdedb, 0xdedb, 0xdedb, 0xdedb, 0xdedb, 0xdedb, 0xdedb, 0xdedb, 0xdedb, 0xdedb, 0xdedb, 0xdedb, 0xce79,
	0xdedb, 0xdedb, 0xdedb, 0xdedb, 0xdedb, 0xdedb, 0xdedb, 0xdedb, 0xdedb, 0xdedb, 0xdedb, 0xdedb, 0xdedb, 0xdedb, 0xdedb, 0xdedb,
	0xdedb, 0xdedb, 0xdedb, 0xdedb, 0xdedb, 0xdedb, 0xdedb, 0xdedb, 0xdedb, 0xdedb, 0xdedb, 0xdedb, 0xdedb, 0xdedb, 0xdedb, 0xdedb,
	0xdedb, 0xdedb, 0xdedb, 0xdedb, 0xdedb, 0xdedb, 0xdedb, 0xdedb, 0xdedb, 0xdedb, 0xdedb, 0xdedb, 0xdedb, 0xdedb, 0xdedb, 0xdedb,
	0xdedb, 0xdedb, 0xdedb, 0xdedb, 0xdedb, 0xdedb, 0xdedb, 0xdedb, 0xdedb, 0xdedb, 0xdedb, 0xdedb, 0xdedb, 0xdedb, 0xdedb, 0xdedb,
	0xdedb, 0xdedb, 0xdedb, 0xdedb, 0xdedb, 0xdedb, 0xdedb, 0xdedb, 0xdedb, 0xdedb, 0xdedb, 0xdedb, 0xdedb, 0xdedb, 0xdedb, 0xdedb,
	0xdedb, 0xdedb, 0xdedb, 0xdedb, 0xdedb, 0xdedb, 0xdedb, 0xdedb, 0xdedb, 0xdedb, 0xdedb, 0xdedb, 0xdedb, 0xdedb, 0xdedb, 0xdedb,
	0xdedb, 0xdedb, 0xdedb, 0xdedb, 0xdedb, 0xdedb, 0xdedb, 0xdedb, 0xdedb, 0xdedb, 0xdedb, 0xdedb, 0xdedb, 0xdedb, 0xdedb, 0xdedb,
	0xdedb, 0xdedb, 0xdedb, 0xdedb, 0xdedb, 0xdedb, 0xdedb, 0xce79, 0xdedb, 0xdedb, 0xdedb, 0xdedb, 0xdedb, 0xdedb, 0xdedb, 0xdedb,
	0xdedb, 0xdedb, 0xdedb, 0xdedb, 0xdedb, 0xdedb, 0xdedb, 0xdedb, 0xdedb, 0xdedb, 0xdedb, 0xdedb, 0xdedb, 0xdedb, 0xdedb, 0xdedb,
	0xdedb, 0xdedb, 0xdedb, 0xdedb, 0xdedb, 0xdedb, 0xdedb, 0xdedb, 0xdedb, 0xdedb, 0xdedb, 0xdedb, 0xdedb, 0xdedb, 0xdedb, 0xdedb,
	0xdedb, 0xdedb, 0xdedb, 0xdedb, 0xdedb, 0xdedb, 0xdedb, 0xdedb, 0xdedb, 0xdedb, 0xdedb, 0xdedb, 0xdedb, 0xdedb, 0xdedb, 0xdedb,
	0xdedb, 0xdedb, 0xdedb, 0xdedb, 0xdedb, 0xdedb, 0xdedb, 0xdedb, 0xdedb, 0xdedb, 0xdedb, 0xdedb, 0xdedb, 0xdedb, 0xdedb, 0xdedb,
	0xdedb, 0xdedb, 0xdedb, 0xdedb, 0xdedb, 0xdedb, 0xdedb, 0xdedb, 0xdedb, 0xdedb, 0xdedb, 0xdedb, 0xdedb, 0xdedb, 0xdedb, 0xdedb,
	0xdedb, 0xdedb, 0xdedb, 0xdedb, 0xdedb, 0xdedb, 0xdedb, 0xdedb, 0xdedb, 0xdedb, 0xdedb, 0xdedb, 0xdedb, 0xdedb, 0xdedb, 0xdedb,
	0xdedb, 0xdedb, 0xdedb, 0xdedb, 0xdedb, 0xdedb, 0xdedb, 0xdedb, 0xdedb, 0xdedb, 0xdedb, 0xdedb, 0xdedb, 0xdedb, 0xdedb, 0xce79,
	0xdedb, 0xdedb, 0xdedb, 0xdedb, 0xdedb, 0xdedb, 0xdedb, 0xdedb, 0xdedb, 0xdedb, 0xdedb, 0xdedb, 0xdedb, 0xdedb, 0xdedb, 0xdedb,
	0xdedb, 0xdedb, 0xdedb, 0xdedb, 0xdedb, 0xdedb, 0xdedb, 0xdedb, 0xdedb, 0xdedb, 0xdedb, 0xdedb, 0xdedb, 0xdedb, 0xdedb, 0xdedb,
	0xdedb, 0xdedb, 0xdedb, 0xdedb, 0xdedb, 0xdedb, 0xdedb, 0xdedb, 0xdedb, 0xdedb, 0xdedb, 0xdedb, 0xdedb, 0xdedb, 0xdedb, 0xdedb,
	0xdedb, 0xdedb, 0xdedb, 0xdedb, 0xdedb, 0xdedb, 0xdedb, 0xdedb, 0xdedb, 0xdedb, 0xdedb, 0xdedb, 0xdedb, 0xdedb, 0xdedb, 0xdedb,
	0xdedb, 0xdedb, 0xdedb, 0xdedb, 0xdedb, 0xdedb, 0xdedb, 0xdedb, 0xdedb, 0xdedb, 0xdedb, 0xdedb, 0xdedb, 0xdedb, 0xdedb, 0xdedb,
	0xdedb, 0xdedb, 0xdedb, 0xdedb, 0xdedb, 0xdedb, 0xdedb, 0xdedb, 0xdedb, 0xdedb, 0xdedb, 0xdedb, 0xdedb, 0xdedb, 0xdedb, 0xdedb,
	0xdedb, 0xdedb, 0xdedb, 0xdedb, 0xdedb, 0xdedb, 0xdedb, 0xdedb, 0xdedb, 0xdedb, 0xdedb, 0xdedb, 0xdedb, 0xdedb, 0xdedb, 0xdedb,
	0xdedb, 0xdedb, 0xdedb, 0xdedb, 0xdedb, 0xdedb, 0xdedb, 0xce79, 0xdedb, 0xdedb, 0xdedb, 0xdedb, 0xdedb, 0xdedb, 0xdedb, 0xdedb,
	0xdedb, 0xdedb, 0xdedb, 0xdedb, 0xdedb, 0xdedb, 0xdedb, 0xdedb, 0xdedb, 0xdedb, 0xdedb, 0xdedb, 0xdedb, 0xdedb, 0xdedb, 0xdedb,
	0xdedb, 0xdedb, 0xdedb, 0xdedb, 0xdedb, 0xdedb, 0xdedb, 0xdedb, 0xdedb, 0xdedb, 0xdedb, 0xdedb, 0xdedb, 0xdedb, 0xdedb, 0xdedb,
	0xdedb, 0xdedb, 0xdedb, 0xdedb, 0xdedb, 0xdedb, 0xdedb, 0xdedb, 0xdedb, 0xdedb, 0xdedb, 0xdedb, 0xdedb, 0xdedb, 0xdedb, 0xdedb,
	0xdedb, 0xdedb, 0xdedb, 0xdedb, 0xdedb, 0xdedb, 0xdedb, 0xdedb, 0xdedb, 0xdedb, 0xdedb, 0xdedb, 0xdedb, 0xdedb, 0xdedb, 0xdedb,
	0xdedb, 0xdedb, 0xdedb, 0xdedb, 0xdedb, 0xdedb, 0xdedb, 0xdedb, 0xdedb, 0xdedb, 0xdedb, 0xdedb, 0xdedb, 0xdedb, 0xdedb, 0xdedb,
	0xdedb, 0xdedb, 0xdedb, 0xdedb, 0xdedb, 0xdedb, 0xdedb, 0xdedb, 0xdedb, 0xdedb, 0xdedb, 0xdedb, 0xdedb, 0xdedb, 0xdedb, 0xdedb,
	0xdedb, 0xdedb, 0xdedb, 0xdedb, 0xdedb, 0xdedb, 0xdedb, 0xdedb, 0xdedb, 0xdedb, 0xdedb, 0xdedb, 0xdedb, 0xdedb, 0xdedb, 0xce79,
	0xdedb, 0xdedb, 0xdedb, 0xdedb, 0xdedb, 0xdedb, 0xdedb, 0xdedb, 0xdedb, 0xdedb, 0xdedb, 0xdedb, 0xdedb, 0xdedb, 0xdedb, 0xdedb,
	0xdedb, 0xdedb, 0xdedb, 0xdedb, 0xdedb, 0xdedb, 0xdedb, 0xdedb, 0xdedb, 0xdedb, 0xdedb, 0xdedb, 0xdedb, 0xdedb, 0xdedb, 0xdedb,
	0xdedb, 0xdedb, 0xdedb, 0xdedb, 0xdedb, 0xdedb, 0xdedb, 0xdedb, 0xdedb, 0xdedb, 0xdedb, 0xdedb, 0xdedb, 0xdedb, 0xdedb, 0xdedb,
	0xdedb, 0xdedb, 0xdedb, 0xdedb, 0xdedb, 0xdedb, 0xdedb, 0xdedb, 0xdedb, 0xdedb, 0xdedb, 0xdedb, 0xdedb, 0xdedb, 0xdedb, 0xdedb,
	0xdedb, 0xdedb, 0xdedb, 0xdedb, 0xdedb, 0xdedb, 0xdedb, 0xdedb, 0xdedb, 0xdedb, 0xdedb, 0xdedb, 0xdedb, 0xdedb, 0xdedb, 0xdedb,
	0xdedb, 0xdedb, 0xdedb, 0xdedb, 0xdedb, 0xdedb, 0xdedb, 0xdedb, 0xdedb, 0xdedb, 0xdedb, 0xdedb, 0xdedb, 0xdedb, 0xdedb, 0xdedb,
	0xdedb, 0xdedb, 0xdedb, 0xdedb, 0xdedb, 0xdedb, 0xdedb, 0xdedb, 0xdedb, 0xdedb, 0xdedb, 0xdedb, 0xdedb, 0xdedb, 0xdedb, 0xdedb,
	0xdedb, 0xdedb, 0xdedb, 0xdedb, 0xdedb, 0xdedb, 0xdedb, 0xce79, 0xdedb, 0xdedb, 0xdedb, 0xdedb, 0xdedb, 0xdedb, 0xdedb, 0xdedb,
	0xdedb, 0xdedb, 0xdedb, 0xdedb, 0xdedb, 0xdedb, 0xdedb, 0xdedb, 0xdedb, 0xdedb, 0xdedb, 0xdedb, 0xdedb, 0xdedb, 0xdedb, 0xdedb,
	0xdedb, 0xdedb, 0xdedb, 0xdedb, 0xdedb, 0xdedb, 0xdedb, 0xdedb, 0xdedb, 0xdedb, 0xdedb, 0xdedb, 0xdedb, 0xdedb, 0xdedb, 0xdedb,
	0xdedb, 0xdedb, 0xdedb, 0xdedb, 0xdedb, 0xdedb, 0xdedb, 0xdedb, 0xdedb, 0xdedb, 0xdedb, 0xdedb, 0xdedb, 0xdedb, 0xdedb, 0xdedb,
	0xdedb, 0xdedb, 0xdedb, 0xdedb, 0xdedb, 0xdedb, 0xdedb, 0xdedb, 0xdedb, 0xdedb, 0xdedb, 0xdedb, 0xdedb, 0xdedb, 0xdedb, 0xdedb,
	0xdedb, 0xdedb, 0xdedb, 0xdedb, 0xdedb, 0xdedb, 0xdedb, 0xdedb, 0xdedb, 0xdedb, 0xdedb, 0xdedb, 0xdedb, 0xdedb, 0xdedb, 0xdedb,
	0xdedb, 0xdedb, 0xdedb, 0xdedb, 0xdedb, 0xdedb, 0xdedb, 0xdedb, 0xdedb, 0xdedb, 0xdedb, 0xdedb, 0xdedb, 0xdedb, 0xdedb, 0xdedb,
	0xdedb, 0xdedb, 0xdedb, 0xdedb, 0xdedb, 0xdedb, 0xdedb, 0xdedb, 0xdedb, 0xdedb, 0xdedb, 0xdedb, 0xdedb, 0xdedb, 0xdedb, 0xce79,
	0xdedb, 0xdedb, 0xdedb, 0xdedb, 0xdedb, 0xdedb, 0xdedb, 0xdedb, 0xdedb, 0xdedb, 0xdedb, 0xdedb, 0xdedb, 0xdedb, 0xdedb, 0xdedb,
	0xdedb, 0xdedb, 0xdedb, 0xdedb, 0xdedb, 0xdedb, 0xdedb, 0xdedb, 0xdedb, 0xdedb, 0xdedb, 0xdedb, 0xdedb, 0xdedb, 0xdedb, 0xdedb,
	0xdedb, 0xdedb, 0xdedb, 0xdedb, 0xdedb, 0xdedb, 0xdedb, 0xdedb, 0xdedb, 0xdedb, 0xdedb, 0xdedb, 0xdedb, 0xdedb, 0xdedb, 0xdedb,
	0xdedb, 0xdedb, 0xdedb, 0xdedb, 0xdedb, 0xdedb, 0xdedb, 0xdedb, 0xdedb, 0xdedb, 0xdedb, 0xdedb, 0xdedb, 0xdedb, 0xdedb, 0xdedb,
	0xdedb, 0xdedb, 0xdedb, 0xdedb, 0xdedb, 0xdedb, 0xdedb, 0xdedb, 0xdedb, 0xdedb, 0xdedb, 0xdedb, 0xdedb, 0xdedb, 0xdedb, 0xdedb,
	0xdedb, 0xdedb, 0xdedb, 0xdedb, 0xdedb, 0xdedb, 0xdedb, 0xdedb, 0xdedb, 0xdedb, 0xdedb, 0xdedb, 0xdedb, 0xdedb, 0xdedb, 0xdedb,
	0xdedb, 0xdedb, 0xdedb, 0xdedb, 0xdedb, 0xdedb, 0xdedb, 0xdedb, 0xdedb, 0xdedb, 0xdedb, 0xdedb, 0xdedb, 0xdedb, 0xdedb, 0xdedb,
	0xdedb, 0xdedb, 0xdedb, 0xdedb, 0xdedb, 0xdedb, 0xdedb, 0xce79, 0xdedb, 0xdedb, 0xdedb, 0xdedb, 0xdedb, 0xdedb, 0xdedb, 0xdedb,
	0xdedb, 0xdedb, 0xdedb, 0xdedb, 0xdedb, 0xdedb, 0xdedb, 0xdedb, 0xdedb, 0xdedb, 0xdedb, 0xdedb, 0xdedb, 0xdedb, 0xdedb, 0xdedb,
	0xdedb, 0xdedb, 0xdedb, 0xdedb, 0xdedb, 0xdedb, 0xdedb, 0xdedb, 0xdedb, 0xdedb, 0xdedb, 0xdedb, 0xdedb, 0xdedb, 0xdedb, 0xdedb,
	0xdedb, 0xdedb, 0xdedb, 0xdedb, 0xdedb, 0xdedb, 0xdedb, 0xdedb, 0xdedb, 0xdedb, 0xdedb, 0xdedb, 0xdedb, 0xdedb, 0xdedb, 0xdedb,
	0xdedb, 0xdedb, 0xdedb, 0xdedb, 0xdedb, 0xdedb, 0xdedb, 0xdedb, 0xdedb, 0xdedb, 0xdedb, 0xdedb, 0xdedb, 0xdedb, 0xdedb, 0xdedb,
	0xdedb, 0xdedb, 0xdedb, 0xdedb, 0xdedb, 0xdedb, 0xdedb, 0xdedb, 0xdedb, 0xdedb, 0xdedb, 0xdedb, 0xdedb, 0xdedb, 0xdedb, 0xdedb,
	0xdedb, 0xdedb, 0xdedb, 0xdedb, 0xdedb, 0xdedb, 0xdedb, 0xdedb, 0xdedb, 0xdedb, 0xdedb, 0xdedb, 0xdedb, 0xdedb, 0xdedb, 0xdedb,
	0xdedb, 0xdedb, 0xdedb, 0xdedb, 0xdedb, 0xdedb, 0xdedb, 0xdedb, 0xdedb, 0xdedb, 0xdedb, 0xdedb, 0xdedb, 0xdedb, 0xdedb, 0xce79,
	0xdedb, 0xdedb, 0xdedb, 0xdedb, 0xdedb, 0xdedb, 0xdedb, 0xdedb, 0xdedb, 0xdedb, 0xdedb, 0xdedb, 0xdedb, 0xdedb, 0xdedb, 0xdedb,
	0xdedb, 0xdedb, 0xdedb, 0xdedb, 0xdedb, 0xdedb, 0xdedb, 0xdedb, 0xdedb, 0xdedb, 0xdedb, 0xdedb, 0xdedb, 0xdedb, 0xdedb, 0xdedb,
	0xdedb, 0xdedb, 0xdedb, 0xdedb, 0xdedb, 0xdedb, 0xdedb, 0xdedb, 0xdedb, 0xdedb, 0xdedb, 0xdedb, 0xdedb, 0xdedb, 0xdedb, 0xdedb,
	0xdedb, 0xdedb, 0xdedb, 0xdedb, 0xdedb, 0xdedb, 0xdedb, 0xdedb, 0xdedb, 0xdedb, 0xdedb, 0xdedb, 0xdedb, 0xdedb, 0xdedb, 0xdedb,
	0xdedb, 0xdedb, 0xdedb, 0xdedb, 0xdedb, 0xdedb, 0xdedb, 0xdedb, 0xdedb, 0xdedb, 0xdedb, 0xdedb, 0xdedb, 0xdedb, 0xdedb, 0xdedb,
	0xdedb, 0xdedb, 0xdedb, 0xdedb, 0xdedb, 0xdedb, 0xdedb, 0xdedb, 0xdedb, 0xdedb, 0xdedb, 0xdedb, 0xdedb, 0xdedb, 0xdedb, 0xdedb,
	0xdedb, 0xdedb, 0xdedb, 0xdedb, 0xdedb, 0xdedb, 0xdedb, 0xdedb, 0xdedb, 0xdedb, 0xdedb, 0xdedb, 0xdedb, 0xdedb, 0xdedb, 0xdedb,
	0xdedb, 0xdedb, 0xdedb, 0xdedb, 0xdedb, 0xdedb, 0xdedb, 0xce79, 0xdedb, 0xdedb, 0xdedb, 0xdedb, 0xdedb, 0xdedb, 0xdedb, 0xdedb,
	0xdedb, 0xdedb, 0xdedb, 0xdedb, 0xdedb, 0xdedb, 0xdedb, 0xdedb, 0xdedb, 0xdedb, 0xdedb, 0xdedb, 0xdedb, 0xdedb, 0xdedb, 0xdedb,
	0xdedb, 0xdedb, 0xdedb, 0xdedb, 0xdedb, 0xdedb, 0xdedb, 0xdedb, 0xdedb, 0xdedb, 0xdedb, 0xdedb, 0xdedb, 0xdedb, 0xdedb, 0xdedb,
	0xdedb, 0xdedb, 0xdedb, 0xdedb, 0xdedb, 0xdedb, 0xdedb, 0xdedb, 0xdedb, 0xdedb, 0xdedb, 0xdedb, 0xdedb, 0xdedb, 0xdedb, 0xdedb,
	0xdedb, 0xdedb, 0xdedb, 0xdedb, 0xdedb, 0xdedb, 0xdedb, 0xdedb, 0xdedb, 0xdedb, 0xdedb, 0xdedb, 0xdedb, 0xdedb, 0xdedb, 0xdedb,
	0xdedb, 0xdedb, 0xdedb, 0xdedb, 0xdedb, 0xdedb, 0xdedb, 0xdedb, 0xdedb, 0xdedb, 0xdedb, 0xdedb, 0xdedb, 0xdedb, 0xdedb, 0xdedb,
	0xdedb, 0xdedb, 0xdedb, 0xdedb, 0xdedb, 0xdedb, 0xdedb, 0xdedb, 0xdedb, 0xdedb, 0xdedb, 0xdedb, 0xdedb, 0xdedb, 0xdedb, 0xdedb,
	0xdedb, 0xdedb, 0xdedb, 0xdedb, 0xdedb, 0xdedb, 0xdedb, 0xdedb, 0xdedb, 0xdedb, 0xdedb, 0xdedb, 0xdedb, 0xdedb, 0xdedb, 0xce79,
	0xdedb, 0xdedb, 0xdedb, 0xdedb, 0xdedb, 0xdedb, 0xdedb, 0xdedb, 0xdedb, 0xdedb, 0xdedb, 0xdedb, 0xdedb, 0xdedb, 0xdedb, 0xdedb,
	0xdedb, 0xdedb, 0xdedb, 0xdedb, 0xdedb, 0xdedb, 0xdedb, 0xdedb, 0xdedb, 0xdedb, 0xdedb, 0xdedb, 0xdedb, 0xdedb, 0xdedb, 0xdedb,
	0xdedb, 0xdedb, 0xdedb, 0xdedb, 0xdedb, 0xdedb, 0xdedb, 0xdedb, 0xdedb, 0xdedb, 0xdedb, 0xdedb, 0xdedb, 0xdedb, 0xdedb, 0xdedb,
	0xdedb, 0xdedb, 0xdedb, 0xdedb, 0xdedb, 0xdedb, 0xdedb, 0xdedb, 0xdedb, 0xdedb, 0xdedb, 0xdedb, 0xdedb, 0xdedb, 0xdedb, 0xdedb,
	0xdedb, 0xdedb, 0xdedb, 0xdedb, 0xdedb, 0xdedb, 0xdedb, 0xdedb, 0xdedb, 0xdedb, 0xdedb, 0xdedb, 0xdedb, 0xdedb, 0xdedb, 0xdedb,
	0xdedb, 0xdedb, 0xdedb, 0xdedb, 0xdedb, 0xdedb, 0xdedb, 0xdedb, 0xdedb, 0xdedb, 0xdedb, 0xdedb, 0xdedb, 0xdedb, 0xdedb, 0xdedb,
	0xdedb, 0xdedb, 0xdedb, 0xdedb, 0xdedb, 0xdedb, 0xdedb, 0xdedb, 0xdedb, 0xdedb, 0xdedb, 0xdedb, 0xdedb, 0xdedb, 0xdedb, 0xdedb,
	0xdedb, 0xdedb, 0xdedb, 0xdedb, 0xdedb, 0xdedb, 0xdedb, 0xce79, 0xdedb, 0xdedb, 0xdedb, 0xdedb, 0xdedb, 0xdedb, 0xdedb, 0xdedb,
	0xdedb, 0xdedb, 0xdedb, 0xdedb, 0xdedb, 0xdedb, 0xdedb, 0xdedb, 0xdedb, 0xdedb, 0xdedb, 0xdedb, 0xdedb, 0xdedb, 0xdedb, 0xdedb,
	0xdedb, 0xdedb, 0xdedb, 0xdedb, 0xdedb, 0xdedb, 0xdedb, 0xdedb, 0xdedb, 0xdedb, 0xdedb, 0xdedb, 0xdedb, 0xdedb, 0xdedb, 0xdedb,
	0xdedb, 0xdedb, 0xdedb, 0xdedb, 0xdedb, 0xdedb, 0xdedb, 0xdedb, 0xdedb, 0xdedb, 0xdedb, 0xdedb, 0xdedb, 0xdedb, 0xdedb, 0xdedb,
	0xdedb, 0xdedb, 0xdedb, 0xdedb, 0xdedb, 0xdedb, 0xdedb, 0xdedb, 0xdedb, 0xdedb, 0xdedb, 0xdedb, 0xdedb, 0xdedb, 0xdedb, 0xdedb,
	0xdedb, 0xdedb, 0xdedb, 0xdedb, 0xdedb, 0xdedb, 0xdedb, 0xdedb, 0xdedb, 0xdedb, 0xdedb, 0xdedb, 0xdedb, 0xdedb, 0xdedb, 0xdedb,
	0xdedb, 0xdedb, 0xdedb, 0xdedb, 0xdedb, 0xdedb, 0xdedb, 0xdedb, 0xdedb, 0xdedb, 0xdedb, 0xdedb, 0xdedb, 0xdedb, 0xdedb, 0xdedb,
	0xdedb, 0xdedb, 0xdedb, 0xdedb, 0xdedb, 0xdedb, 0xdedb, 0xdedb, 0xdedb, 0xdedb, 0xdedb, 0xdedb, 0xdedb, 0xdedb, 0xdedb, 0xce79,
	0xdedb, 0xdedb, 0xdedb, 0xdedb, 0xdedb, 0xdedb, 0xdedb, 0xdedb, 0xdedb, 0xdedb, 0xdedb, 0xdedb, 0xdedb, 0xdedb, 0xdedb, 0xdedb,
	0xdedb, 0xdedb, 0xdedb, 0xdedb, 0xdedb, 0xdedb, 0xdedb, 0xdedb, 0xdedb, 0xdedb, 0xdedb, 0xdedb, 0xdedb, 0xdedb, 0xdedb, 0xdedb,
	0xdedb, 0xdedb, 0xdedb, 0xdedb, 0xdedb, 0xdedb, 0xdedb, 0xdedb, 0xdedb, 0xdedb, 0xdedb, 0xdedb, 0xdedb, 0xdedb, 0xdedb, 0xdedb,
	0xdedb, 0xdedb, 0xdedb, 0xdedb, 0xdedb, 0xdedb, 0xdedb, 0xdedb, 0xdedb, 0xdedb, 0xdedb, 0xdedb, 0xdedb, 0xdedb, 0xdedb, 0xdedb,
	0xdedb, 0xdedb, 0xdedb, 0xdedb, 0xdedb, 0xdedb, 0xdedb, 0xdedb, 0xdedb, 0xdedb, 0xdedb, 0xdedb, 0xdedb, 0xdedb, 0xdedb, 0xdedb,
	0xdedb, 0xdedb, 0xdedb, 0xdedb, 0xdedb, 0xdedb, 0xdedb, 0xdedb, 0xdedb, 0xdedb, 0xdedb, 0xdedb, 0xdedb, 0xdedb, 0xdedb, 0xdedb,
	0xdedb, 0xdedb, 0xdedb, 0xdedb, 0xdedb, 0xdedb, 0xdedb, 0xdedb, 0xdedb, 0xdedb, 0xdedb, 0xdedb, 0xdedb, 0xdedb, 0xdedb, 0xdedb,
	0xdedb, 0xdedb, 0xdedb, 0xdedb, 0xdedb, 0xdedb, 0xdedb, 0xce79, 0xdedb, 0xdedb, 0xdedb, 0xdedb, 0xdedb, 0xdedb, 0xdedb, 0xdedb,
	0xdedb, 0xdedb, 0xdedb, 0xdedb, 0xdedb, 0xdedb, 0xdedb, 0xdedb, 0xdedb, 0xdedb, 0xdedb, 0xdedb, 0xdedb, 0xdedb, 0xdedb, 0xdedb,
	0xdedb, 0xdedb, 0xdedb, 0xdedb, 0xdedb, 0xdedb, 0xdedb, 0xdedb, 0xdedb, 0xdedb, 0xdedb, 0xdedb, 0xdedb, 0xdedb, 0xdedb, 0xdedb,
	0xdedb, 0xdedb, 0xdedb, 0xdedb, 0xdedb, 0xdedb, 0xdedb, 0xdedb, 0xdedb, 0xdedb, 0xdedb, 0xdedb, 0xdedb, 0xdedb, 0xdedb, 0xdedb,
	0xdedb, 0xdedb, 0xdedb, 0xdedb, 0xdedb, 0xdedb, 0xdedb, 0xdedb, 0xdedb, 0xdedb, 0xdedb, 0xdedb, 0xdedb, 0xdedb, 0xdedb, 0xdedb,
	0xdedb, 0xdedb, 0xdedb, 0xdedb, 0xdedb, 0xdedb, 0xdedb, 0xdedb, 0xdedb, 0xdedb, 0xdedb, 0xdedb, 0xdedb, 0xdedb, 0xdedb, 0xdedb,
	0xdedb, 0xdedb, 0xdedb, 0xdedb, 0xdedb, 0xdedb, 0xdedb, 0xdedb, 0xdedb, 0xdedb, 0xdedb, 0xdedb, 0xdedb, 0xdedb, 0xdedb, 0xdedb,
	0xdedb, 0xdedb, 0xdedb, 0xdedb, 0xdedb, 0xdedb, 0xdedb, 0xdedb, 0xdedb, 0xdedb, 0xdedb, 0xdedb, 0xdedb, 0xdedb, 0xdedb, 0xce79,
	0xdedb, 0xdedb, 0xdedb, 0xdedb, 0xdedb, 0xdedb, 0xdedb, 0xdedb, 0xdedb, 0xdedb, 0xdedb, 0xdedb, 0xdedb, 0xdedb, 0xdedb, 0xdedb,
	0xdedb, 0xdedb, 0xdedb, 0xdedb, 0xdedb, 0xdedb, 0xdedb, 0xdedb, 0xdedb, 0xdedb, 0xdedb, 0xdedb, 0xdedb, 0xdedb, 0xdedb, 0xdedb,
	0xdedb, 0xdedb, 0xdedb, 0xdedb, 0xdedb, 0xdedb, 0xdedb, 0xdedb, 0xdedb, 0xdedb, 0xdedb, 0xdedb, 0xdedb, 0xdedb, 0xdedb, 0xdedb,
	0xdedb, 0xdedb, 0xdedb, 0xdedb, 0xdedb, 0xdedb, 0xdedb, 0xdedb, 0xdedb, 0xdedb, 0xdedb, 0xdedb, 0xdedb, 0xdedb, 0xdedb, 0xdedb,
	0xdedb, 0xdedb, 0xdedb, 0xdedb, 0xdedb, 0xdedb, 0xdedb, 0xdedb, 0xdedb, 0xdedb, 0xdedb, 0xdedb, 0xdedb, 0xdedb, 0xdedb, 0xdedb,
	0xdedb, 0xdedb, 0xdedb, 0xdedb, 0xdedb, 0xdedb, 0xdedb, 0xdedb, 0xdedb, 0xdedb, 0xdedb, 0xdedb, 0xdedb, 0xdedb, 0xdedb, 0xdedb,
	0xdedb, 0xdedb, 0xdedb, 0xdedb, 0xdedb, 0xdedb, 0xdedb, 0xdedb, 0xdedb, 0xdedb, 0xdedb, 0xdedb, 0xdedb, 0xdedb, 0xdedb, 0xdedb,
	0xdedb, 0xdedb, 0xdedb, 0xdedb, 0xdedb, 0xdedb, 0xdedb, 0xce79, 0xdedb, 0xdedb, 0xdedb, 0xdedb, 0xdedb, 0xdedb, 0xdedb, 0xdedb,
	0xdedb, 0xdedb, 0xdedb, 0xdedb, 0xdedb, 0xdedb, 0xdedb, 0xdedb, 0xdedb, 0xdedb, 0xdedb, 0xdedb, 0xdedb, 0xdedb, 0xdedb, 0xdedb,
	0xdedb, 0xdedb, 0xdedb, 0xdedb, 0xdedb, 0xdedb, 0xdedb, 0xdedb, 0xdedb, 0xdedb, 0xdedb, 0xdedb, 0xdedb, 0xdedb, 0xdedb, 0xdedb,
	0xdedb, 0xdedb, 0xdedb, 0xdedb, 0xdedb, 0xdedb, 0xdedb, 0xdedb, 0xdedb, 0xdedb, 0xdedb, 0xdedb, 0xdedb, 0xdedb, 0xdedb, 0xdedb,
	0xdedb, 0xdedb, 0xdedb, 0xdedb, 0xdedb, 0xdedb, 0xdedb, 0xdedb, 0xdedb, 0xdedb, 0xdedb, 0xdedb, 0xdedb, 0xdedb, 0xdedb, 0xdedb,
	0xdedb, 0xdedb, 0xdedb, 0xdedb, 0xdedb, 0xdedb, 0xdedb, 0xdedb, 0xdedb, 0xdedb, 0xdedb, 0xdedb, 0xdedb, 0xdedb, 0xdedb, 0xdedb,
	0xdedb, 0xdedb, 0xdedb, 0xdedb, 0xdedb, 0xdedb, 0xdedb, 0xdedb, 0xdedb, 0xdedb, 0xdedb, 0xdedb, 0xdedb, 0xdedb, 0xdedb, 0xdedb,
	0xdedb, 0xdedb, 0xdedb, 0xdedb, 0xdedb, 0xdedb, 0xdedb, 0xdedb, 0xdedb, 0xdedb, 0xdedb, 0xdedb, 0xdedb, 0xdedb, 0xdedb, 0xce79,
	0xdedb, 0xdedb, 0xdedb, 0xdedb, 0xdedb, 0xdedb, 0xdedb, 0xdedb, 0xdedb, 0xdedb, 0xdedb, 0xdedb, 0xdedb, 0xdedb, 0xdedb, 0xdedb,
	0xdedb, 0xdedb, 0xdedb, 0xdedb, 0xdedb, 0xdedb, 0xdedb, 0xdedb, 0xdedb, 0xdedb, 0xdedb, 0xdedb, 0xdedb, 0xdedb, 0xdedb, 0xdedb,
	0xdedb, 0xdedb, 0xdedb, 0xdedb, 0xdedb, 0xdedb, 0xdedb, 0xdedb, 0xdedb, 0xdedb, 0xdedb, 0xdedb, 0xdedb, 0xdedb, 0xdedb, 0xdedb,
	0xdedb, 0xdedb, 0xdedb, 0xdedb, 0xdedb, 0xdedb, 0xdedb, 0xdedb, 0xdedb, 0xdedb, 0xdedb, 0xdedb, 0xdedb, 0xdedb, 0xdedb, 0xdedb,
	0xdedb, 0xdedb, 0xdedb, 0xdedb, 0xdedb, 0xdedb, 0xdedb, 0xdedb, 0xdedb, 0xdedb, 0xdedb, 0xdedb, 0xdedb, 0xdedb, 0xdedb, 0xdedb,
	0xdedb, 0xdedb, 0xdedb, 0xdedb, 0xdedb, 0xdedb, 0xdedb, 0xdedb, 0xdedb, 0xdedb, 0xdedb, 0xdedb, 0xdedb, 0xdedb, 0xdedb, 0xdedb,
	0xdedb, 0xdedb, 0xdedb, 0xdedb, 0xdedb, 0xdedb, 0xdedb, 0xdedb, 0xdedb, 0xdedb, 0xdedb, 0xdedb, 0xdedb, 0xdedb, 0xdedb, 0xdedb,
	0xdedb, 0xdedb, 0xdedb, 0xdedb, 0xdedb, 0xdedb, 0xdedb, 0xce79, 0xdedb, 0xdedb, 0xdedb, 0xdedb, 0xdedb, 0xdedb, 0xdedb, 0xdedb,
	0xdedb, 0xdedb, 0xdedb, 0xdedb, 0xdedb, 0xdedb, 0xdedb, 0xdedb, 0xdedb, 0xdedb, 0xdedb, 0xdedb, 0xdedb, 0xdedb, 0xdedb, 0xdedb,
	0xdedb, 0xdedb, 0xdedb, 0xdedb, 0xdedb, 0xdedb, 0xdedb, 0xdedb, 0xdedb, 0xdedb, 0xdedb, 0xdedb, 0xdedb, 0xdedb, 0xdedb, 0xdedb,
	0xdedb, 0xdedb, 0xdedb, 0xdedb, 0xdedb, 0xdedb, 0xdedb, 0xdedb, 0xdedb, 0xdedb, 0xdedb, 0xdedb, 0xdedb, 0xdedb, 0xdedb, 0xdedb,
	0xdedb, 0xdedb, 0xdedb, 0xdedb, 0xdedb, 0xdedb, 0xdedb, 0xdedb, 0xdedb, 0xdedb, 0xdedb, 0xdedb, 0xdedb, 0xdedb, 0xdedb, 0xdedb,
	0xdedb, 0xdedb, 0xdedb, 0xdedb, 0xdedb, 0xdedb, 0xdedb, 0xdedb, 0xdedb, 0xdedb, 0xdedb, 0xdedb, 0xdedb, 0xdedb, 0xdedb, 0xdedb,
	0xdedb, 0xdedb, 0xdedb, 0xdedb, 0xdedb, 0xdedb, 0xdedb, 0xdedb, 0xdedb, 0xdedb, 0xdedb, 0xdedb, 0xdedb, 0xdedb, 0xdedb, 0xdedb,
	0xdedb, 0xdedb, 0xdedb, 0xdedb, 0xdedb, 0xdedb, 0xdedb, 0xdedb, 0xdedb, 0xdedb, 0xdedb, 0xdedb, 0xdedb, 0xdedb, 0xdedb, 0xce79,
	0xdedb, 0xdedb, 0xdedb, 0xdedb, 0xdedb, 0xdedb, 0xdedb, 0xdedb, 0xdedb, 0xdedb, 0xdedb, 0xdedb, 0xdedb, 0xdedb, 0xdedb, 0xdedb,
	0xdedb, 0xdedb, 0xdedb, 0xdedb, 0xdedb, 0xdedb, 0xdedb, 0xdedb, 0xdedb, 0xdedb, 0xdedb, 0xdedb, 0xdedb, 0xdedb, 0xdedb, 0xdedb,
	0xdedb, 0xdedb, 0xdedb, 0xdedb, 0xdedb, 0xdedb, 0xdedb, 0xdedb, 0xdedb, 0xdedb, 0xdedb, 0xdedb, 0xdedb, 0xdedb, 0xdedb, 0xdedb,
	0xdedb, 0xdedb, 0xdedb, 0xdedb, 0xdedb, 0xdedb, 0xdedb, 0xdedb, 0xdedb, 0xdedb, 0xdedb, 0xdedb, 0xdedb, 0xdedb, 0xdedb, 0xdedb,
	0xdedb, 0xdedb, 0xdedb, 0xdedb, 0xdedb, 0xdedb, 0xdedb, 0xdedb, 0xdedb, 0xdedb, 0xdedb, 0xdedb, 0xdedb, 0xdedb, 0xdedb, 0xdedb,
	0xdedb, 0xdedb, 0xdedb, 0xdedb, 0xdedb, 0xdedb, 0xdedb, 0xdedb, 0xdedb, 0xdedb, 0xdedb, 0xdedb, 0xdedb, 0xdedb, 0xdedb, 0xdedb,
	0xdedb, 0xdedb, 0xdedb, 0xdedb, 0xdedb, 0xdedb, 0xdedb, 0xdedb, 0xdedb, 0xdedb, 0xdedb, 0xdedb, 0xdedb, 0xdedb, 0xdedb, 0xdedb,
	0xdedb, 0xdedb, 0xdedb, 0xdedb, 0xdedb, 0xdedb, 0xdedb, 0xce79, 0xdedb, 0xdedb, 0xdedb, 0xdedb, 0xdedb, 0xdedb, 0xdedb, 0xdedb,
	0xdedb, 0xdedb, 0xdedb, 0xdedb, 0xdedb, 0xdedb, 0xdedb, 0xdedb, 0xdedb, 0xdedb, 0xdedb, 0xdedb, 0xdedb, 0xdedb, 0xdedb, 0xdedb,
	0xdedb, 0xdedb, 0xdedb, 0xdedb, 0xdedb, 0xdedb, 0xdedb, 0xdedb, 0xdedb, 0xdedb, 0xdedb, 0xdedb, 0xdedb, 0xdedb, 0xdedb, 0xdedb,
	0xdedb, 0xdedb, 0xdedb, 0xdedb, 0xdedb, 0xdedb, 0xdedb, 0xdedb, 0xdedb, 0xdedb, 0xdedb, 0xdedb, 0xdedb, 0xdedb, 0xdedb, 0xdedb,
	0xdedb, 0xdedb, 0xdedb, 0xdedb, 0xdedb, 0xdedb, 0xdedb, 0xdedb, 0xdedb, 0xdedb, 0xdedb, 0xdedb, 0xdedb, 0xdedb, 0xdedb, 0xdedb,
	0xdedb, 0xdedb, 0xdedb, 0xdedb, 0xdedb, 0xdedb, 0xdedb, 0xdedb, 0xdedb, 0xdedb, 0xdedb, 0xdedb, 0xdedb, 0xdedb, 0xdedb, 0xdedb,
	0xdedb, 0xdedb, 0xdedb, 0xdedb, 0xdedb, 0xdedb, 0xdedb, 0xdedb, 0xdedb, 0xdedb, 0xdedb, 0xdedb, 0xdedb, 0xdedb, 0xdedb, 0xdedb,
	0xdedb, 0xdedb, 0xdedb, 0xdedb, 0xdedb, 0xdedb, 0xdedb, 0xdedb, 0xdedb, 0xdedb, 0xdedb, 0xdedb, 0xdedb, 0xdedb, 0xdedb, 0xce79,
	0xdedb, 0xdedb, 0xdedb, 0xdedb, 0xdedb, 0xdedb, 0xdedb, 0xdedb, 0xdedb, 0xdedb, 0xdedb, 0xdedb, 0xdedb, 0xdedb, 0xdedb, 0xdedb,
	0xdedb, 0xdedb, 0xdedb, 0xdedb, 0xdedb, 0xdedb, 0xdedb, 0xdedb, 0xdedb, 0xdedb, 0xdedb, 0xdedb, 0xdedb, 0xdedb, 0xdedb, 0xdedb,
	0xdedb, 0xdedb, 0xdedb, 0xdedb, 0xdedb, 0xdedb, 0xdedb, 0xdedb, 0xdedb, 0xdedb, 0xdedb, 0xdedb, 0xdedb, 0xdedb, 0xdedb, 0xdedb,
	0xdedb, 0xdedb, 0xdedb, 0xdedb, 0xdedb, 0xdedb, 0xdedb, 0xdedb, 0xdedb, 0xdedb, 0xdedb, 0xdedb, 0xdedb, 0xdedb, 0xdedb, 0xdedb,
	0xdedb, 0xdedb, 0xdedb, 0xdedb, 0xdedb, 0xdedb, 0xdedb, 0xdedb, 0xdedb, 0xdedb, 0xdedb, 0xdedb, 0xdedb, 0xdedb, 0xdedb, 0xdedb,
	0xdedb, 0xdedb, 0xdedb, 0xdedb, 0xdedb, 0xdedb, 0xdedb, 0xdedb, 0xdedb, 0xdedb, 0xdedb, 0xdedb, 0xdedb, 0xdedb, 0xdedb, 0xdedb,
	0xdedb, 0xdedb, 0xdedb, 0xdedb, 0xdedb, 0xdedb, 0xdedb, 0xdedb, 0xdedb, 0xdedb, 0xdedb, 0xdedb, 0xdedb, 0xdedb, 0xdedb, 0xdedb,
	0xdedb, 0xdedb, 0xdedb, 0xdedb, 0xdedb, 0xdedb, 0xdedb, 0xce79, 0xdedb, 0xdedb, 0xdedb, 0xdedb, 0xdedb, 0xdedb, 0xdedb, 0xdedb,
	0xdedb, 0xdedb, 0xdedb, 0xdedb, 0xdedb, 0xdedb, 0xdedb, 0xdedb, 0xdedb, 0xdedb, 0xdedb, 0xdedb, 0xdedb, 0xdedb, 0xdedb, 0xdedb,
	0xdedb, 0xdedb, 0xdedb, 0xdedb, 0xdedb, 0xdedb, 0xdedb, 0xdedb, 0xdedb, 0xdedb, 0xdedb, 0xdedb, 0xdedb, 0xdedb, 0xdedb, 0xdedb,
	0xdedb, 0xdedb, 0xdedb, 0xdedb, 0xdedb, 0xdedb, 0xdedb, 0xdedb, 0xdedb, 0xdedb, 0xdedb, 0xdedb, 0xdedb, 0xdedb, 0xdedb, 0xdedb,
	0xdedb, 0xdedb, 0xdedb, 0xdedb, 0xdedb, 0xdedb, 0xdedb, 0xdedb, 0xdedb, 0xdedb, 0xdedb, 0xdedb, 0xdedb, 0xdedb, 0xdedb, 0xdedb,
	0xdedb, 0xdedb, 0xdedb, 0xdedb, 0xdedb, 0xdedb, 0xdedb, 0xdedb, 0xdedb, 0xdedb, 0xdedb, 0xdedb, 0xdedb, 0xdedb, 0xdedb, 0xdedb,
	0xdedb, 0xdedb, 0xdedb, 0xdedb, 0xdedb, 0xdedb, 0xdedb, 0xdedb, 0xdedb, 0xdedb, 0xdedb, 0xdedb, 0xdedb, 0xdedb, 0xdedb, 0xdedb,
	0xdedb, 0xdedb, 0xdedb, 0xdedb, 0xdedb, 0xdedb, 0xdedb, 0xdedb, 0xdedb, 0xdedb, 0xdedb, 0xdedb, 0xdedb, 0xdedb, 0xdedb, 0xce79,
	0xdedb, 0xdedb, 0xdedb, 0xdedb, 0xdedb, 0xdedb, 0xdedb, 0xdedb, 0xdedb, 0xdedb, 0xdedb, 0xdedb, 0xdedb, 0xdedb, 0xdedb, 0xdedb,
	0xdedb, 0xdedb, 0xdedb, 0xdedb, 0xdedb, 0xdedb, 0xdedb, 0xdedb, 0xdedb, 0xdedb, 0xdedb, 0xdedb, 0xdedb, 0xdedb, 0xdedb, 0xdedb,
	0xdedb, 0xdedb, 0xdedb, 0xdedb, 0xdedb, 0xdedb, 0xdedb, 0xdedb, 0xdedb, 0xdedb, 0xdedb, 0xdedb, 0xdedb, 0xdedb, 0xdedb, 0xdedb,
	0xdedb, 0xdedb, 0xdedb, 0xdedb, 0xdedb, 0xdedb, 0xdedb, 0xdedb, 0xdedb, 0xdedb, 0xdedb, 0xdedb, 0xdedb, 0xdedb, 0xdedb, 0xdedb,
	0xdedb, 0xdedb, 0xdedb, 0xdedb, 0xdedb, 0xdedb, 0xdedb, 0xdedb, 0xdedb, 0xdedb, 0xdedb, 0xdedb, 0xdedb, 0xdedb, 0xdedb, 0xdedb,
	0xdedb, 0xdedb, 0xdedb, 0xdedb, 0xdedb, 0xdedb, 0xdedb, 0xdedb, 0xdedb, 0xdedb, 0xdedb, 0xdedb, 0xdedb, 0xdedb, 0xdedb, 0xdedb,
	0xdedb, 0xdedb, 0xdedb, 0xdedb, 0xdedb, 0xdedb, 0xdedb, 0xdedb, 0xdedb, 0xdedb, 0xdedb, 0xdedb, 0xdedb, 0xdedb, 0xdedb, 0xdedb,
	0xdedb, 0xdedb, 0xdedb, 0xdedb, 0xdedb, 0xdedb, 0xdedb, 0xce79, 0xdedb, 0xdedb, 0xdedb, 0xdedb, 0xdedb, 0xdedb, 0xdedb, 0xdedb,
	0xdedb, 0xdedb, 0xdedb, 0xdedb, 0xdedb, 0xdedb, 0xdedb, 0xdedb, 0xdedb, 0xdedb, 0xdedb, 0xdedb, 0xdedb, 0xdedb, 0xdedb, 0xdedb,
	0xdedb, 0xdedb, 0xdedb, 0xdedb, 0xdedb, 0xdedb, 0xdedb, 0xdedb, 0xdedb, 0xdedb, 0xdedb, 0xdedb, 0xdedb, 0xdedb, 0xdedb, 0xdedb,
	0xdedb, 0xdedb, 0xdedb, 0xdedb, 0xdedb, 0xdedb, 0xdedb, 0xdedb, 0xdedb, 0xdedb, 0xdedb, 0xdedb, 0xdedb, 0xdedb, 0xdedb, 0xdedb,
	0xdedb, 0xdedb, 0xdedb, 0xdedb, 0xdedb, 0xdedb, 0xdedb, 0xdedb, 0xdedb, 0xdedb, 0xdedb, 0xdedb, 0xdedb, 0xdedb, 0xdedb, 0xdedb,
	0xdedb, 0xdedb, 0xdedb, 0xdedb, 0xdedb, 0xdedb, 0xdedb, 0xdedb, 0xdedb, 0xdedb, 0xdedb, 0xdedb, 0xdedb, 0xdedb, 0xdedb, 0xdedb,
	0xdedb, 0xdedb, 0xdedb, 0xdedb, 0xdedb, 0xdedb, 0xdedb, 0xdedb, 0xdedb, 0xdedb, 0xdedb, 0xdedb, 0xdedb, 0xdedb, 0xdedb, 0xdedb,
	0xdedb, 0xdedb, 0xdedb, 0xdedb, 0xdedb, 0xdedb, 0xdedb, 0xdedb, 0xdedb, 0xdedb, 0xdedb, 0xdedb, 0xdedb, 0xdedb, 0xdedb, 0xce79,
	0xdedb, 0xdedb, 0xdedb, 0xdedb, 0xdedb, 0xdedb, 0xdedb, 0xdedb, 0xdedb, 0xdedb, 0xdedb, 0xdedb, 0xdedb, 0xdedb, 0xdedb, 0xdedb,
	0xdedb, 0xdedb, 0xdedb, 0xdedb, 0xdedb, 0xdedb, 0xdedb, 0xdedb, 0xdedb, 0xdedb, 0xdedb, 0xdedb, 0xdedb, 0xdedb, 0xdedb, 0xdedb,
	0xdedb, 0xdedb, 0xdedb, 0xdedb, 0xdedb, 0xdedb, 0xdedb, 0xdedb, 0xdedb, 0xdedb, 0xdedb, 0xdedb, 0xdedb, 0xdedb, 0xdedb, 0xdedb,
	0xdedb, 0xdedb, 0xdedb, 0xdedb, 0xdedb, 0xdedb, 0xdedb, 0xdedb, 0xdedb, 0xdedb, 0xdedb, 0xdedb, 0xdedb, 0xdedb, 0xdedb, 0xdedb,
	0xdedb, 0xdedb, 0xdedb, 0xdedb, 0xdedb, 0xdedb, 0xdedb, 0xdedb, 0xdedb, 0xdedb, 0xdedb, 0xdedb, 0xdedb, 0xdedb, 0xdedb, 0xdedb,
	0xdedb, 0xdedb, 0xdedb, 0xdedb, 0xdedb, 0xdedb, 0xdedb, 0xdedb, 0xdedb, 0xdedb, 0xdedb, 0xdedb, 0xdedb, 0xdedb, 0xdedb, 0xdedb,
	0xdedb, 0xdedb, 0xdedb, 0xdedb, 0xdedb, 0xdedb, 0xdedb, 0xdedb, 0xdedb, 0xdedb, 0xdedb, 0xdedb, 0xdedb, 0xdedb, 0xdedb, 0xdedb,
	0xdedb, 0xdedb, 0xdedb, 0xdedb, 0xdedb, 0xdedb, 0xdedb, 0xce79, 0xdedb, 0xdedb, 0xdedb, 0xdedb, 0xdedb, 0xdedb, 0xdedb, 0xdedb,
	0xdedb, 0xdedb, 0xdedb, 0xdedb, 0xdedb, 0xdedb, 0xdedb, 0xdedb, 0xdedb, 0xdedb, 0xdedb, 0xdedb, 0xdedb, 0xdedb, 0xdedb, 0xdedb,
	0xdedb, 0xdedb, 0xdedb, 0xdedb, 0xdedb, 0xdedb, 0xdedb, 0xdedb, 0xdedb, 0xdedb, 0xdedb, 0xdedb, 0xdedb, 0xdedb, 0xdedb, 0xdedb,
	0xdedb, 0xdedb, 0xdedb, 0xdedb, 0xdedb, 0xdedb, 0xdedb, 0xdedb, 0xdedb, 0xdedb, 0xdedb, 0xdedb, 0xdedb, 0xdedb, 0xdedb, 0xdedb,
	0xdedb, 0xdedb, 0xdedb, 0xdedb, 0xdedb, 0xdedb, 0xdedb, 0xdedb, 0xdedb, 0xdedb, 0xdedb, 0xdedb, 0xdedb, 0xdedb, 0xdedb, 0xdedb,
	0xdedb, 0xdedb, 0xdedb, 0xdedb, 0xdedb, 0xdedb, 0xdedb, 0xdedb, 0xdedb, 0xdedb, 0xdedb, 0xdedb, 0xdedb, 0xdedb, 0xdedb, 0xdedb,
	0xdedb, 0xdedb, 0xdedb, 0xdedb, 0xdedb, 0xdedb, 0xdedb, 0xdedb, 0xdedb, 0xdedb, 0xdedb, 0xdedb, 0xdedb, 0xdedb, 0xdedb, 0xdedb,
	0xdedb, 0xdedb, 0xdedb, 0xdedb, 0xdedb, 0xdedb, 0xdedb, 0xdedb, 0xdedb, 0xdedb, 0xdedb, 0xdedb, 0xdedb, 0xdedb, 0xdedb, 0xce79,
	0xdedb, 0xdedb, 0xdedb, 0xdedb, 0xdedb, 0xdedb, 0xdedb, 0xdedb, 0xdedb, 0xdedb, 0xdedb, 0xdedb, 0xdedb, 0xdedb, 0xdedb, 0xdedb,
	0xdedb, 0xdedb, 0xdedb, 0xdedb, 0xdedb, 0xdedb, 0xdedb, 0xdedb, 0xdedb, 0xdedb, 0xdedb, 0xdedb, 0xdedb, 0xdedb, 0xdedb, 0xdedb,
	0xdedb, 0xdedb, 0xdedb, 0xdedb, 0xdedb, 0xdedb, 0xdedb, 0xdedb, 0xdedb, 0xdedb, 0xdedb, 0xdedb, 0xdedb, 0xdedb, 0xdedb, 0xdedb,
	0xdedb, 0xdedb, 0xdedb, 0xdedb, 0xdedb, 0xdedb, 0xdedb, 0xdedb, 0xdedb, 0xdedb, 0xdedb, 0xdedb, 0xdedb, 0xdedb, 0xdedb, 0xdedb,
	0xdedb, 0xdedb, 0xdedb, 0xdedb, 0xdedb, 0xdedb, 0xdedb, 0xdedb, 0xdedb, 0xdedb, 0xdedb, 0xdedb, 0xdedb, 0xdedb, 0xdedb, 0xdedb,
	0xdedb, 0xdedb, 0xdedb, 0xdedb, 0xdedb, 0xdedb, 0xdedb, 0xdedb, 0xdedb, 0xdedb, 0xdedb, 0xdedb, 0xdedb, 0xdedb, 0xdedb, 0xdedb,
	0xdedb, 0xdedb, 0xdedb, 0xdedb, 0xdedb, 0xdedb, 0xdedb, 0xdedb, 0xdedb, 0xdedb, 0xdedb, 0xdedb, 0xdedb, 0xdedb, 0xdedb, 0xdedb,
	0xdedb, 0xdedb, 0xdedb, 0xdedb, 0xdedb, 0xdedb, 0xdedb, 0xce79, 0xdedb, 0xdedb, 0xdedb, 0xdedb, 0xdedb, 0xdedb, 0xdedb, 0xdedb,
	0xdedb, 0xdedb, 0xdedb, 0xdedb, 0xdedb, 0xdedb, 0xdedb, 0xdedb, 0xdedb, 0xdedb, 0xdedb, 0xdedb, 0xdedb, 0xdedb, 0xdedb, 0xdedb,
	0xdedb, 0xdedb, 0xdedb, 0xdedb, 0xdedb, 0xdedb, 0xdedb, 0xdedb, 0xdedb, 0xdedb, 0xdedb, 0xdedb, 0xdedb, 0xdedb, 0xdedb, 0xdedb,
	0xdedb, 0xdedb, 0xdedb, 0xdedb, 0xdedb, 0xdedb, 0xdedb, 0xdedb, 0xdedb, 0xdedb, 0xdedb, 0xdedb, 0xdedb, 0xdedb, 0xdedb, 0xdedb,
	0xdedb, 0xdedb, 0xdedb, 0xdedb, 0xdedb, 0xdedb, 0xdedb, 0xdedb, 0xdedb, 0xdedb, 0xdedb, 0xdedb, 0xdedb, 0xdedb, 0xdedb, 0xdedb,
	0xdedb, 0xdedb, 0xdedb, 0xdedb, 0xdedb, 0xdedb, 0xdedb, 0xdedb, 0xdedb, 0xdedb, 0xdedb, 0xdedb, 0xdedb, 0xdedb, 0xdedb, 0xdedb,
	0xdedb, 0xdedb, 0xdedb, 0xdedb, 0xdedb, 0xdedb, 0xdedb, 0xdedb, 0xdedb, 0xdedb, 0xdedb, 0xdedb, 0xdedb, 0xdedb, 0xdedb, 0xdedb,
	0xdedb, 0xdedb, 0xdedb, 0xdedb, 0xdedb, 0xdedb, 0xdedb, 0xdedb, 0xdedb, 0xdedb, 0xdedb, 0xdedb, 0xdedb, 0xdedb, 0xdedb, 0xce79,
	0xdedb, 0xdedb, 0xdedb, 0xdedb, 0xdedb, 0xdedb, 0xdedb, 0xdedb, 0xdedb, 0xdedb, 0xdedb, 0xdedb, 0xdedb, 0xdedb, 0xdedb, 0xdedb,
	0xdedb, 0xdedb, 0xdedb, 0xdedb, 0xdedb, 0xdedb, 0xdedb, 0xdedb, 0xdedb, 0xdedb, 0xdedb, 0xdedb, 0xdedb, 0xdedb, 0xdedb, 0xdedb,
	0xdedb, 0xdedb, 0xdedb, 0xdedb, 0xdedb, 0xdedb, 0xdedb, 0xdedb, 0xdedb, 0xdedb, 0xdedb, 0xdedb, 0xdedb, 0xdedb, 0xdedb, 0xdedb,
	0xdedb, 0xdedb, 0xdedb, 0xdedb, 0xdedb, 0xdedb, 0xdedb, 0xdedb, 0xdedb, 0xdedb, 0xdedb, 0xdedb, 0xdedb, 0xdedb, 0xdedb, 0xdedb,
	0xdedb, 0xdedb, 0xdedb, 0xdedb, 0xdedb, 0xdedb, 0xdedb, 0xdedb, 0xdedb, 0xdedb, 0xdedb, 0xdedb, 0xdedb, 0xdedb, 0xdedb, 0xdedb,
	0xdedb, 0xdedb, 0xdedb, 0xdedb, 0xdedb, 0xdedb, 0xdedb, 0xdedb, 0xdedb, 0xdedb, 0xdedb, 0xdedb, 0xdedb, 0xdedb, 0xdedb, 0xdedb,
	0xdedb, 0xdedb, 0xdedb, 0xdedb, 0xdedb, 0xdedb, 0xdedb, 0xdedb, 0xdedb, 0xdedb, 0xdedb, 0xdedb, 0xdedb, 0xdedb, 0xdedb, 0xdedb,
	0xdedb, 0xdedb, 0xdedb, 0xdedb, 0xdedb, 0xdedb, 0xdedb, 0xce79, 0xdedb, 0xdedb, 0xdedb, 0xdedb, 0xdedb, 0xdedb, 0xdedb, 0xdedb,
	0xdedb, 0xdedb, 0xdedb, 0xdedb, 0xdedb, 0xdedb, 0xdedb, 0xdedb, 0xdedb, 0xdedb, 0xdedb, 0xdedb, 0xdedb, 0xdedb, 0xdedb, 0xdedb,
	0xdedb, 0xdedb, 0xdedb, 0xdedb, 0xdedb, 0xdedb, 0xdedb, 0xdedb, 0xdedb, 0xdedb, 0xdedb, 0xdedb, 0xdedb, 0xdedb, 0xdedb, 0xdedb,
	0xdedb, 0xdedb, 0xdedb, 0xdedb, 0xdedb, 0xdedb, 0xdedb, 0xdedb, 0xdedb, 0xdedb, 0xdedb, 0xdedb, 0xdedb, 0xdedb, 0xdedb, 0xdedb,
	0xdedb, 0xdedb, 0xdedb, 0xdedb, 0xdedb, 0xdedb, 0xdedb, 0xdedb, 0xdedb, 0xdedb, 0xdedb, 0xdedb, 0xdedb, 0xdedb, 0xdedb, 0xdedb,
	0xdedb, 0xdedb, 0xdedb, 0xdedb, 0xdedb, 0xdedb, 0xdedb, 0xdedb, 0xdedb, 0xdedb, 0xdedb, 0xdedb, 0xdedb, 0xdedb, 0xdedb, 0xdedb,
	0xdedb, 0xdedb, 0xdedb, 0xdedb, 0xdedb, 0xdedb, 0xdedb, 0xdedb, 0xdedb, 0xdedb, 0xdedb, 0xdedb, 0xdedb, 0xdedb, 0xdedb, 0xdedb,
	0xdedb, 0xdedb, 0xdedb, 0xdedb, 0xdedb, 0xdedb, 0xdedb, 0xdedb, 0xdedb, 0xdedb, 0xdedb, 0xdedb, 0xdedb, 0xdedb, 0xdedb, 0xce79,
	0xdedb, 0xdedb, 0xdedb, 0xdedb, 0xdedb, 0xdedb, 0xdedb, 0xdedb, 0xdedb, 0xdedb, 0xdedb, 0xdedb, 0xdedb, 0xdedb, 0xdedb, 0xdedb,
	0xdedb, 0xdedb, 0xdedb, 0xdedb, 0xdedb, 0xdedb, 0xdedb, 0xdedb, 0xdedb, 0xdedb, 0xdedb, 0xdedb, 0xdedb, 0xdedb, 0xdedb, 0xdedb,
	0xdedb, 0xdedb, 0xdedb, 0xdedb, 0xdedb, 0xdedb, 0xdedb, 0xdedb, 0xdedb, 0xdedb, 0xdedb, 0xdedb, 0xdedb, 0xdedb, 0xdedb, 0xdedb,
	0xdedb, 0xdedb, 0xdedb, 0xdedb, 0xdedb, 0xdedb, 0xdedb, 0xdedb, 0xdedb, 0xdedb, 0xdedb, 0xdedb, 0xdedb, 0xdedb, 0xdedb, 0xdedb,
	0xdedb, 0xdedb, 0xdedb, 0xdedb, 0xdedb, 0xdedb, 0xdedb, 0xdedb, 0xdedb, 0xdedb, 0xdedb, 0xdedb, 0xdedb, 0xdedb, 0xdedb, 0xdedb,
	0xdedb, 0xdedb, 0xdedb, 0xdedb, 0xdedb, 0xdedb, 0xdedb, 0xdedb, 0xdedb, 0xdedb, 0xdedb, 0xdedb, 0xdedb, 0xdedb, 0xdedb, 0xdedb,
	0xdedb, 0xdedb, 0xdedb, 0xdedb, 0xdedb, 0xdedb, 0xdedb, 0xdedb, 0xdedb, 0xdedb, 0xdedb, 0xdedb, 0xdedb, 0xdedb, 0xdedb, 0xdedb,
	0xdedb, 0xdedb, 0xdedb, 0xdedb, 0xdedb, 0xdedb, 0xdedb, 0xce79, 0xdedb, 0xdedb, 0xdedb, 0xdedb, 0xdedb, 0xdedb, 0xdedb, 0xdedb,
	0xdedb, 0xdedb, 0xdedb, 0xdedb, 0xdedb, 0xdedb, 0xdedb, 0xdedb, 0xdedb, 0xdedb, 0xdedb, 0xdedb, 0xdedb, 0xdedb, 0xdedb, 0xdedb,
	0xdedb, 0xdedb, 0xdedb, 0xdedb, 0xdedb, 0xdedb, 0xdedb, 0xdedb, 0xdedb, 0xdedb, 0xdedb, 0xdedb, 0xdedb, 0xdedb, 0xdedb, 0xdedb,
	0xdedb, 0xdedb, 0xdedb, 0xdedb, 0xdedb, 0xdedb, 0xdedb, 0xdedb, 0xdedb, 0xdedb, 0xdedb, 0xdedb, 0xdedb, 0xdedb, 0xdedb, 0xdedb,
	0xdedb, 0xdedb, 0xdedb, 0xdedb, 0xdedb, 0xdedb, 0xdedb, 0xdedb, 0xdedb, 0xdedb, 0xdedb, 0xdedb, 0xdedb, 0xdedb, 0xdedb, 0xdedb,
	0xdedb, 0xdedb, 0xdedb, 0xdedb, 0xdedb, 0xdedb, 0xdedb, 0xdedb, 0xdedb, 0xdedb, 0xdedb, 0xdedb, 0xdedb, 0xdedb, 0xdedb, 0xdedb,
	0xdedb, 0xdedb, 0xdedb, 0xdedb, 0xdedb, 0xdedb, 0xdedb, 0xdedb, 0xdedb, 0xdedb, 0xdedb, 0xdedb, 0xdedb, 0xdedb, 0xdedb, 0xdedb,
	0xdedb, 0xdedb, 0xdedb, 0xdedb, 0xdedb, 0xdedb, 0xdedb, 0xdedb, 0xdedb, 0xdedb, 0xdedb, 0xdedb, 0xdedb, 0xdedb, 0xdedb, 0xce79,
	0xdedb, 0xdedb, 0xdedb, 0xdedb, 0xdedb, 0xdedb, 0xdedb, 0xdedb, 0xdedb, 0xdedb, 0xdedb, 0xdedb, 0xdedb, 0xdedb, 0xdedb, 0xdedb,
	0xdedb, 0xdedb, 0xdedb, 0xdedb, 0xdedb, 0xdedb, 0xdedb, 0xdedb, 0xdedb, 0xdedb, 0xdedb, 0xdedb, 0xdedb, 0xdedb, 0xdedb, 0xdedb,
	0xdedb, 0xdedb, 0xdedb, 0xdedb, 0xdedb, 0xdedb, 0xdedb, 0xdedb, 0xdedb, 0xdedb, 0xdedb, 0xdedb, 0xdedb, 0xdedb, 0xdedb, 0xdedb,
	0xdedb, 0xdedb, 0xdedb, 0xdedb, 0xdedb, 0xdedb, 0xdedb, 0xdedb, 0xdedb, 0xdedb, 0xdedb, 0xdedb, 0xdedb, 0xdedb, 0xdedb, 0xdedb,
	0xdedb, 0xdedb, 0xdedb, 0xdedb, 0xdedb, 0xdedb, 0xdedb, 0xdedb, 0xdedb, 0xdedb, 0xdedb, 0xdedb, 0xdedb, 0xdedb, 0xdedb, 0xdedb,
	0xdedb, 0xdedb, 0xdedb, 0xdedb, 0xdedb, 0xdedb, 0xdedb, 0xdedb, 0xdedb, 0xdedb, 0xdedb, 0xdedb, 0xdedb, 0xdedb, 0xdedb, 0xdedb,
	0xdedb, 0xdedb, 0xdedb, 0xdedb, 0xdedb, 0xdedb, 0xdedb, 0xdedb, 0xdedb, 0xdedb, 0xdedb, 0xdedb, 0xdedb, 0xdedb, 0xdedb, 0xdedb,
	0xdedb, 0xdedb, 0xdedb, 0xdedb, 0xdedb, 0xdedb, 0xdedb, 0xce79, 0xdedb, 0xdedb, 0xdedb, 0xdedb, 0xdedb, 0xdedb, 0xdedb, 0xdedb,
	0xdedb, 0xdedb, 0xdedb, 0xdedb, 0xdedb, 0xdedb, 0xdedb, 0xdedb, 0xdedb, 0xdedb, 0xdedb, 0xdedb, 0xdedb, 0xdedb, 0xdedb, 0xdedb,
	0xdedb, 0xdedb, 0xdedb, 0xdedb, 0xdedb, 0xdedb, 0xdedb, 0xdedb, 0xdedb, 0xdedb, 0xdedb, 0xdedb, 0xdedb, 0xdedb, 0xdedb, 0xdedb,
	0xdedb, 0xdedb, 0xdedb, 0xdedb, 0xdedb, 0xdedb, 0xdedb, 0xdedb, 0xdedb, 0xdedb, 0xdedb, 0xdedb, 0xdedb, 0xdedb, 0xdedb, 0xdedb,
	0xdedb, 0xdedb, 0xdedb, 0xdedb, 0xdedb, 0xdedb, 0xdedb, 0xdedb, 0xdedb, 0xdedb, 0xdedb, 0xdedb, 0xdedb, 0xdedb, 0xdedb, 0xdedb,
	0xdedb, 0xdedb, 0xdedb, 0xdedb, 0xdedb, 0xdedb, 0xdedb, 0xdedb, 0xdedb, 0xdedb, 0xdedb, 0xdedb, 0xdedb, 0xdedb, 0xdedb, 0xdedb,
	0xdedb, 0xdedb, 0xdedb, 0xdedb, 0xdedb, 0xdedb, 0xdedb, 0xdedb, 0xdedb, 0xdedb, 0xdedb, 0xdedb, 0xdedb, 0xdedb, 0xdedb, 0xdedb,
	0xdedb, 0xdedb, 0xdedb, 0xdedb, 0xdedb, 0xdedb, 0xdedb, 0xdedb, 0xdedb, 0xdedb, 0xdedb, 0xdedb, 0xdedb, 0xdedb, 0xdedb, 0xce79,
	0xdedb, 0xdedb, 0xdedb, 0xdedb, 0xdedb, 0xdedb, 0xdedb, 0xdedb, 0xdedb, 0xdedb, 0xdedb, 0xdedb, 0xdedb, 0xdedb, 0xdedb, 0xdedb,
	0xdedb, 0xdedb, 0xdedb, 0xdedb, 0xdedb, 0xdedb, 0xdedb, 0xdedb, 0xdedb, 0xdedb, 0xdedb, 0xdedb, 0xdedb, 0xdedb, 0xdedb, 0xdedb,
	0xdedb, 0xdedb, 0xdedb, 0xdedb, 0xdedb, 0xdedb, 0xdedb, 0xdedb, 0xdedb, 0xdedb, 0xdedb, 0xdedb, 0xdedb, 0xdedb, 0xdedb, 0xdedb,
	0xdedb, 0xdedb, 0xdedb, 0xdedb, 0xdedb, 0xdedb, 0xdedb, 0xdedb, 0xdedb, 0xdedb, 0xdedb, 0xdedb, 0xdedb, 0xdedb, 0xdedb, 0xdedb,
	0xdedb, 0xdedb, 0xdedb, 0xdedb, 0xdedb, 0xdedb, 0xdedb, 0xdedb, 0xdedb, 0xdedb, 0xdedb, 0xdedb, 0xdedb, 0xdedb, 0xdedb, 0xdedb,
	0xdedb, 0xdedb, 0xdedb, 0xdedb, 0xdedb, 0xdedb, 0xdedb, 0xdedb, 0xdedb, 0xdedb, 0xdedb, 0xdedb, 0xdedb, 0xdedb, 0xdedb, 0xdedb,
	0xdedb, 0xdedb, 0xdedb, 0xdedb, 0xdedb, 0xdedb, 0xdedb, 0xdedb, 0xdedb, 0xdedb, 0xdedb, 0xdedb, 0xdedb, 0xdedb, 0xdedb, 0xdedb,
	0xdedb, 0xdedb, 0xdedb, 0xdedb, 0xdedb, 0xdedb, 0xdedb, 0xce79, 0xdedb, 0xdedb, 0xdedb, 0xdedb, 0xdedb, 0xdedb, 0xdedb, 0xdedb,
	0xdedb, 0xdedb, 0xdedb, 0xdedb, 0xdedb, 0xdedb, 0xdedb, 0xdedb, 0xdedb, 0xdedb, 0xdedb, 0xdedb, 0xdedb, 0xdedb, 0xdedb, 0xdedb,
	0xdedb, 0xdedb, 0xdedb, 0xdedb, 0xdedb, 0xdedb, 0xdedb, 0xdedb, 0xdedb, 0xdedb, 0xdedb, 0xdedb, 0xdedb, 0xdedb, 0xdedb, 0xdedb,
	0xdedb, 0xdedb, 0xdedb, 0xdedb, 0xdedb, 0xdedb, 0xdedb, 0xdedb, 0xdedb, 0xdedb, 0xdedb, 0xdedb, 0xdedb, 0xdedb, 0xdedb, 0xdedb,
	0xdedb, 0xdedb, 0xdedb, 0xdedb, 0xdedb, 0xdedb, 0xdedb, 0xdedb, 0xdedb, 0xdedb, 0xdedb, 0xdedb, 0xdedb, 0xdedb, 0xdedb, 0xdedb,
	0xdedb, 0xdedb, 0xdedb, 0xdedb, 0xdedb, 0xdedb, 0xdedb, 0xdedb, 0xdedb, 0xdedb, 0xdedb, 0xdedb, 0xdedb, 0xdedb, 0xdedb, 0xdedb,
	0xdedb, 0xdedb, 0xdedb, 0xdedb, 0xdedb, 0xdedb, 0xdedb, 0xdedb, 0xdedb, 0xdedb, 0xdedb, 0xdedb, 0xdedb, 0xdedb, 0xdedb, 0xdedb,
	0xdedb, 0xdedb, 0xdedb, 0xdedb, 0xdedb, 0xdedb, 0xdedb, 0xdedb, 0xdedb, 0xdedb, 0xdedb, 0xdedb, 0xdedb, 0xdedb, 0xdedb, 0xce79,
	0xdedb, 0xdedb, 0xdedb, 0xdedb, 0xdedb, 0xdedb, 0xdedb, 0xdedb, 0xdedb, 0xdedb, 0xdedb, 0xdedb, 0xdedb, 0xdedb, 0xdedb, 0xdedb,
	0xdedb, 0xdedb, 0xdedb, 0xdedb, 0xdedb, 0xdedb, 0xdedb, 0xdedb, 0xdedb, 0xdedb, 0xdedb, 0xdedb, 0xdedb, 0xdedb, 0xdedb, 0xdedb,
	0xdedb, 0xdedb, 0xdedb, 0xdedb, 0xdedb, 0xdedb, 0xdedb, 0xdedb, 0xdedb, 0xdedb, 0xdedb, 0xdedb, 0xdedb, 0xdedb, 0xdedb, 0xdedb,
	0xdedb, 0xdedb, 0xdedb, 0xdedb, 0xdedb, 0xdedb, 0xdedb, 0xdedb, 0xdedb, 0xdedb, 0xdedb, 0xdedb, 0xdedb, 0xdedb, 0xdedb, 0xdedb,
	0xdedb, 0xdedb, 0xdedb, 0xdedb, 0xdedb, 0xdedb, 0xdedb, 0xdedb, 0xdedb, 0xdedb, 0xdedb, 0xdedb, 0xdedb, 0xdedb, 0xdedb, 0xdedb,
	0xdedb, 0xdedb, 0xdedb, 0xdedb, 0xdedb, 0xdedb, 0xdedb, 0xdedb, 0xdedb, 0xdedb, 0xdedb, 0xdedb, 0xdedb, 0xdedb, 0xdedb, 0xdedb,
	0xdedb, 0xdedb, 0xdedb, 0xdedb, 0xdedb, 0xdedb, 0xdedb, 0xdedb, 0xdedb, 0xdedb, 0xdedb, 0xdedb, 0xdedb, 0xdedb, 0xdedb, 0xdedb,
	0xdedb, 0xdedb, 0xdedb, 0xdedb, 0xdedb, 0xdedb, 0xdedb, 0xce79, 0xdedb, 0xdedb, 0xdedb, 0xdedb, 0xdedb, 0xdedb, 0xdedb, 0xdedb,
	0xdedb, 0xdedb, 0xdedb, 0xdedb, 0xdedb, 0xdedb, 0xdedb, 0xdedb, 0xdedb, 0xdedb, 0xdedb, 0xdedb, 0xdedb, 0xdedb, 0xdedb, 0xdedb,
	0xdedb, 0xdedb, 0xdedb, 0xdedb, 0xdedb, 0xdedb, 0xdedb, 0xdedb, 0xdedb, 0xdedb, 0xdedb, 0xdedb, 0xdedb, 0xdedb, 0xdedb, 0xdedb,
	0xdedb, 0xdedb, 0xdedb, 0xdedb, 0xdedb, 0xdedb, 0xdedb, 0xdedb, 0xdedb, 0xdedb, 0xdedb, 0xdedb, 0xdedb, 0xdedb, 0xdedb, 0xdedb,
	0xdedb, 0xdedb, 0xdedb, 0xdedb, 0xdedb, 0xdedb, 0xdedb, 0xdedb, 0xdedb, 0xdedb, 0xdedb, 0xdedb, 0xdedb, 0xdedb, 0xdedb, 0xdedb,
	0xdedb, 0xdedb, 0xdedb, 0xdedb, 0xdedb, 0xdedb, 0xdedb, 0xdedb, 0xdedb, 0xdedb, 0xdedb, 0xdedb, 0xdedb, 0xdedb, 0xdedb, 0xdedb,
	0xdedb, 0xdedb, 0xdedb, 0xdedb, 0xdedb, 0xdedb, 0xdedb, 0xdedb, 0xdedb, 0xdedb, 0xdedb, 0xdedb, 0xdedb, 0xdedb, 0xdedb, 0xdedb,
	0xdedb, 0xdedb, 0xdedb, 0xdedb, 0xdedb, 0xdedb, 0xdedb, 0xdedb, 0xdedb, 0xdedb, 0xdedb, 0xdedb, 0xdedb, 0xdedb, 0xdedb, 0xce79,
	0xdedb, 0xdedb, 0xdedb, 0xdedb, 0xdedb, 0xdedb, 0xdedb, 0xdedb, 0xdedb, 0xdedb, 0xdedb, 0xdedb, 0xdedb, 0xdedb, 0xdedb, 0xdedb,
	0xdedb, 0xdedb, 0xdedb, 0xdedb, 0xdedb, 0xdedb, 0xdedb, 0xdedb, 0xdedb, 0xdedb, 0xdedb, 0xdedb, 0xdedb, 0xdedb, 0xdedb, 0xdedb,
	0xdedb, 0xdedb, 0xdedb, 0xdedb, 0xdedb, 0xdedb, 0xdedb, 0xdedb, 0xdedb, 0xdedb, 0xdedb, 0xdedb, 0xdedb, 0xdedb, 0xdedb, 0xdedb,
	0xdedb, 0xdedb, 0xdedb, 0xdedb, 0xdedb, 0xdedb, 0xdedb, 0xdedb, 0xdedb, 0xdedb, 0xdedb, 0xdedb, 0xdedb, 0xdedb, 0xdedb, 0xdedb,
	0xdedb, 0xdedb, 0xdedb, 0xdedb, 0xdedb, 0xdedb, 0xdedb, 0xdedb, 0xdedb, 0xdedb, 0xdedb, 0xdedb, 0xdedb, 0xdedb, 0xdedb, 0xdedb,
	0xdedb, 0xdedb, 0xdedb, 0xdedb, 0xdedb, 0xdedb, 0xdedb, 0xdedb, 0xdedb, 0xdedb, 0xdedb, 0xdedb, 0xdedb, 0xdedb, 0xdedb, 0xdedb,
	0xdedb, 0xdedb, 0xdedb, 0xdedb, 0xdedb, 0xdedb, 0xdedb, 0xdedb, 0xdedb, 0xdedb, 0xdedb, 0xdedb, 0xdedb, 0xdedb, 0xdedb, 0xdedb,
	0xdedb, 0xdedb, 0xdedb, 0xdedb, 0xdedb, 0xdedb, 0xdedb, 0xce79, 0xdedb, 0xdedb, 0xdedb, 0xdedb, 0xdedb, 0xdedb, 0xdedb, 0xdedb,
	0xdedb, 0xdedb, 0xdedb, 0xdedb, 0xdedb, 0xdedb, 0xdedb, 0xdedb, 0xdedb, 0xdedb, 0xdedb, 0xdedb, 0xdedb, 0xdedb, 0xdedb, 0xdedb,
	0xdedb, 0xdedb, 0xdedb, 0xdedb, 0xdedb, 0xdedb, 0xdedb, 0xdedb, 0xdedb, 0xdedb, 0xdedb, 0xdedb, 0xdedb, 0xdedb, 0xdedb, 0xdedb,
	0xdedb, 0xdedb, 0xdedb, 0xdedb, 0xdedb, 0xdedb, 0xdedb, 0xdedb, 0xdedb, 0xdedb, 0xdedb, 0xdedb, 0xdedb, 0xdedb, 0xdedb, 0xdedb,
	0xdedb, 0xdedb, 0xdedb, 0xdedb, 0xdedb, 0xdedb, 0xdedb, 0xdedb, 0xdedb, 0xdedb, 0xdedb, 0xdedb, 0xdedb, 0xdedb, 0xdedb, 0xdedb,
	0xdedb, 0xdedb, 0xdedb, 0xdedb, 0xdedb, 0xdedb, 0xdedb, 0xdedb, 0xdedb, 0xdedb, 0xdedb, 0xdedb, 0xdedb, 0xdedb, 0xdedb, 0xdedb,
	0xdedb, 0xdedb, 0xdedb, 0xdedb, 0xdedb, 0xdedb, 0xdedb, 0xdedb, 0xdedb, 0xdedb, 0xdedb, 0xdedb, 0xdedb, 0xdedb, 0xdedb, 0xdedb,
	0xdedb, 0xdedb, 0xdedb, 0xdedb, 0xdedb, 0xdedb, 0xdedb, 0xdedb, 0xdedb, 0xdedb, 0xdedb, 0xdedb, 0xdedb, 0xdedb, 0xdedb, 0xce79,
	0xdedb, 0xdedb, 0xdedb, 0xdedb, 0xdedb, 0xdedb, 0xdedb, 0xdedb, 0xdedb, 0xdedb, 0xdedb, 0xdedb, 0xdedb, 0xdedb, 0xdedb, 0xdedb,
	0xdedb, 0xdedb, 0xdedb, 0xdedb, 0xdedb, 0xdedb, 0xdedb, 0xdedb, 0xdedb, 0xdedb, 0xdedb, 0xdedb, 0xdedb, 0xdedb, 0xdedb, 0xdedb,
	0xdedb, 0xdedb, 0xdedb, 0xdedb, 0xdedb, 0xdedb, 0xdedb, 0xdedb, 0xdedb, 0xdedb, 0xdedb, 0xdedb, 0xdedb, 0xdedb, 0xdedb, 0xdedb,
	0xdedb, 0xdedb, 0xdedb, 0xdedb, 0xdedb, 0xdedb, 0xdedb, 0xdedb, 0xdedb, 0xdedb, 0xdedb, 0xdedb, 0xdedb, 0xdedb, 0xdedb, 0xdedb,
	0xdedb, 0xdedb, 0xdedb, 0xdedb, 0xdedb, 0xdedb, 0xdedb, 0xdedb, 0xdedb, 0xdedb, 0xdedb, 0xdedb, 0xdedb, 0xdedb, 0xdedb, 0xdedb,
	0xdedb, 0xdedb, 0xdedb, 0xdedb, 0xdedb, 0xdedb, 0xdedb, 0xdedb, 0xdedb, 0xdedb, 0xdedb, 0xdedb, 0xdedb, 0xdedb, 0xdedb, 0xdedb,
	0xdedb, 0xdedb, 0xdedb, 0xdedb, 0xdedb, 0xdedb, 0xdedb, 0xdedb, 0xdedb, 0xdedb, 0xdedb, 0xdedb, 0xdedb, 0xdedb, 0xdedb, 0xdedb,
	0xdedb, 0xdedb, 0xdedb, 0xdedb, 0xdedb, 0xdedb, 0xdedb, 0xce79, 0xdedb, 0xdedb, 0xdedb, 0xdedb, 0xdedb, 0xdedb, 0xdedb, 0xdedb,
	0xdedb, 0xdedb, 0xdedb, 0xdedb, 0xdedb, 0xdedb, 0xdedb, 0xdedb, 0xdedb, 0xdedb, 0xdedb, 0xdedb, 0xdedb, 0xdedb, 0xdedb, 0xdedb,
	0xdedb, 0xdedb, 0xdedb, 0xdedb, 0xdedb, 0xdedb, 0xdedb, 0xdedb, 0xdedb, 0xdedb, 0xdedb, 0xdedb, 0xdedb, 0xdedb, 0xdedb, 0xdedb,
	0xdedb, 0xdedb, 0xdedb, 0xdedb, 0xdedb, 0xdedb, 0xdedb, 0xdedb, 0xdedb, 0xdedb, 0xdedb, 0xdedb, 0xdedb, 0xdedb, 0xdedb, 0xdedb,
	0xdedb, 0xdedb, 0xdedb, 0xdedb, 0xdedb, 0xdedb, 0xdedb, 0xdedb, 0xdedb, 0xdedb, 0xdedb, 0xdedb, 0xdedb, 0xdedb, 0xdedb, 0xdedb,
	0xdedb, 0xdedb, 0xdedb, 0xdedb, 0xdedb, 0xdedb, 0xdedb, 0xdedb, 0xdedb, 0xdedb, 0xdedb, 0xdedb, 0xdedb, 0xdedb, 0xdedb, 0xdedb,
	0xdedb, 0xdedb, 0xdedb, 0xdedb, 0xdedb, 0xdedb, 0xdedb, 0xdedb, 0xdedb, 0xdedb, 0xdedb, 0xdedb, 0xdedb, 0xdedb, 0xdedb, 0xdedb,
	0xdedb, 0xdedb, 0xdedb, 0xdedb, 0xdedb, 0xdedb, 0xdedb, 0xdedb, 0xdedb, 0xdedb, 0xdedb, 0xdedb, 0xdedb, 0xdedb, 0xdedb, 0xce79,
	0xdedb, 0xdedb, 0xdedb, 0xdedb, 0xdedb, 0xdedb, 0xdedb, 0xdedb, 0xdedb, 0xdedb, 0xdedb, 0xdedb, 0xdedb, 0xdedb, 0xdedb, 0xdedb,
	0xdedb, 0xdedb, 0xdedb, 0xdedb, 0xdedb, 0xdedb, 0xdedb, 0xdedb, 0xdedb, 0xdedb, 0xdedb, 0xdedb, 0xdedb, 0xdedb, 0xdedb, 0xdedb,
	0xdedb, 0xdedb, 0xdedb, 0xdedb, 0xdedb, 0xdedb, 0xdedb, 0xdedb, 0xdedb, 0xdedb, 0xdedb, 0xdedb, 0xdedb, 0xdedb, 0xdedb, 0xdedb,
	0xdedb, 0xdedb, 0xdedb, 0xdedb, 0xdedb, 0xdedb, 0xdedb, 0xdedb, 0xdedb, 0xdedb, 0xdedb, 0xdedb, 0xdedb, 0xdedb, 0xdedb, 0xdedb,
	0xdedb, 0xdedb, 0xdedb, 0xdedb, 0xdedb, 0xdedb, 0xdedb, 0xdedb, 0xdedb, 0xdedb, 0xdedb, 0xdedb, 0xdedb, 0xdedb, 0xdedb, 0xdedb,
	0xdedb, 0xdedb, 0xdedb, 0xdedb, 0xdedb, 0xdedb, 0xdedb, 0xdedb, 0xdedb, 0xdedb, 0xdedb, 0xdedb, 0xdedb, 0xdedb, 0xdedb, 0xdedb,
	0xdedb, 0xdedb, 0xdedb, 0xdedb, 0xdedb, 0xdedb, 0xdedb, 0xdedb, 0xdedb, 0xdedb, 0xdedb, 0xdedb, 0xdedb, 0xdedb, 0xdedb, 0xdedb,
	0xdedb, 0xdedb, 0xdedb, 0xdedb, 0xdedb, 0xdedb, 0xdedb, 0xce79, 0xdedb, 0xdedb, 0xdedb, 0xdedb, 0xdedb, 0xdedb, 0xdedb, 0xdedb,
	0xdedb, 0xdedb, 0xdedb, 0xdedb, 0xdedb, 0xdedb, 0xdedb, 0xdedb, 0xdedb, 0xdedb, 0xdedb, 0xdedb, 0xdefb, 0xe71c, 0xe71c, 0xe71c,
	0xe71c, 0xe71c, 0xe71c, 0xe71c, 0xe71c, 0xe71c, 0xe71c, 0xe71c, 0xe71c, 0xe71c, 0xe71c, 0xe71c, 0xe71c, 0xe71c, 0xe71c, 0xe71c,
	0xe71c, 0xe71c, 0xe71c, 0xe71c, 0xe71c, 0xe71c, 0xe71c, 0xe71c, 0xe71c, 0xe71c, 0xe71c, 0xe71c, 0xe71c, 0xe71c, 0xe71c, 0xe71c,
	0xe71c, 0xe71c, 0xe71c, 0xe71c, 0xe71c, 0xe71c, 0xe71c, 0xe71c, 0xe71c, 0xe71c, 0xe71c, 0xe71c, 0xe71c, 0xe71c, 0xe71c, 0xe71c,
	0xe71c, 0xe71c, 0xe71c, 0xe71c, 0xe71c, 0xe71c, 0xe71c, 0xe71c, 0xe71c, 0xe71c, 0xe71c, 0xe71c, 0xe71c, 0xe71c, 0xe71c, 0xe71c,
	0xe71c, 0xe71c, 0xe71c, 0xe71c, 0xe71c, 0xe71c, 0xe71c, 0xe71c, 0xdefb, 0xdedb, 0xdedb, 0xdedb, 0xdedb, 0xdedb, 0xdedb, 0xdedb,
	0xdedb, 0xdedb, 0xdedb, 0xdedb, 0xdedb, 0xdedb, 0xdedb, 0xdedb, 0xdedb, 0xdedb, 0xdedb, 0xdedb, 0xdedb, 0xdedb, 0xdedb, 0xce79,
	0xdedb, 0xdedb, 0xdedb, 0xdedb, 0xdedb, 0xdedb, 0xdedb, 0xdedb, 0xdedb, 0xdedb, 0xdedb, 0xdedb, 0xdedb, 0xdedb, 0xdedb, 0xdedb,
	0xdedb, 0xdedb, 0xdedb, 0xdedb, 0xce79, 0xc618, 0xc638, 0xc638, 0xc638, 0xc638, 0xc638, 0xc638, 0xc638, 0xc638, 0xc638, 0xc638,
	0xc638, 0xc638, 0xc638, 0xc638, 0xc638, 0xc638, 0xc638, 0xc638, 0xc638, 0xc638, 0xc638, 0xc638, 0xc638, 0xc638, 0xc638, 0xc638,
	0xc638, 0xc638, 0xc638, 0xc638, 0xc638, 0xc638, 0xc638, 0xc638, 0xc638, 0xc638, 0xc638, 0xc638, 0xc638, 0xc638, 0xc638, 0xc638,
	0xc638, 0xc638, 0xc638, 0xc638, 0xc638, 0xc638, 0xc638, 0xc638, 0xc638, 0xc638, 0xc638, 0xc638, 0xc638, 0xc638, 0xc638, 0xc638,
	0xc638, 0xc638, 0xc638, 0xc638, 0xc638, 0xc638, 0xc638, 0xc638, 0xc638, 0xc638, 0xc638, 0xc638, 0xc638, 0xc638, 0xc638, 0xc618,
	0xce59, 0xdedb, 0xdedb, 0xdedb, 0xdedb, 0xdedb, 0xdedb, 0xdedb, 0xdedb, 0xdedb, 0xdedb, 0xdedb, 0xdedb, 0xdedb, 0xdedb, 0xdedb,
	0xdedb, 0xdedb, 0xdedb, 0xdedb, 0xdedb, 0xdedb, 0xdedb, 0xce79, 0xdedb, 0xdedb, 0xdedb, 0xdedb, 0xdedb, 0xdedb, 0xdedb, 0xdedb,
	0xdedb, 0xdedb, 0xdedb, 0xdedb, 0xdedb, 0xdedb, 0xdedb, 0xdedb, 0xdedb, 0xdedb, 0xdedb, 0xef5d, 0x8c51, 0x0861, 0x1082, 0x1082,
	0x1082, 0x1082, 0x1082, 0x1082, 0x1082, 0x1082, 0x1082, 0x1082, 0x1082, 0x1082, 0x1082, 0x1082, 0x1082, 0x1082, 0x1082, 0x1082,
	0x1082, 0x1082, 0x1082, 0x1082, 0x1082, 0x1082, 0x1082, 0x1082, 0x1082, 0x1082, 0x1082, 0x1082, 0x1082, 0x1082, 0x1082, 0x1082,
	0x1082, 0x1082, 0x1082, 0x1082, 0x1082, 0x1082, 0x1082, 0x1082, 0x1082, 0x1082, 0x1082, 0x1082, 0x1082, 0x1082, 0x1082, 0x1082,
	0x1082, 0x1082, 0x1082, 0x1082, 0x1082, 0x1082, 0x1082, 0x1082, 0x1082, 0x1082, 0x1082, 0x1082, 0x1082, 0x1082, 0x1082, 0x1082,
	0x1082, 0x1082, 0x1082, 0x1082, 0x1082, 0x1082, 0x1082, 0x0861, 0x6b4d, 0xe73c, 0xdedb, 0xdedb, 0xdedb, 0xdedb, 0xdedb, 0xdedb,
	0xdedb, 0xdedb, 0xdedb, 0xdedb, 0xdedb, 0xdedb, 0xdedb, 0xdedb, 0xdedb, 0xdedb, 0xdedb, 0xdedb, 0xdedb, 0xdedb, 0xdedb, 0xce79,
	0xdedb, 0xdedb, 0xdedb, 0xdedb, 0xdedb, 0xdedb, 0xdedb, 0xdedb, 0xdedb, 0xdedb, 0xdedb, 0xdedb, 0xdedb, 0xdedb, 0xdedb, 0xdedb,
	0xdedb, 0xdedb, 0xdedb, 0xef5d, 0x8410, 0x0000, 0x0000, 0x0000, 0x0000, 0x0000, 0x0000, 0x0000, 0x0000, 0x0000, 0x0000, 0x0000,
	0x0000, 0x0000, 0x0000, 0x0000, 0x0000, 0x0000, 0x0000, 0x0000, 0x0000, 0x0000, 0x0000, 0x0000, 0x0000, 0x0000, 0x0000, 0x0000,
	0x0000, 0x0000, 0x0000, 0x0000, 0x0000, 0x0000, 0x0000, 0x0000, 0x0000, 0x0000, 0x0000, 0x0000, 0x0000, 0x0000, 0x0000, 0x0000,
	0x0000, 0x0000, 0x0000, 0x0000, 0x0000, 0x0000, 0x0000, 0x0000, 0x0000, 0x0000, 0x0000, 0x0000, 0x0000, 0x0000, 0x0000, 0x0000,
	0x0000, 0x0000, 0x0000, 0x0000, 0x0000, 0x0000, 0x0000, 0x0000, 0x0000, 0x0000, 0x0000, 0x0000, 0x0000, 0x0000, 0x0000, 0x0000,
	0x630c, 0xef5d, 0xdedb, 0xdedb, 0xdedb, 0xdedb, 0xdedb, 0xdedb, 0xdedb, 0xdedb, 0xdedb, 0xdedb, 0xdedb, 0xdedb, 0xdedb, 0xdedb,
	0xdedb, 0xdedb, 0xdedb, 0xdedb, 0xdedb, 0xdedb, 0xdedb, 0xce79, 0xdedb, 0xdedb, 0xdedb, 0xdedb, 0xdedb, 0xdedb, 0xdedb, 0xdedb,
	0xdedb, 0xdedb, 0xdedb, 0xdedb, 0xdedb, 0xdedb, 0xdedb, 0xdedb, 0xdedb, 0xdedb, 0xdedb, 0xef5d, 0x8430, 0x0000, 0x0000, 0x0000,
	0x0000, 0x0000, 0x0000, 0x0000, 0x0000, 0x0000, 0x0000, 0x0000, 0x0000, 0x0000, 0x0000, 0x0000, 0x0000, 0x0000, 0x0000, 0x0000,
	0x0000, 0x0000, 0x0000, 0x0000, 0x0000, 0x0000, 0x0000, 0x0000, 0x0000, 0x0000, 0x0000, 0x0000, 0x0000, 0x0000, 0x0000, 0x0000,
	0x0000, 0x0000, 0x0000, 0x0000, 0x0000, 0x0000, 0x0000, 0x0000, 0x0000, 0x0000, 0x0000, 0x0000, 0x0000, 0x0000, 0x0000, 0x0000,
	0x0000, 0x0000, 0x0000, 0x0000, 0x0000, 0x0000, 0x0000, 0x0000, 0x0000, 0x0000, 0x0000, 0x0000, 0x0000, 0x0000, 0x0000, 0x0000,
	0x0000, 0x0000, 0x0000, 0x0000, 0x0000, 0x0000, 0x0000, 0x0000, 0x632c, 0xef5d, 0xdedb, 0xdedb, 0xdedb, 0xdedb, 0xdedb, 0xdedb,
	0xdedb, 0xdedb, 0xdedb, 0xdedb, 0xdedb, 0xdedb, 0xdedb, 0xdedb, 0xdedb, 0xdedb, 0xdedb, 0xdedb, 0xdedb, 0xdedb, 0xdedb, 0xce79,
	0xdedb, 0xdedb, 0xdedb, 0xdedb, 0xdedb, 0xdedb, 0xdedb, 0xdedb, 0xdedb, 0xdedb, 0xdedb, 0xdedb, 0xdedb, 0xdedb, 0xdedb, 0xdedb,
	0xdedb, 0xdedb, 0xdedb, 0xef5d, 0x8430, 0x0000, 0x0000, 0x0000, 0x0000, 0x0000, 0x0000, 0x0000, 0x0000, 0x0000, 0x0000, 0x0000,
	0x0000, 0x0000, 0x0000, 0x0000, 0x0000, 0x0000, 0x0000, 0x0000, 0x0000, 0x0000, 0x0000, 0x0000, 0x0000, 0x0000, 0x0000, 0x0000,
	0x0000, 0x0000, 0x0000, 0x0000, 0x0000, 0x0000, 0x0000, 0x0000, 0x0000, 0x0000, 0x0000, 0x0000, 0x0000, 0x0000, 0x0000, 0x0000,
	0x0000, 0x0000, 0x0000, 0x0000, 0x0000, 0x0000, 0x0000, 0x0000, 0x0000, 0x0000, 0x0000, 0x0000, 0x0000, 0x0000, 0x0000, 0x0000,
	0x0000, 0x0000, 0x0000, 0x0000, 0x0000, 0x0000, 0x0000, 0x0000, 0x0000, 0x0000, 0x0000, 0x0000, 0x0000, 0x0000, 0x0000, 0x0000,
	0x632c, 0xef5d, 0xdedb, 0xdedb, 0xdedb, 0xdedb, 0xdedb, 0xdedb, 0xdedb, 0xdedb, 0xdedb, 0xdedb, 0xdedb, 0xdedb, 0xdedb, 0xdedb,
	0xdedb, 0xdedb, 0xdedb, 0xdedb, 0xdedb, 0xdedb, 0xdedb, 0xce79, 0xdedb, 0xdedb, 0xdedb, 0xdedb, 0xdedb, 0xdedb, 0xdedb, 0xdedb,
	0xdedb, 0xdedb, 0xdedb, 0xdedb, 0xdedb, 0xdedb, 0xdedb, 0xdedb, 0xdedb, 0xdedb, 0xdedb, 0xef5d, 0x8430, 0x0000, 0x0000, 0x0000,
	0x0000, 0x0000, 0x0000, 0x0000, 0x0000, 0x0000, 0x0000, 0x0000, 0x0000, 0x0000, 0x0000, 0x0000, 0x0000, 0x0000, 0x0000, 0x0000,
	0x0000, 0x0000, 0x0000, 0x0000, 0x0000, 0x0000, 0x0000, 0x0000, 0x0000, 0x0000, 0x0000, 0x0000, 0x0000, 0x0000, 0x0000, 0x0000,
	0x0000, 0x0000, 0x0000, 0x0000, 0x0000, 0x0000, 0x0000, 0x0000, 0x0000, 0x0000, 0x0000, 0x0000, 0x0000, 0x0000, 0x0000, 0x0000,
	0x0000, 0x0000, 0x0000, 0x0000, 0x0000, 0x0000, 0x0000, 0x0000, 0x0000, 0x0000, 0x0000, 0x0000, 0x0000, 0x0000, 0x0000, 0x0000,
	0x0000, 0x0000, 0x0000, 0x0000, 0x0000, 0x0000, 0x0000, 0x0000, 0x632c, 0xef5d, 0xdedb, 0xdedb, 0xdedb, 0xdedb, 0xdedb, 0xdedb,
	0xdedb, 0xdedb, 0xdedb, 0xdedb, 0xdedb, 0xdedb, 0xdedb, 0xdedb, 0xdedb, 0xdedb, 0xdedb, 0xdedb, 0xdedb, 0xdedb, 0xdedb, 0xce79,
	0xdedb, 0xdedb, 0xdedb, 0xdedb, 0xdedb, 0xdedb, 0xdedb, 0xdedb, 0xdedb, 0xdedb, 0xdedb, 0xdedb, 0xdedb, 0xdedb, 0xdedb, 0xdedb,
	0xdedb, 0xdedb, 0xdedb, 0xef5d, 0x8430, 0x0000, 0x0000, 0x0000, 0x0000, 0x0000, 0x0000, 0x0000, 0x0000, 0x0000, 0x0000, 0x0000,
	0x0000, 0x0000, 0x0000, 0x0000, 0x0000, 0x0000, 0x0000, 0x0000, 0x0000, 0x0000, 0x0000, 0x0000, 0x0000, 0x0000, 0x0000, 0x0000,
	0x0000, 0x0000, 0x0000, 0x0000, 0x0000, 0x0000, 0x0000, 0x0000, 0x0000, 0x0000, 0x0000, 0x0000, 0x0000, 0x0000, 0x0000, 0x0000,
	0x0000, 0x0000, 0x0000, 0x0000, 0x0000, 0x0000, 0x0000, 0x0000, 0x0000, 0x0000, 0x0000, 0x0000, 0x0000, 0x0000, 0x0000, 0x0000,
	0x0000, 0x0000, 0x0000, 0x0000, 0x0000, 0x0000, 0x0000, 0x0000, 0x0000, 0x0000, 0x0000, 0x0000, 0x0000, 0x0000, 0x0000, 0x0000,
	0x632c, 0xef5d, 0xdedb, 0xdedb, 0xdedb, 0xdedb, 0xdedb, 0xdedb, 0xdedb, 0xdedb, 0xdedb, 0xdedb, 0xdedb, 0xdedb, 0xdedb, 0xdedb,
	0xdedb, 0xdedb, 0xdedb, 0xdedb, 0xdedb, 0xdedb, 0xdedb, 0xce79, 0xdedb, 0xdedb, 0xdedb, 0xdedb, 0xdedb, 0xdedb, 0xdedb, 0xdedb,
	0xdedb, 0xdedb, 0xdedb, 0xdedb, 0xdedb, 0xdedb, 0xdedb, 0xdedb, 0xdedb, 0xdedb, 0xdedb, 0xef5d, 0x8430, 0x0000, 0x0000, 0x0000,
	0x0000, 0x0000, 0x0000, 0x0000, 0x0000, 0x0000, 0x0000, 0x0000, 0x0000, 0x0000, 0x0000, 0x0000, 0x0000, 0x0000, 0x0000, 0x0000,
	0x0000, 0x0000, 0x0000, 0x0000, 0x0000, 0x0000, 0x0000, 0x0000, 0x0000, 0x0000, 0x0000, 0x0000, 0x0000, 0x0000, 0x0000, 0x0000,
	0x0000, 0x0000, 0x0000, 0x0000, 0x0000, 0x0000, 0x0000, 0x0000, 0x0000, 0x0000, 0x0000, 0x0000, 0x0000, 0x0000, 0x0000, 0x0000,
	0x0000, 0x0000, 0x0000, 0x0000, 0x0000, 0x0000, 0x0000, 0x0000, 0x0000, 0x0000, 0x0000, 0x0000, 0x0000, 0x0000, 0x0000, 0x0000,
	0x0000, 0x0000, 0x0000, 0x0000, 0x0000, 0x0000, 0x0000, 0x0000, 0x632c, 0xef5d, 0xdedb, 0xdedb, 0xdedb, 0xdedb, 0xdedb, 0xdedb,
	0xdedb, 0xdedb, 0xdedb, 0xdedb, 0xdedb, 0xdedb, 0xdedb, 0xdedb, 0xdedb, 0xdedb, 0xdedb, 0xdedb, 0xdedb, 0xdedb, 0xdedb, 0xce79,
	0xdedb, 0xdedb, 0xdedb, 0xdedb, 0xdedb, 0xdedb, 0xdedb, 0xdedb, 0xdedb, 0xdedb, 0xdedb, 0xdedb, 0xdedb, 0xdedb, 0xdedb, 0xdedb,
	0xdedb, 0xdedb, 0xdedb, 0xef5d, 0x8430, 0x0000, 0x0000, 0x0000, 0x0000, 0x0000, 0x0000, 0x0000, 0x0000, 0x0000, 0x0000, 0x0000,
	0x0000, 0x0000, 0x0000, 0x0000, 0x0000, 0x0000, 0x0000, 0x0000, 0x0000, 0x0000, 0x0000, 0x0000, 0x0000, 0x0000, 0x0000, 0x0000,
	0x0000, 0x0000, 0x0000, 0x0000, 0x0000, 0x0000, 0x0000, 0x0000, 0x0000, 0x0000, 0x0000, 0x0000, 0x0000, 0x0000, 0x0000, 0x0000,
	0x0000, 0x0000, 0x0000, 0x0000, 0x0000, 0x0000, 0x0000, 0x0000, 0x0000, 0x0000, 0x0000, 0x0000, 0x0000, 0x0000, 0x0000, 0x0000,
	0x0000, 0x0000, 0x0000, 0x0000, 0x0000, 0x0000, 0x0000, 0x0000, 0x0000, 0x0000, 0x0000, 0x0000, 0x0000, 0x0000, 0x0000, 0x0000,
	0x632c, 0xef5d, 0xdedb, 0xdedb, 0xdedb, 0xdedb, 0xdedb, 0xdedb, 0xdedb, 0xdedb, 0xdedb, 0xdedb, 0xdedb, 0xdedb, 0xdedb, 0xdedb,
	0xdedb, 0xdedb, 0xdedb, 0xdedb, 0xdedb, 0xdedb, 0xdedb, 0xce79, 0xdedb, 0xdedb, 0xdedb, 0xdedb, 0xdedb, 0xdedb, 0xdedb, 0xdedb,
	0xdedb, 0xdedb, 0xdedb, 0xdedb, 0xdedb, 0xdedb, 0xdedb, 0xdedb, 0xdedb, 0xdedb, 0xdedb, 0xef5d, 0x8430, 0x0000, 0x0000, 0x0000,
	0x0000, 0x0000, 0x0000, 0x0000, 0x0000, 0x0000, 0x0000, 0x0000, 0x0000, 0x0000, 0x0000, 0x0000, 0x0000, 0x0000, 0x0000, 0x0000,
	0x0000, 0x0000, 0x0000, 0x0000, 0x0000, 0x0000, 0x0000, 0x0000, 0x0000, 0x0000, 0x0000, 0x0000, 0x0000, 0x0000, 0x0000, 0x0000,
	0x0000, 0x0000, 0x0000, 0x0000, 0x0000, 0x0000, 0x0000, 0x0000, 0x0000, 0x0000, 0x0000, 0x0000, 0x0000, 0x0000, 0x0000, 0x0000,
	0x0000, 0x0000, 0x0000, 0x0000, 0x0000, 0x0000, 0x0000, 0x0000, 0x0000, 0x0000, 0x0000, 0x0000, 0x0000, 0x0000, 0x0000, 0x0000,
	0x0000, 0x0000, 0x0000, 0x0000, 0x0000, 0x0000, 0x0000, 0x0000, 0x632c, 0xef5d, 0xdedb, 0xdedb, 0xdedb, 0xdedb, 0xdedb, 0xdedb,
	0xdedb, 0xdedb, 0xdedb, 0xdedb, 0xdedb, 0xdedb, 0xdedb, 0xdedb, 0xdedb, 0xdedb, 0xdedb, 0xdedb, 0xdedb, 0xdedb, 0xdedb, 0xce79,
	0xdedb, 0xdedb, 0xdedb, 0xdedb, 0xdedb, 0xdedb, 0xdedb, 0xdedb, 0xdedb, 0xdedb, 0xdedb, 0xdedb, 0xdedb, 0xdedb, 0xdedb, 0xdedb,
	0xdedb, 0xdedb, 0xdedb, 0xef5d, 0x8430, 0x0000, 0x0000, 0x0000, 0x0000, 0x0000, 0x0000, 0x0000, 0x0000, 0x0000, 0x0000, 0x0000,
	0x0000, 0x0000, 0x0000, 0x0000, 0x0000, 0x0000, 0x0000, 0x0000, 0x0000, 0x0000, 0x0000, 0x0000, 0x0000, 0x0000, 0x0000, 0x0000,
	0x0000, 0x0000, 0x0000, 0x0000, 0x0000, 0x0000, 0x0000, 0x0000, 0x0000, 0x0000, 0x0000, 0x0000, 0x0000, 0x0000, 0x0000, 0x0000,
	0x0000, 0x0000, 0x0000, 0x0000, 0x0000, 0x0000, 0x0000, 0x0000, 0x0000, 0x0000, 0x0000, 0x0000, 0x0000, 0x0000, 0x0000, 0x0000,
	0x0000, 0x0000, 0x0000, 0x0000, 0x0000, 0x0000, 0x0000, 0x0000, 0x0000, 0x0000, 0x0000, 0x0000, 0x0000, 0x0000, 0x0000, 0x0000,
	0x632c, 0xef5d, 0xdedb, 0xdedb, 0xdedb, 0xdedb, 0xdedb, 0xdedb, 0xdedb, 0xdedb, 0xdedb, 0xdedb, 0xdedb, 0xdedb, 0xdedb, 0xdedb,
	0xdedb, 0xdedb, 0xdedb, 0xdedb, 0xdedb, 0xdedb, 0xdedb, 0xce79, 0xdedb, 0xdedb, 0xdedb, 0xdedb, 0xdedb, 0xdedb, 0xdedb, 0xdedb,
	0xdedb, 0xdedb, 0xdedb, 0xdedb, 0xdedb, 0xdedb, 0xdedb, 0xdedb, 0xdedb, 0xdedb, 0xdedb, 0xef5d, 0x8430, 0x0000, 0x0000, 0x0000,
	0x0000, 0x0000, 0x0000, 0x0000, 0x0000, 0x0000, 0x0000, 0x0000, 0x0000, 0x0000, 0x0000, 0x0000, 0x0000, 0x0000, 0x0000, 0x0000,
	0x0000, 0x0000, 0x0000, 0x0000, 0x0000, 0x0000, 0x0000, 0x0000, 0x0000, 0x0000, 0x0000, 0x0000, 0x0000, 0x0000, 0x0000, 0x0000,
	0x0000, 0x0000, 0x0000, 0x0000, 0x0000, 0x0000, 0x0000, 0x0000, 0x0000, 0x0000, 0x0000, 0x0000, 0x0000, 0x0000, 0x0000, 0x0000,
	0x0000, 0x0000, 0x0000, 0x0000, 0x0000, 0x0000, 0x0000, 0x0000, 0x0000, 0x0000, 0x0000, 0x0000, 0x0000, 0x0000, 0x0000, 0x0000,
	0x0000, 0x0000, 0x0000, 0x0000, 0x0000, 0x0000, 0x0000, 0x0000, 0x632c, 0xef5d, 0xdedb, 0xdedb, 0xdedb, 0xdedb, 0xdedb, 0xdedb,
	0xdedb, 0xdedb, 0xdedb, 0xdedb, 0xdedb, 0xdedb, 0xdedb, 0xdedb, 0xdedb, 0xdedb, 0xdedb, 0xdedb, 0xdedb, 0xdedb, 0xdedb, 0xce79,
	0xdedb, 0xdedb, 0xdedb, 0xdedb, 0xdedb, 0xdedb, 0xdedb, 0xdedb, 0xdedb, 0xdedb, 0xdedb, 0xdedb, 0xdedb, 0xdedb, 0xdedb, 0xdedb,
	0xdedb, 0xdedb, 0xdedb, 0xef5d, 0x8430, 0x0000, 0x0000, 0x0000, 0x0000, 0x0000, 0x0000, 0x0000, 0x0000, 0x0000, 0x0000, 0x0000,
	0x0000, 0x0000, 0x0000, 0x0000, 0x0000, 0x0000, 0x0000, 0x0000, 0x0000, 0x0000, 0x0000, 0x0000, 0x0000, 0x0000, 0x0000, 0x0000,
	0x0000, 0x0000, 0x0000, 0x0000, 0x0000, 0x0000, 0x0000, 0x0000, 0x0000, 0x0000, 0x0000, 0x0000, 0x0000, 0x0000, 0x0000, 0x0000,
	0x0000, 0x0000, 0x0000, 0x0000, 0x0000, 0x0000, 0x0000, 0x0000, 0x0000, 0x0000, 0x0000, 0x0000, 0x0000, 0x0000, 0x0000, 0x0000,
	0x0000, 0x0000, 0x0000, 0x0000, 0x0000, 0x0000, 0x0000, 0x0000, 0x0000, 0x0000, 0x0000, 0x0000, 0x0000, 0x0000, 0x0000, 0x0000,
	0x632c, 0xef5d, 0xdedb, 0xdedb, 0xdedb, 0xdedb, 0xdedb, 0xdedb, 0xdedb, 0xdedb, 0xdedb, 0xdedb, 0xdedb, 0xdedb, 0xdedb, 0xdedb,
	0xdedb, 0xdedb, 0xdedb, 0xdedb, 0xdedb, 0xdedb, 0xdedb, 0xce79, 0xdedb, 0xdedb, 0xdedb, 0xdedb, 0xdedb, 0xdedb, 0xdedb, 0xdedb,
	0xdedb, 0xdedb, 0xdedb, 0xdedb, 0xdedb, 0xdedb, 0xdedb, 0xdedb, 0xdedb, 0xdedb, 0xdedb, 0xef5d, 0x8410, 0x0000, 0x0000, 0x0000,
	0x0000, 0x0000, 0x0000, 0x0000, 0x0000, 0x0000, 0x0000, 0x0000, 0x0000, 0x0000, 0x0000, 0x0000, 0x0000, 0x0000, 0x0000, 0x0000,
	0x0000, 0x0000, 0x0000, 0x0000, 0x0000, 0x0000, 0x0000, 0x0000, 0x0000, 0x0000, 0x0000, 0x0000, 0x0000, 0x0000, 0x0000, 0x0000,
	0x0000, 0x0000, 0x0000, 0x0000, 0x0000, 0x0000, 0x0000, 0x0000, 0x0000, 0x0000, 0x0000, 0x0000, 0x0000, 0x0000, 0x0000, 0x0000,
	0x0000, 0x0000, 0x0000, 0x0000, 0x0000, 0x0000, 0x0000, 0x0000, 0x0000, 0x0000, 0x0000, 0x0000, 0x0000, 0x0000, 0x0000, 0x0000,
	0x0000, 0x0000, 0x0000, 0x0000, 0x0000, 0x0000, 0x0000, 0x0000, 0x630c, 0xef5d, 0xdedb, 0xdedb, 0xdedb, 0xdedb, 0xdedb, 0xdedb,
	0xdedb, 0xdedb, 0xdedb, 0xdedb, 0xdedb, 0xdedb, 0xdedb, 0xdedb, 0xdedb, 0xdedb, 0xdedb, 0xdedb, 0xdedb, 0xdedb, 0xdedb, 0xce79,
	0xdedb, 0xdedb, 0xdedb, 0xdedb, 0xdedb, 0xdedb, 0xdedb, 0xdedb, 0xdedb, 0xdedb, 0xdedb, 0xdedb, 0xdedb, 0xdedb, 0xdedb, 0xdedb,
	0xdedb, 0xdedb, 0xdedb, 0xe73c, 0x8c71, 0x18c3, 0x18c3, 0x18c3, 0x18c3, 0x18c3, 0x18c3, 0x18c3, 0x18c3, 0x18c3, 0x18c3, 0x18c3,
	0x18c3, 0x18c3, 0x18c3, 0x18c3, 0x18c3, 0x18c3, 0x18c3, 0x18c3, 0x18c3, 0x18c3, 0x18c3, 0x18c3, 0x18c3, 0x18c3, 0x18c3, 0x18c3,
	0x18c3, 0x18c3, 0x18c3, 0x18c3, 0x18c3, 0x18c3, 0x18c3, 0x18c3, 0x18c3, 0x18c3, 0x18c3, 0x18c3, 0x18c3, 0x18c3, 0x18c3, 0x18c3,
	0x18c3, 0x18c3, 0x18c3, 0x18c3, 0x18c3, 0x18c3, 0x18c3, 0x18c3, 0x18c3, 0x18c3, 0x18c3, 0x18c3, 0x18c3, 0x18c3, 0x18c3, 0x18c3,
	0x18c3, 0x18c3, 0x18c3, 0x18c3, 0x18c3, 0x18c3, 0x18c3, 0x18c3, 0x18c3, 0x18c3, 0x18c3, 0x18c3, 0x18c3, 0x18c3, 0x18c3, 0x18c3,
	0x6b6d, 0xe73c, 0xdedb, 0xdedb, 0xdedb, 0xdedb, 0xdedb, 0xdedb, 0xdedb, 0xdedb, 0xdedb, 0xdedb, 0xdedb, 0xdedb, 0xdedb, 0xdedb,
	0xdedb, 0xdedb, 0xdedb, 0xdedb, 0xdedb, 0xdedb, 0xdedb, 0xce79, 0xdedb, 0xdedb, 0xdedb, 0xdedb, 0xdedb, 0xdedb, 0xdedb, 0xdedb,
	0xdedb, 0xdedb, 0xdedb, 0xdedb, 0xdedb, 0xdedb, 0xdedb, 0xdedb, 0xdedb, 0xdedb, 0xdedb, 0xdedb, 0xd69a, 0xce59, 0xce79, 0xce79,
	0xce79, 0xce79, 0xce79, 0xce79, 0xce79, 0xce79, 0xce79, 0xce79, 0xce79, 0xce79, 0xce79, 0xce79, 0xce79, 0xce79, 0xce79, 0xce79,
	0xce79, 0xce79, 0xce79, 0xce79, 0xce79, 0xce79, 0xce79, 0xce79, 0xce79, 0xce79, 0xce79, 0xce79, 0xce79, 0xce79, 0xce79, 0xce79,
	0xce79, 0xce79, 0xce79, 0xce79, 0xce79, 0xce79, 0xce79, 0xce79, 0xce79, 0xce79, 0xce79, 0xce79, 0xce79, 0xce79, 0xce79, 0xce79,
	0xce79, 0xce79, 0xce79, 0xce79, 0xce79, 0xce79, 0xce79, 0xce79, 0xce79, 0xce79, 0xce79, 0xce79, 0xce79, 0xce79, 0xce79, 0xce79,
	0xce79, 0xce79, 0xce79, 0xce79, 0xce79, 0xce79, 0xce79, 0xce79, 0xce79, 0xdedb, 0xdedb, 0xdedb, 0xdedb, 0xdedb, 0xdedb, 0xdedb,
	0xdedb, 0xdedb, 0xdedb, 0xdedb, 0xdedb, 0xdedb, 0xdedb, 0xdedb, 0xdedb, 0xdedb, 0xdedb, 0xdedb, 0xdedb, 0xdedb, 0xdedb, 0xce79,
	0xdedb, 0xdedb, 0xdedb, 0xdedb, 0xdedb, 0xdedb, 0xdedb, 0xdedb, 0xdedb, 0xdedb, 0xdedb, 0xdedb, 0xdedb, 0xdedb, 0xdedb, 0xdedb,
	0xdedb, 0xdedb, 0xdedb, 0xdedb, 0xdedb, 0xdefb, 0xdefb, 0xdefb, 0xdefb, 0xdefb, 0xdefb, 0xdefb, 0xdefb, 0xdefb, 0xdefb, 0xdefb,
	0xdefb, 0xdefb, 0xdefb, 0xdefb, 0xdefb, 0xdefb, 0xdefb, 0xdefb, 0xdefb, 0xdefb, 0xdefb, 0xdefb, 0xdefb, 0xdefb, 0xdefb, 0xdefb,
	0xdefb, 0xdefb, 0xdefb, 0xdefb, 0xdefb, 0xdefb, 0xdefb, 0xdefb, 0xdefb, 0xdefb, 0xdefb, 0xdefb, 0xdefb, 0xdefb, 0xdefb, 0xdefb,
	0xdefb, 0xdefb, 0xdefb, 0xdefb, 0xdefb, 0xdefb, 0xdefb, 0xdefb, 0xdefb, 0xdefb, 0xdefb, 0xdefb, 0xdefb, 0xdefb, 0xdefb, 0xdefb,
	0xdefb, 0xdefb, 0xdefb, 0xdefb, 0xdefb, 0xdefb, 0xdefb, 0xdefb, 0xdefb, 0xdefb, 0xdefb, 0xdefb, 0xdefb, 0xdefb, 0xdefb, 0xdefb,
	0xdefb, 0xdedb, 0xdedb, 0xdedb, 0xdedb, 0xdedb, 0xdedb, 0xdedb, 0xdedb, 0xdedb, 0xdedb, 0xdedb, 0xdedb, 0xdedb, 0xdedb, 0xdedb,
	0xdedb, 0xdedb, 0xdedb, 0xdedb, 0xdedb, 0xdedb, 0xdedb, 0xce79, 0xdedb, 0xdedb, 0xdedb, 0xdedb, 0xdedb, 0xdedb, 0xdedb, 0xdedb,
	0xdedb, 0xdedb, 0xdedb, 0xdedb, 0xdedb, 0xdedb, 0xdedb, 0xdedb, 0xdedb, 0xdedb, 0xdedb, 0xdedb, 0xdedb, 0xdedb, 0xdedb, 0xdedb,
	0xdedb, 0xdedb, 0xdedb, 0xdedb, 0xdedb, 0xdedb, 0xdedb, 0xdedb, 0xdedb, 0xdedb, 0xdedb, 0xdedb, 0xdedb, 0xdedb, 0xdedb, 0xdedb,
	0xdedb, 0xdedb, 0xdedb, 0xdedb, 0xdedb, 0xdedb, 0xdedb, 0xdedb, 0xdedb, 0xdedb, 0xdedb, 0xdedb, 0xdedb, 0xdedb, 0xdedb, 0xdedb,
	0xdedb, 0xdedb, 0xdedb, 0xdedb, 0xdedb, 0xdedb, 0xdedb, 0xdedb, 0xdedb, 0xdedb, 0xdedb, 0xdedb, 0xdedb, 0xdedb, 0xdedb, 0xdedb,
	0xdedb, 0xdedb, 0xdedb, 0xdedb, 0xdedb, 0xdedb, 0xdedb, 0xdedb, 0xdedb, 0xdedb, 0xdedb, 0xdedb, 0xdedb, 0xdedb, 0xdedb, 0xdedb,
	0xdedb, 0xdedb, 0xdedb, 0xdedb, 0xdedb, 0xdedb, 0xdedb, 0xdedb, 0xdedb, 0xdedb, 0xdedb, 0xdedb, 0xdedb, 0xdedb, 0xdedb, 0xdedb,
	0xdedb, 0xdedb, 0xdedb, 0xdedb, 0xdedb, 0xdedb, 0xdedb, 0xdedb, 0xdedb, 0xdedb, 0xdedb, 0xdedb, 0xdedb, 0xdedb, 0xdedb, 0xce79,
	0xdedb, 0xdedb, 0xdedb, 0xdedb, 0xdedb, 0xdedb, 0xdedb, 0xdedb, 0xdedb, 0xdedb, 0xdedb, 0xdedb, 0xdedb, 0xdedb, 0xdedb, 0xdedb,
	0xdedb, 0xdedb, 0xdedb, 0xdedb, 0xdedb, 0xdedb, 0xdedb, 0xdedb, 0xdedb, 0xdedb, 0xdedb, 0xdedb, 0xdedb, 0xdedb, 0xdedb, 0xdedb,
	0xdedb, 0xdedb, 0xdedb, 0xdedb, 0xdedb, 0xdedb, 0xdedb, 0xdedb, 0xdedb, 0xdedb, 0xdedb, 0xdedb, 0xdedb, 0xdedb, 0xdedb, 0xdedb,
	0xdedb, 0xdedb, 0xdedb, 0xdedb, 0xdedb, 0xdedb, 0xdedb, 0xdedb, 0xdedb, 0xdedb, 0xdedb, 0xdedb, 0xdedb, 0xdedb, 0xdedb, 0xdedb,
	0xdedb, 0xdedb, 0xdedb, 0xdedb, 0xdedb, 0xdedb, 0xdedb, 0xdedb, 0xdedb, 0xdedb, 0xdedb, 0xdedb, 0xdedb, 0xdedb, 0xdedb, 0xdedb,
	0xdedb, 0xdedb, 0xdedb, 0xdedb, 0xdedb, 0xdedb, 0xdedb, 0xdedb, 0xdedb, 0xdedb, 0xdedb, 0xdedb, 0xdedb, 0xdedb, 0xdedb, 0xdedb,
	0xdedb, 0xdedb, 0xdedb, 0xdedb, 0xdedb, 0xdedb, 0xdedb, 0xdedb, 0xdedb, 0xdedb, 0xdedb, 0xdedb, 0xdedb, 0xdedb, 0xdedb, 0xdedb,
	0xdedb, 0xdedb, 0xdedb, 0xdedb, 0xdedb, 0xdedb, 0xdedb, 0xce79, 0xdedb, 0xdedb, 0xdedb, 0xdedb, 0xdedb, 0xdedb, 0xdedb, 0xdedb,
	0xdedb, 0xdedb, 0xdedb, 0xdedb, 0xdedb, 0xdedb, 0xdedb, 0xdedb, 0xdedb, 0xdedb, 0xdedb, 0xdedb, 0xdedb, 0xdedb, 0xdedb, 0xdedb,
	0xdedb, 0xdedb, 0xdedb, 0xdedb, 0xdedb, 0xdedb, 0xdedb, 0xdedb, 0xdedb, 0xdedb, 0xdedb, 0xdedb, 0xdedb, 0xdedb, 0xdedb, 0xdedb,
	0xdedb, 0xdedb, 0xdedb, 0xdedb, 0xdedb, 0xdedb, 0xdedb, 0xdedb, 0xdedb, 0xdedb, 0xdedb, 0xdedb, 0xdedb, 0xdedb, 0xdedb, 0xdedb,
	0xdedb, 0xdedb, 0xdedb, 0xdedb, 0xdedb, 0xdedb, 0xdedb, 0xdedb, 0xdedb, 0xdedb, 0xdedb, 0xdedb, 0xdedb, 0xdedb, 0xdedb, 0xdedb,
	0xdedb, 0xdedb, 0xdedb, 0xdedb, 0xdedb, 0xdedb, 0xdedb, 0xdedb, 0xdedb, 0xdedb, 0xdedb, 0xdedb, 0xdedb, 0xdedb, 0xdedb, 0xdedb,
	0xdedb, 0xdedb, 0xdedb, 0xdedb, 0xdedb, 0xdedb, 0xdedb, 0xdedb, 0xdedb, 0xdedb, 0xdedb, 0xdedb, 0xdedb, 0xdedb, 0xdedb, 0xdedb,
	0xdedb, 0xdedb, 0xdedb, 0xdedb, 0xdedb, 0xdedb, 0xdedb, 0xdedb, 0xdedb, 0xdedb, 0xdedb, 0xdedb, 0xdedb, 0xdedb, 0xdedb, 0xce79,
	0xdedb, 0xdedb, 0xdedb, 0xdedb, 0xdedb, 0xdedb, 0xdedb, 0xdedb, 0xdedb, 0xdedb, 0xdedb, 0xdedb, 0xdedb, 0xdedb, 0xdedb, 0xdedb,
	0xdedb, 0xdedb, 0xdedb, 0xdedb, 0xdedb, 0xdedb, 0xdedb, 0xdedb, 0xdedb, 0xdedb, 0xdedb, 0xdedb, 0xdedb, 0xdedb, 0xdedb, 0xdedb,
	0xdedb, 0xdedb, 0xdedb, 0xdedb, 0xdedb, 0xdedb, 0xdedb, 0xdedb, 0xdedb, 0xdedb, 0xdedb, 0xdedb, 0xdedb, 0xdedb, 0xdedb, 0xdedb,
	0xdedb, 0xdedb, 0xdedb, 0xdedb, 0xdedb, 0xdedb, 0xdedb, 0xdedb, 0xdedb, 0xdedb, 0xdedb, 0xdedb, 0xdedb, 0xdedb, 0xdedb, 0xdedb,
	0xdedb, 0xdedb, 0xdedb, 0xdedb, 0xdedb, 0xdedb, 0xdedb, 0xdedb, 0xdedb, 0xdedb, 0xdedb, 0xdedb, 0xdedb, 0xdedb, 0xdedb, 0xdedb,
	0xdedb, 0xdedb, 0xdedb, 0xdedb, 0xdedb, 0xdedb, 0xdedb, 0xdedb, 0xdedb, 0xdedb, 0xdedb, 0xdedb, 0xdedb, 0xdedb, 0xdedb, 0xdedb,
	0xdedb, 0xdedb, 0xdedb, 0xdedb, 0xdedb, 0xdedb, 0xdedb, 0xdedb, 0xdedb, 0xdedb, 0xdedb, 0xdedb, 0xdedb, 0xdedb, 0xdedb, 0xdedb,
	0xdedb, 0xdedb, 0xdedb, 0xdedb, 0xdedb, 0xdedb, 0xdedb, 0xce79, 0xdefb, 0xdefb, 0xdefb, 0xdefb, 0xdefb, 0xdefb, 0xdefb, 0xdefb,
	0xdefb, 0xdefb, 0xdefb, 0xdefb, 0xdefb, 0xdefb, 0xdefb, 0xdefb, 0xdefb, 0xdefb, 0xdefb, 0xdefb, 0xdefb, 0xdefb, 0xdefb, 0xdefb,
	0xdefb, 0xdefb, 0xdefb, 0xdefb, 0xdefb, 0xdefb, 0xdefb, 0xdefb, 0xdefb, 0xdefb, 0xdefb, 0xdefb, 0xdefb, 0xdefb, 0xdefb, 0xdefb,
	0xdefb, 0xdefb, 0xdefb, 0xdefb, 0xdefb, 0xdefb, 0xdefb, 0xdefb, 0xdefb, 0xdefb, 0xdefb, 0xdefb, 0xdefb, 0xdefb, 0xdefb, 0xdefb,
	0xdefb, 0xdefb, 0xdefb, 0xdefb, 0xdefb, 0xdefb, 0xdefb, 0xdefb, 0xdefb, 0xdefb, 0xdefb, 0xdefb, 0xdefb, 0xdefb, 0xdefb, 0xdefb,
	0xdefb, 0xdefb, 0xdefb, 0xdefb, 0xdefb, 0xdefb, 0xdefb, 0xdefb, 0xdefb, 0xdefb, 0xdefb, 0xdefb, 0xdefb, 0xdefb, 0xdefb, 0xdefb,
	0xdefb, 0xdefb, 0xdefb, 0xdefb, 0xdefb, 0xdefb, 0xdefb, 0xdefb, 0xdefb, 0xdefb, 0xdefb, 0xdefb, 0xdefb, 0xdefb, 0xdefb, 0xdefb,
	0xdefb, 0xdefb, 0xdefb, 0xdefb, 0xdefb, 0xdefb, 0xdefb, 0xdefb, 0xdefb, 0xdefb, 0xdefb, 0xdefb, 0xdefb, 0xdefb, 0xe71c, 0xd69a,
	0xdefb, 0xdefb, 0xdefb, 0xdefb, 0xdefb, 0xdefb, 0xdefb, 0xdefb, 0xdefb, 0xdefb, 0xdefb, 0xdefb, 0xdefb, 0xdefb, 0xdefb, 0xdefb,
	0xdefb, 0xdefb, 0xdefb, 0xdefb, 0xdefb, 0xdefb, 0xdefb, 0xdefb, 0xdefb, 0xdefb, 0xdefb, 0xdefb, 0xdefb, 0xdefb, 0xdefb, 0xdefb,
	0xdefb, 0xdefb, 0xdefb, 0xdefb, 0xdefb, 0xdefb, 0xdefb, 0xdefb, 0xdefb, 0xdefb, 0xdefb, 0xdefb, 0xdefb, 0xdefb, 0xdefb, 0xdefb,
	0xdefb, 0xdefb, 0xdefb, 0xdefb, 0xdefb, 0xdefb, 0xdefb, 0xdefb, 0xdefb, 0xdefb, 0xdefb, 0xdefb, 0xdefb, 0xdefb, 0xdefb, 0xdefb,
	0xdefb, 0xdefb, 0xdefb, 0xdefb, 0xdefb, 0xdefb, 0xdefb, 0xdefb, 0xdefb, 0xdefb, 0xdefb, 0xdefb, 0xdefb, 0xdefb, 0xdefb, 0xdefb,
	0xdefb, 0xdefb, 0xdefb, 0xdefb, 0xdefb, 0xdefb, 0xdefb, 0xdefb, 0xdefb, 0xdefb, 0xdefb, 0xdefb, 0xdefb, 0xdefb, 0xdefb, 0xdefb,
	0xdefb, 0xdefb, 0xdefb, 0xdefb, 0xdefb, 0xdefb, 0xdefb, 0xdefb, 0xdefb, 0xdefb, 0xdefb, 0xdefb, 0xdefb, 0xdefb, 0xdefb, 0xdefb,
	0xdefb, 0xdefb, 0xdefb, 0xdefb, 0xdefb, 0xdefb, 0xdefb, 0xdefb, 0xdefb, 0xdefb, 0xdefb, 0xdefb, 0xdefb, 0xdefb, 0xe71c, 0xd69a,
	0xdefb, 0xdefb, 0xdefb, 0xdefb, 0xdefb, 0xdefb, 0xdefb, 0xdefb, 0xdefb, 0xdefb, 0xdefb, 0xdefb, 0xdefb, 0xdefb, 0xdefb, 0xdefb,
	0xdefb, 0xdefb, 0xdefb, 0xdefb, 0xdefb, 0xdefb, 0xdefb, 0xdefb, 0xdefb, 0xdefb, 0xdefb, 0xdefb, 0xdefb, 0xdefb, 0xdefb, 0xdefb,
	0xdefb, 0xdefb, 0xdefb, 0xdefb, 0xdefb, 0xdefb, 0xdefb, 0xdefb, 0xdefb, 0xdefb, 0xdefb, 0xdefb, 0xdefb, 0xdefb, 0xdefb, 0xdefb,
	0xdefb, 0xdefb, 0xdefb, 0xdefb, 0xdefb, 0xdefb, 0xdefb, 0xdefb, 0xdefb, 0xdefb, 0xdefb, 0xdefb, 0xdefb, 0xdefb, 0xdefb, 0xdefb,
	0xdefb, 0xdefb, 0xdefb, 0xdefb, 0xdefb, 0xdefb, 0xdefb, 0xdefb, 0xdefb, 0xdefb, 0xdefb, 0xdefb, 0xdefb, 0xdefb, 0xdefb, 0xdefb,
	0xdefb, 0xdefb, 0xdefb, 0xdefb, 0xdefb, 0xdefb, 0xdefb, 0xdefb, 0xdefb, 0xdefb, 0xdefb, 0xdefb, 0xdefb, 0xdefb, 0xdefb, 0xdefb,
	0xdefb, 0xdefb, 0xdefb, 0xdefb, 0xdefb, 0xdefb, 0xdefb, 0xdefb, 0xdefb, 0xdefb, 0xdefb, 0xdefb, 0xdefb, 0xdefb, 0xdefb, 0xdefb,

};

